flow_id,label,prob_label_1,pred
522872073268161,1,1.0,1
522920726303049,0,0.0,0
522928050697957,0,0.0,0
522965544382314,1,1.0,1
522968947027534,0,0.0,0
522973799529533,0,0.0,0
522976487647261,0,0.0,0
523034679061968,0,0.0,0
523086640971520,0,0.0,0
523143587139864,0,0.0,0
523300052825289,0,0.0,0
523350310242382,0,0.0,0
523354033541714,0,0.0,0
523452216736372,0,0.0,0
523541313315348,0,0.0,0
523541920707557,0,0.0,0
523602641789433,0,0.0,0
523607366724881,0,0.0,0
523608144145139,0,0.0,0
523656402343973,0,0.0,0
523658243279541,0,0.0,0
523767626206878,0,0.0,0
523768805048025,0,0.0,0
523815288038617,0,0.0,0
523815918670273,0,0.0,0
523819156376671,0,0.0,0
523823776951454,0,0.0,0
523886958236390,0,0.0,0
523923094006213,0,0.0,0
524032421023411,0,0.0,0
524550205409518,0,0.0,0
524611251687018,0,1.0,1
524691468349340,0,0.0,0
524738389650653,0,0.0,0
524886249856723,0,0.0,0
524942191490543,0,0.0,0
525048804183244,0,0.0,0
525378800423699,0,0.0,0
525380885940042,0,0.0,0
525452112502030,0,0.0,0
525559966005790,1,1.0,1
525563236346684,0,0.0,0
526026700307400,0,0.0,0
526091461760222,0,0.0,0
526096892609320,0,0.0,0
526262884356825,0,0.0,0
526503208532919,0,0.0,0
526660772455624,0,0.0,0
526775619752744,0,0.0,0
526785292057253,0,0.0,0
526831409828553,1,1.0,1
526835420654018,0,0.0,0
526841990264685,0,0.0,0
526845482563834,0,0.0,0
526889298734215,0,0.0,0
526897454618971,0,0.0,0
527040126660903,1,1.0,1
527045599300465,0,0.0,0
527050792094510,0,0.0,0
527218328798390,0,0.0,0
527263715485736,0,0.0,0
527269555258406,0,0.0,0
527279313661941,0,0.0,0
527279363258733,0,0.0,0
527280683631738,0,0.0,0
527340772014934,1,1.0,1
527380550715705,0,0.0,0
527426336463854,0,0.0,0
527636620837752,0,0.0,0
527640039609768,0,0.0,0
527684908895781,0,0.0,0
527769398076722,0,0.0,0
528108554652186,0,0.0,0
528158694690556,0,0.0,0
528167661509426,0,0.0,0
528220980519682,0,0.0,0
528238040995335,0,0.0,0
528293998253346,0,0.0,0
528493699574116,0,0.0,0
528626490897946,0,0.0,0
528784936232235,0,0.0,0
528917303017983,0,0.0,0
528960452803036,0,0.0,0
529088507922056,0,0.0,0
529195131232454,0,0.0,0
529202065948993,0,0.0,0
529247008902520,0,0.0,0
529304639502090,0,0.0,0
529311461885481,0,0.0,0
529312084434064,0,0.0,0
529319282060052,0,0.0,0
529320692632063,0,0.0,0
529324920697328,0,0.0,0
529508231186966,0,0.0,0
529566302587824,0,0.0,0
529677221570420,0,0.0,0
529686103520829,0,0.0,0
529747067851974,0,0.0,0
529801404858077,0,1.0,1
530081337404952,1,1.0,1
530086454664549,0,0.0,0
530090879428945,0,0.0,0
530091053814463,0,0.0,0
530174763708630,0,0.0,0
530223168917357,0,0.0,0
530420745141886,0,0.0,0
530435179377058,0,0.0,0
530602849418109,0,0.0,0
530708854838035,0,0.0,0
530711755802565,0,0.0,0
530740210960024,0,0.0,0
530745447935284,0,0.0,0
531003074528438,0,0.0,0
531041611921943,0,0.0,0
531143714307405,0,1.0,1
531210963864459,0,0.0,0
531216635827766,0,0.0,0
531351775178246,1,1.0,1
531418751213298,0,0.0,0
531424219259078,0,0.0,0
531777712913412,0,0.0,0
532053475724767,0,0.0,0
532053687029496,0,0.0,0
532277777624760,0,0.0,0
532285861574872,0,0.0,0
532288161311150,0,0.0,0
532365215523815,0,0.0,0
532429033528852,0,0.0,0
532434545699710,1,1.0,1
532894843374990,0,0.0,0
532898690449614,0,0.0,0
532901153735340,0,0.0,0
533203965081110,0,0.0,0
533356983755247,0,0.0,0
533357998145438,0,0.0,0
533412377709015,0,0.0,0
533780130275013,0,0.0,0
533835658862085,0,0.0,0
533839095514143,0,0.0,0
533843145887402,0,0.0,0
533844167539291,0,0.0,0
533850851337928,0,0.0,0
533912331484361,0,0.0,0
534086948504229,0,0.0,0
534091563316527,0,0.0,0
534091879459866,0,0.0,0
534092778433658,1,1.0,1
534158571383297,0,0.0,0
534162988653642,0,0.0,0
534230869311272,0,0.0,0
534429629176579,0,0.0,0
534546450674918,0,0.0,0
534552407695054,0,0.0,0
534670854579086,1,1.0,1
534768600000953,0,0.0,0
534932122934567,0,0.0,0
535065543293700,0,0.0,0
535124596733030,0,0.0,0
535230600159982,0,0.0,0
535239906045315,0,0.0,0
535438452928138,0,0.0,0
535502133196118,0,0.0,0
535504716122960,0,0.0,0
535807323407880,0,0.0,0
535807386885778,0,0.0,0
535810358968001,0,0.0,0
535920601737395,0,0.0,0
536221365070449,0,0.0,0
536273925663735,0,0.0,0
536278322844011,0,0.0,0
536281152384525,0,0.0,0
536284824849759,1,1.0,1
536285279203857,0,0.0,0
536438075703445,0,0.0,0
536439031421839,0,0.0,0
536612046457105,0,0.0,0
536736466187129,0,0.0,0
536836347964608,1,1.0,1
537037884113692,1,1.0,1
537088706735105,0,0.0,0
537343951368359,0,1.0,1
537530049836828,0,0.0,0
537577819100338,0,0.0,0
537793061926408,0,0.0,0
537923437104187,0,0.0,0
537929495753513,0,0.0,0
537932820556243,0,0.0,0
537963694607578,0,0.0,0
538026578314985,0,0.0,0
538030115898631,0,0.0,0
538145922384592,1,1.0,1
538194481090024,0,0.0,0
538262398227665,0,0.0,0
538550660868600,0,0.0,0
538551060927348,0,0.0,0
538614781063741,0,0.0,0
538727257107980,0,0.0,0
539212930186717,0,0.0,0
539252671061580,0,0.0,0
539354094526640,0,0.0,0
539419932537545,0,0.0,0
539425036715865,0,0.0,0
539490569278775,0,0.0,0
539945258264834,1,1.0,1
540005645229989,0,0.0,0
540089104671779,0,0.0,0
540092627791473,0,0.0,0
540094434629494,0,0.0,0
540142516146831,0,0.0,0
540147880869913,0,0.0,0
540989755261471,0,0.0,0
540990701964517,0,0.0,0
541093899851333,1,1.0,1
541198160672861,0,0.0,0
541409402366378,0,0.0,0
541410863185259,0,0.0,0
541457934325509,0,0.0,0
541640997723277,0,0.0,0
541641226539221,0,0.0,0
541643182904891,0,0.0,0
541730358609726,0,0.0,0
541760671953034,0,0.0,0
541766865410345,0,0.0,0
541775191527810,0,0.0,0
541794992889885,0,0.0,0
541800278637075,0,0.0,0
541805684955224,0,0.0,0
542032887886957,0,0.0,0
542064834532449,0,0.0,0
542492100548906,0,0.0,0
542796814685587,0,0.0,0
542880911993432,0,0.0,0
543010993836833,0,0.0,0
543215100592145,0,0.0,0
543474403696328,0,0.0,0
543476862991854,0,0.0,0
543547908105031,0,0.0,0
543659687223369,0,0.0,0
543930237718319,0,0.0,0
544315656366096,0,0.0,0
544317878927376,0,0.0,0
544374243860418,0,0.0,0
544380360845376,0,0.0,0
544384097490015,0,0.0,0
544385557403325,0,0.0,0
544499768125500,0,0.0,0
544708978190866,0,0.0,0
544712875840368,0,0.0,0
544715399460411,0,0.0,0
544780123944294,0,0.0,0
544871359010158,0,0.0,0
544934083612175,0,0.0,0
544940542492849,0,0.0,0
544944789170999,0,0.0,0
545097296180714,0,0.0,0
545103589563095,0,0.0,0
545170321145028,0,0.0,0
545318478202584,0,0.0,0
545418481131350,0,0.0,0
545516308974658,0,0.0,0
545778401029695,0,0.0,0
545828895753904,0,0.0,0
545929667270852,1,1.0,1
546009600912552,1,1.0,1
546784930456074,0,0.0,0
546853775209820,0,0.0,0
546857706202081,0,0.0,0
546904591410279,0,0.0,0
547256231611427,0,0.0,0
547314268403224,0,0.0,0
547317264206203,0,0.0,0
547412863474653,0,0.0,0
547788619076966,0,0.0,0
547825937971123,0,0.0,0
548528922204910,0,0.0,0
548535393692226,0,0.0,0
548721777530420,1,1.0,1
548722288123195,0,0.0,0
548782045658659,0,0.0,0
548786137664662,0,0.0,0
548792881570906,1,1.0,1
548846680766902,0,0.0,0
548957741938270,0,0.0,0
549219374083512,0,0.0,0
549414876878524,0,0.0,0
549417859685633,0,0.0,0
549495002302822,0,0.0,0
549504277667694,0,0.0,0
549666933179585,0,0.0,0
549724848084928,0,0.0,0
549798024350537,1,1.0,1
549879577143823,0,0.0,0
550017996988400,0,0.0,0
550286604603074,0,0.0,0
550290843482069,0,0.0,0
550293567950843,0,0.0,0
550413544037557,0,0.0,0
550513985592854,0,0.0,0
550516172962559,0,0.0,0
550806269054846,0,0.0,0
551006400367843,0,1.0,1
551006532980945,0,0.0,0
551288577252102,0,0.0,0
551819416714910,0,0.0,0
552259388660074,0,0.0,0
552507130454070,0,0.0,0
552558128557568,0,0.0,0
552562364681420,0,0.0,0
552822321198227,0,0.0,0
552934004908301,1,1.0,1
553428195932082,0,0.0,0
553597594600660,0,1.0,1
553978598457889,0,0.0,0
554242384498887,0,0.0,0
554458215719734,0,0.0,0
554679294059819,0,0.0,0
554874944086184,0,0.0,0
555168655863642,0,0.0,0
555218272893827,0,0.0,0
555352677102369,0,0.0,0
555414809565046,0,0.0,0
555420675341955,0,0.0,0
555496857274719,0,0.0,0
555500827377215,0,0.0,0
555501370478217,0,0.0,0
555549076125256,0,0.0,0
555747653761311,0,0.0,0
555754435750243,0,0.0,0
555872891597058,0,0.0,0
555879345577738,0,0.0,0
555903039040527,0,0.0,0
555908327750326,0,0.0,0
555952988471110,0,0.0,0
556054748202648,0,0.0,0
556055450157908,0,0.0,0
556265915502695,0,0.0,0
556269823312702,0,0.0,0
556300292000810,0,0.0,0
556577719186554,0,0.0,0
556738932631416,0,0.0,0
557243108719969,0,0.0,0
557562430072179,1,1.0,1
557635870393004,0,0.0,0
557637573363742,0,0.0,0
557640418784114,0,0.0,0
557883618588973,0,0.0,0
558104314701988,0,0.0,0
558173302395002,0,0.0,0
558655830980062,0,0.0,0
559159376436338,1,1.0,1
559331452037779,0,0.0,0
559475336977640,0,0.0,0
560108506429024,0,0.0,0
560296452494981,0,0.0,0
560297667478587,0,0.0,0
560414509280452,0,0.0,0
560415292533026,0,0.0,0
560417488758800,0,0.0,0
560421806133868,0,0.0,0
560422896939870,0,0.0,0
560506336738455,0,0.0,0
560623380839667,0,0.0,0
560629264406967,0,0.0,0
560781869112935,0,0.0,0
561063559773842,0,0.0,0
561122889447258,0,0.0,0
561127221906912,0,0.0,0
561127493951010,0,0.0,0
561181074474699,0,0.0,0
561362749599630,0,0.0,0
561428124536762,0,0.0,0
561485572919882,0,0.0,0
561492669442474,0,0.0,0
561555181273520,0,0.0,0
562110390561084,0,0.0,0
562112422869093,0,0.0,0
562116088340986,0,0.0,0
562116336120187,0,0.0,0
562203378948035,0,0.0,0
562207496999381,0,0.0,0
562210021555338,0,0.0,0
562350861700096,0,0.0,0
562419849420868,0,0.0,0
562751431117639,0,0.0,0
281661478213522,0,0.0,0
281865845252010,0,0.0,0
281983196702794,0,0.0,0
282077085753962,0,0.0,0
282080657713686,0,0.0,0
282230976979214,0,0.0,0
282243188309554,0,1.0,1
282546359639863,0,0.0,0
282703437767268,0,0.0,0
282996899513677,0,0.0,0
283373376033950,0,0.0,0
283450622039691,0,0.0,0
283513560488091,0,0.0,0
284061800111710,0,0.0,0
284115515866948,0,0.0,0
284120178118697,0,0.0,0
285350610281986,0,0.0,0
285473198153346,0,0.0,0
285662501636714,1,1.0,1
285875975616594,0,0.0,0
286407325289472,0,0.0,0
286445728860178,0,0.0,0
286503588477773,0,0.0,0
286539997752952,1,1.0,1
286738458367017,0,0.0,0
286928876398892,0,0.0,0
286936564941775,1,1.0,1
287195249762538,0,0.0,0
287501144073984,0,0.0,0
288397492327383,0,0.0,0
288426554841970,0,0.0,0
288427782916445,0,0.0,0
288431583353855,1,1.0,1
288727915516747,1,1.0,1
288843819556185,0,0.0,0
288892346299400,0,0.0,0
288892805114300,0,1.0,1
288962843073260,0,0.0,0
289391314001915,1,1.0,1
289766939082198,0,0.0,0
289812022580476,0,0.0,0
289922189190359,0,0.0,0
290095730108867,0,0.0,0
290364313581866,0,0.0,0
290417266238556,0,0.0,0
290450224433317,0,0.0,0
290911920832594,0,0.0,0
291084202504605,0,0.0,0
291086592936791,0,0.0,0
291316181613031,0,0.0,0
291364827338194,0,0.0,0
291397616937950,0,0.0,0
291636060042403,0,0.0,0
291638865376313,0,0.0,0
291640653178216,0,0.0,0
291641599641476,0,0.0,0
292215143276951,0,0.0,0
292215882803111,0,0.0,0
292249610147599,0,0.0,0
292583474046016,0,0.0,0
292644384375480,0,0.0,0
292649131323839,0,0.0,0
292650129788303,0,0.0,0
292736081286974,0,0.0,0
292772336151762,0,0.0,0
292874463529533,0,0.0,0
292973301831513,0,0.0,0
293018178454738,0,0.0,0
293019313159553,0,0.0,0
293058840497505,0,0.0,0
293226129622143,0,0.0,0
293230418903417,0,0.0,0
293348322016459,0,0.0,0
293510926234295,0,0.0,0
293513852747459,0,0.0,0
293672492057723,0,0.0,0
293674840069853,0,0.0,0
293769408112042,0,0.0,0
293862149406835,0,0.0,0
293926188423868,0,0.0,0
294195824071089,0,0.0,0
294281354056313,0,0.0,0
294281798137053,0,0.0,0
294349468811647,0,1.0,1
294351115664606,0,0.0,0
294351122171532,1,1.0,1
294582137580820,0,0.0,0
295057633695448,1,1.0,1
295063675329859,0,0.0,0
295064159404326,0,0.0,0
295236727629194,0,0.0,0
295240276220730,0,1.0,1
295391878922863,0,0.0,0
295393900165406,0,0.0,0
295547597237725,0,0.0,0
295655227527352,0,0.0,0
295686603468177,0,0.0,0
295745697071934,0,0.0,0
295861990677285,1,1.0,1
296008800370143,0,0.0,0
296203711412321,0,0.0,0
296316218685128,1,1.0,1
296539190541131,0,0.0,0
296928681747091,0,0.0,0
296932682212216,0,0.0,0
296939238030752,0,0.0,0
296941946486952,0,0.0,0
296944476248488,0,1.0,1
297150492331327,0,0.0,0
297357954835238,0,0.0,0
297414969400619,0,0.0,0
297536652164971,0,0.0,0
297811125740040,0,0.0,0
297923210468052,0,0.0,0
298176549312806,0,0.0,0
298549467610894,0,0.0,0
298555252457242,0,0.0,0
299172330571493,0,0.0,0
299174138203423,0,0.0,0
299178163875549,0,0.0,0
299498246750748,0,0.0,0
299504610345971,0,0.0,0
299504874493838,0,0.0,0
299837013145255,0,0.0,0
299841286021741,0,0.0,0
300467864698603,0,0.0,0
300472280595426,0,0.0,0
300928705522178,0,0.0,0
300933544824241,1,1.0,1
301186005849414,0,0.0,0
301191531193332,0,0.0,0
301242170571555,0,0.0,0
301317898439760,0,0.0,0
301753947542939,0,0.0,0
301754231963786,0,0.0,0
301756366857064,1,1.0,1
301918171591146,0,0.0,0
301925474448995,0,0.0,0
302014814491770,0,0.0,0
302568325994815,0,0.0,0
302569019449615,0,0.0,0
302572557935681,0,0.0,0
302572827463371,1,0.0,0
302633651880825,0,0.0,0
302797007043367,0,0.0,0
302871611970973,0,0.0,0
303131901504594,0,0.0,0
303406228795862,0,0.0,0
303462345342029,0,0.0,0
303866576788392,0,1.0,1
304570184833578,0,0.0,0
304576103278573,0,0.0,0
304700413525374,1,1.0,1
304702869315346,0,0.0,0
305088816552590,0,0.0,0
305088909419327,0,0.0,0
305094194929799,0,0.0,0
305099338141361,0,1.0,1
305297881719984,0,1.0,1
305301749880300,0,0.0,0
305360013166761,0,0.0,0
305423536625523,0,0.0,0
305426007722250,0,0.0,0
305426071806074,0,0.0,0
305529256743297,1,1.0,1
305530593759282,0,0.0,0
305563630604739,0,1.0,1
305697972088189,0,0.0,0
305805672165590,0,0.0,0
305806133532941,0,0.0,0
305942796087264,0,0.0,0
306047788782714,0,0.0,0
306152724698939,0,0.0,0
307089684740913,0,0.0,0
307450369451133,0,0.0,0
307641581991332,0,0.0,0
307668473406468,0,0.0,0
307672996740523,0,0.0,0
307873573246330,0,0.0,0
308027947347458,0,0.0,0
308095138769941,0,0.0,0
308155520397863,0,0.0,0
308710549124281,0,0.0,0
308713121726657,0,0.0,0
308716573456026,1,1.0,1
308936230880974,0,0.0,0
309056251101936,0,0.0,0
309156746938813,0,0.0,0
309184192681517,0,0.0,0
309281964039467,0,0.0,0
309436291816180,0,1.0,1
309482490936139,0,0.0,0
309871986122006,0,0.0,0
309876401456169,0,0.0,0
310119922702517,0,0.0,0
310281053314274,0,0.0,0
310389848737654,0,0.0,0
310536309099256,0,0.0,0
310543234909524,0,0.0,0
310702321351548,0,0.0,0
310704683395054,0,0.0,0
310716755100854,0,0.0,0
310718047138284,0,0.0,0
310722400047147,0,1.0,1
310855735515631,0,0.0,0
310908672199695,0,0.0,0
310910612775367,0,0.0,0
310915041815616,0,0.0,0
310915708395562,0,0.0,0
310921556174370,0,0.0,0
310950857807802,0,0.0,0
310951329988603,0,0.0,0
311216450492828,0,0.0,0
311218794207786,0,0.0,0
311218854107513,0,0.0,0
311345340958544,0,0.0,0
311857274942220,0,0.0,0
312343607434351,1,1.0,1
312928325325902,1,1.0,1
313089813499144,0,0.0,0
313446629801236,0,0.0,0
313850522348160,0,0.0,0
313891530718691,0,0.0,0
313924066460970,0,0.0,0
314123161960741,0,1.0,1
314161378991696,0,0.0,0
314499279165123,0,0.0,0
314655053366293,0,0.0,0
314700176021714,0,0.0,0
315014096667833,0,0.0,0
315398739146344,0,0.0,0
315461040994405,0,0.0,0
315745721705919,0,0.0,0
315777333862807,0,0.0,0
315845713934063,0,0.0,0
316003565255818,0,0.0,0
316183119005135,0,0.0,0
316620281947752,1,0.0,0
316697015165176,0,0.0,0
316701676944920,0,0.0,0
317086012803161,0,0.0,0
317086356569547,0,0.0,0
317145040743519,0,0.0,0
317797308164034,0,0.0,0
317940675272997,0,0.0,0
317973784067251,0,0.0,0
317978086910739,0,0.0,0
317986193624248,0,0.0,0
318055253035508,0,0.0,0
318383135668285,0,0.0,0
318617737275914,0,0.0,0
318688299486208,0,0.0,0
318901465515865,0,0.0,0
319009027702223,0,0.0,0
319011818652410,0,0.0,0
319186330843008,0,0.0,0
320242225863275,0,0.0,0
320245722061793,0,0.0,0
320571061800702,0,0.0,0
320932838959092,0,0.0,0
320976271253576,0,0.0,0
321121010840267,0,0.0,0
321376979561569,0,0.0,0
321454227151841,0,0.0,0
321511643711171,0,0.0,0
321950388933901,0,0.0,0
321952992435739,0,0.0,0
321953538334925,0,0.0,0
322007503984497,0,0.0,0
322117090889287,0,0.0,0
322350749673002,0,0.0,0
322530090102108,0,0.0,0
322566178408862,1,1.0,1
322567831898183,0,0.0,0
322634197190259,0,0.0,0
322637211438256,0,0.0,0
322793538468846,0,0.0,0
323142239174330,0,0.0,0
323227577732736,0,0.0,0
323444196670905,0,0.0,0
323552721254138,0,0.0,0
323604098839493,0,0.0,0
323975755419409,0,0.0,0
324132916188821,0,0.0,0
324633995301735,0,0.0,0
324636354843061,0,0.0,0
324685146155570,1,1.0,1
325163949535470,0,0.0,0
325285138428882,0,0.0,0
325335218755950,0,0.0,0
325339257111209,0,0.0,0
325341847467366,0,0.0,0
325454730901234,1,1.0,1
325568312579668,0,0.0,0
325968365066842,1,1.0,1
326698040887941,0,0.0,0
326858061335661,0,0.0,0
326935890268033,1,1.0,1
327027508785007,1,1.0,1
327156801120879,0,0.0,0
327624195131382,0,0.0,0
327683198492327,1,1.0,1
327686004703364,0,0.0,0
327830593167417,0,0.0,0
328482192025335,0,0.0,0
328540518179925,0,0.0,0
328543164986085,0,0.0,0
328544731216239,0,0.0,0
328548419745157,0,0.0,0
328616835516595,0,0.0,0
328663848191179,0,0.0,0
328669621369427,0,0.0,0
329096705545749,0,0.0,0
329441211849971,0,0.0,0
329663058782365,0,0.0,0
330362797795404,0,0.0,0
330426163770916,1,0.0,0
330427412681957,0,0.0,0
330487539523798,0,0.0,0
330491823288765,0,0.0,0
330613441634366,0,0.0,0
330696231466440,0,0.0,0
330721308588056,0,1.0,1
330728381556024,0,0.0,0
331033071976475,0,0.0,0
331420788232588,0,0.0,0
331536551313975,0,0.0,0
331620903197244,0,0.0,0
331626108668668,0,0.0,0
331983610685390,0,0.0,0
331988624608290,0,0.0,0
332018388297264,0,0.0,0
332390622874006,0,0.0,0
332397302171223,0,0.0,0
332404486209686,0,0.0,0
332526136407069,0,0.0,0
332779889936266,0,1.0,1
333180074594660,0,0.0,0
333295271878808,0,0.0,0
333815228021110,0,0.0,0
333843516767867,0,0.0,0
334209627723765,0,0.0,0
334468449784468,0,0.0,0
334616413638877,0,0.0,0
335040600576868,0,0.0,0
335043759908643,0,0.0,0
335080273870306,0,0.0,0
335257501884163,0,0.0,0
335336197832232,0,0.0,0
335486565248529,0,0.0,0
335489817255754,0,0.0,0
335489929147606,0,0.0,0
335877063835498,0,0.0,0
336163009219525,0,0.0,0
336916878909261,0,0.0,0
337094644121986,0,0.0,0
337246156067807,0,0.0,0
337421286746645,0,0.0,0
337424704794084,0,0.0,0
337536867089890,0,0.0,0
338029163168919,0,0.0,0
338677932834569,0,0.0,0
339196910698631,0,0.0,0
339344871280690,0,0.0,0
339452077294842,0,0.0,0
339782445853297,0,0.0,0
339857862756941,0,0.0,0
339924999102838,0,0.0,0
339961087587596,0,0.0,0
340502911323428,0,0.0,0
340503556648044,0,0.0,0
340559972256659,0,0.0,0
341167541519835,0,0.0,0
341442398254591,0,0.0,0
341742353735945,0,0.0,0
341860575956148,0,0.0,0
341945248998396,0,0.0,0
341949229318402,0,0.0,0
342147024375165,0,0.0,0
342297747859730,0,0.0,0
342490399836715,0,0.0,0
342690142786666,0,0.0,0
342914187465038,0,1.0,1
343149886037791,0,0.0,0
343216927323236,0,0.0,0
343291624703249,0,0.0,0
343355241794945,0,0.0,0
343561598291950,0,0.0,0
343673315218996,0,0.0,0
344146300512487,1,1.0,1
344319186848139,0,1.0,1
344355805999849,0,0.0,0
344538481210432,0,0.0,0
344744515173886,0,0.0,0
344776071870819,0,0.0,0
345648537659112,0,0.0,0
345761211219156,0,0.0,0
345808252091184,0,0.0,0
346002677033835,0,0.0,0
346005491873359,0,0.0,0
346278747444346,0,0.0,0
346278812327211,0,0.0,0
346352481494226,0,0.0,0
346352554375316,0,0.0,0
346448138152091,0,0.0,0
347386620158625,0,0.0,0
347606345954204,0,0.0,0
347632299929578,0,0.0,0
347643122750286,0,0.0,0
347929689588199,0,0.0,0
348108776811963,0,0.0,0
348570081688474,0,0.0,0
348887299701939,0,0.0,0
349256043289422,0,0.0,0
349297101922920,0,0.0,0
349299357628908,1,1.0,1
349722518619599,0,0.0,0
349726092343072,0,0.0,0
349812207029007,0,0.0,0
349924958664191,0,0.0,0
350513508633809,0,0.0,0
350517285468500,0,0.0,0
350529929283197,0,0.0,0
350531289991734,0,0.0,0
351219843064423,0,0.0,0
351341159140321,0,0.0,0
351784783615056,0,1.0,1
351994977705361,0,0.0,0
352065850874181,0,0.0,0
352400116909133,0,0.0,0
352618353085952,0,0.0,0
352724374930223,0,0.0,0
352729581954984,0,0.0,0
353000643147737,0,0.0,0
353064241205170,0,0.0,0
353839173994579,0,0.0,0
354306819565990,0,0.0,0
563349707115673,0,0.0,0
563376197074994,0,0.0,0
563377895889592,0,0.0,0
563521169969579,0,0.0,0
563686790890056,0,0.0,0
563866706335671,0,0.0,0
564784482045351,0,0.0,0
564861516520514,0,0.0,0
565183112614120,0,0.0,0
565296514554610,0,0.0,0
565621018236902,0,0.0,0
565623790406592,0,0.0,0
565679369359472,0,0.0,0
565943419053681,0,0.0,0
566980936116978,0,0.0,0
567315525595278,0,0.0,0
567439618485177,0,0.0,0
567693225416327,0,0.0,0
567798744749555,0,0.0,0
567849696133054,0,0.0,0
568273400808472,0,0.0,0
568387331293999,0,0.0,0
568549965260955,0,0.0,0
568841183690796,0,0.0,0
568842236632056,0,0.0,0
569077914129318,0,0.0,0
569081099810926,0,0.0,0
570251961110695,0,0.0,0
570397364600096,0,0.0,0
570573098380282,0,0.0,0
570737392363269,0,0.0,0
570963636493419,0,0.0,0
571586116681352,0,0.0,0
571632177415375,0,0.0,0
572195356390007,0,0.0,0
572283536143400,0,1.0,1
572284946991452,0,0.0,0
572412662369240,0,0.0,0
572414524522880,0,0.0,0
573416651670080,0,0.0,0
573655473038212,0,0.0,0
574159794088819,0,0.0,0
574202538205448,0,0.0,0
574309348256463,0,0.0,0
574479400234017,0,0.0,0
574910251093582,0,0.0,0
575113445550627,0,0.0,0
575421598548564,0,0.0,0
575688890213327,0,0.0,0
575792596951138,0,0.0,0
575794653962647,0,0.0,0
575854243571410,0,0.0,0
575985477081381,0,0.0,0
576127917460199,0,0.0,0
576293681434543,0,0.0,0
576416736661405,0,1.0,1
576808519739704,0,0.0,0
576808905568206,0,0.0,0
576913910416569,0,0.0,0
576981405694494,0,0.0,0
577258020051902,0,0.0,0
577568026408934,0,0.0,0
577691394517421,0,0.0,0
577695721078287,0,0.0,0
577847242163988,0,0.0,0
578043936781465,1,1.0,1
578113016694211,0,0.0,0
578172366922412,0,0.0,0
578270525413102,0,0.0,0
578526488535930,0,0.0,0
578532060674128,0,0.0,0
578792649017824,0,0.0,0
579010669063255,0,0.0,0
579177626873155,0,0.0,0
579184817414100,0,0.0,0
579847906904807,0,0.0,0
579849814090168,0,0.0,0
579920536433426,0,0.0,0
579930900577658,0,0.0,0
580275446071306,0,0.0,0
580438945156457,0,0.0,0
580441274178045,0,0.0,0
580443112454829,0,0.0,0
581082933460301,0,0.0,0
581303850547811,0,0.0,0
581651478776945,0,0.0,0
582490928352022,0,0.0,0
582610536459987,0,0.0,0
582612414112356,0,0.0,0
582880737685058,0,0.0,0
583010581282252,0,0.0,0
583393202158239,0,0.0,0
583418474167093,0,0.0,0
583421445198050,0,0.0,0
583572856564162,0,0.0,0
583573863714931,0,0.0,0
583809308331359,0,0.0,0
583825320737603,0,0.0,0
583832074654285,0,0.0,0
584886112208983,0,0.0,0
584888749475300,0,0.0,0
585189543659483,0,0.0,0
585616197000784,0,0.0,0
585681175042843,0,0.0,0
585819077240861,0,0.0,0
585942536459949,0,0.0,0
586010421534931,0,0.0,0
586374725258677,0,0.0,0
586761059022929,0,0.0,0
586824376742119,0,0.0,0
586824532358171,0,0.0,0
586829312307415,0,0.0,0
588017703705703,0,0.0,0
588081212583481,0,0.0,0
588143519757783,0,0.0,0
588525419411565,0,0.0,0
588871546845194,0,0.0,0
588914290331226,0,1.0,1
588915171141672,0,0.0,0
588968159307263,0,0.0,0
589217592458335,0,0.0,0
589443296827845,0,0.0,0
589590283807287,0,0.0,0
590236341876014,0,0.0,0
590241655108819,0,0.0,0
590272120939942,0,0.0,0
590276902685632,0,0.0,0
591150273668957,1,0.0,0
591449092543121,0,0.0,0
591451171455312,0,0.0,0
591700418207169,0,0.0,0
591789162476493,0,0.0,0
592258074769656,0,0.0,0
592419090766051,0,0.0,0
593107877451817,0,0.0,0
593218116519936,0,0.0,0
593590417727640,0,0.0,0
593755224177686,0,0.0,0
593757227094808,0,0.0,0
593812118280157,0,0.0,0
594220124745953,0,0.0,0
594221220759740,0,0.0,0
594593912212530,0,0.0,0
594945461043819,0,0.0,0
595042713627148,0,0.0,0
595049016099638,0,0.0,0
595576513603953,0,0.0,0
595747115959765,0,0.0,0
595750584166137,0,0.0,0
595993113221218,0,0.0,0
595995583459948,1,1.0,1
595996807931673,0,1.0,1
596103767938690,0,0.0,0
596449828809350,0,0.0,0
596930713085480,0,0.0,0
596931155510278,0,0.0,0
596933366276659,0,0.0,0
596933470052957,0,0.0,0
596936411975203,0,0.0,0
597176327492152,0,0.0,0
597213027399342,0,0.0,0
597348420219574,0,0.0,0
597358564338583,0,0.0,0
597361192688552,0,0.0,0
597496283458019,0,0.0,0
597610767720840,0,0.0,0
598522652408182,0,0.0,0
598525270272560,0,0.0,0
598823830260809,0,0.0,0
598961377530680,0,0.0,0
599217277968501,0,0.0,0
599431140072950,0,0.0,0
599539548757239,0,0.0,0
599539807571639,0,0.0,0
599951248762763,0,0.0,0
600009569103466,0,0.0,0
600442468962940,0,0.0,0
601191803095032,1,0.0,0
601261997593700,0,0.0,0
601263874792187,0,0.0,0
601633567875606,0,0.0,0
601755671292349,0,0.0,0
601758355241114,0,0.0,0
601762141112292,0,0.0,0
602008945725155,1,1.0,1
602825626452923,0,0.0,0
602828587132554,0,0.0,0
602832326462187,0,0.0,0
603061279131415,0,0.0,0
603231430264922,0,0.0,0
603234710931708,0,0.0,0
603446963939723,0,0.0,0
603498774331742,0,0.0,0
603501309756030,0,0.0,0
604329010085565,0,0.0,0
604339671350821,1,1.0,1
604339730990442,0,0.0,0
604363303326915,0,0.0,0
604369616456496,0,0.0,0
604487983840317,0,0.0,0
604615059487047,0,0.0,0
604887636095063,0,0.0,0
604888588502191,0,0.0,0
604892075053786,0,0.0,0
604929278220640,0,0.0,0
605124786210269,0,0.0,0
605125877695906,0,0.0,0
605623718761968,0,0.0,0
606047926252071,0,0.0,0
606201082482880,0,0.0,0
606205391268538,0,0.0,0
606350160472268,0,0.0,0
606447283560039,0,0.0,0
606506439369619,0,0.0,0
606506892787561,0,0.0,0
606909122104512,0,0.0,0
607082772180768,0,0.0,0
607648959490549,0,0.0,0
607688513772131,0,0.0,0
607697718909843,0,0.0,0
607802623708939,0,0.0,0
607803168787689,0,0.0,0
609926805659837,0,0.0,0
610039269998410,0,0.0,0
610068309649403,0,0.0,0
610246745897535,0,0.0,0
610248641467965,0,0.0,0
610314648848969,0,0.0,0
611379350467594,0,0.0,0
611407414401013,0,0.0,0
611499379800531,0,0.0,0
611751908410807,0,0.0,0
612533388992639,0,0.0,0
612651158570342,0,0.0,0
613116872597072,0,0.0,0
613152659392450,1,1.0,1
613370841637871,0,0.0,0
613463313165880,0,0.0,0
613647030530907,0,0.0,0
613857239467703,0,0.0,0
614146966614864,0,0.0,0
614388615080474,0,0.0,0
614389124766533,0,0.0,0
615428871991052,0,0.0,0
615920347618738,0,1.0,1
615979270623173,0,0.0,0
615983914610234,0,0.0,0
616104018263095,0,0.0,0
616108021886223,0,0.0,0
616163051830486,0,0.0,0
616271257791049,0,0.0,0
616278473077088,0,0.0,0
616310510007041,0,0.0,0
616311809371214,0,0.0,0
616313754199193,0,0.0,0
616444704054673,0,0.0,0
616559495386488,0,0.0,0
616736763595715,0,0.0,0
617019109609298,1,1.0,1
617254267971848,0,0.0,0
618112002525608,0,0.0,0
618295593375226,0,0.0,0
618473324716026,0,0.0,0
618477661153944,0,0.0,0
618479277723918,0,0.0,0
618480825682769,0,0.0,0
618668556509995,0,0.0,0
618835241386949,0,0.0,0
619354857995238,0,0.0,0
619523517361259,0,0.0,0
620074479507815,0,0.0,0
620287682119248,0,0.0,0
620288695031565,0,0.0,0
620568637264659,0,0.0,0
620623387340731,0,0.0,0
621227268433857,0,0.0,0
622485951672448,0,0.0,0
622697653619952,0,0.0,0
623746695267664,0,0.0,0
623760702828502,0,0.0,0
623764088498669,0,0.0,0
624295937408376,0,0.0,0
624394693219058,0,0.0,0
624670109729163,0,0.0,0
625188235938662,0,0.0,0
625257363360005,0,0.0,0
625261054573823,0,0.0,0
625262633548117,0,0.0,0
625327280982793,0,0.0,0
625332165100032,0,0.0,0
626188238968921,0,0.0,0
626189215572880,0,0.0,0
626445137513764,1,1.0,1
626629924676612,0,0.0,0
627097928728905,0,0.0,0
627302095047537,0,0.0,0
627399760000079,0,0.0,0
627788533046543,0,0.0,0
627991034745784,0,0.0,0
628316124930554,0,0.0,0
628543313425591,0,0.0,0
629673851367142,0,0.0,0
629675880050303,0,0.0,0
629799109597000,0,0.0,0
629841498611212,0,0.0,0
629913491063743,0,0.0,0
630339824483083,0,0.0,0
630783609328721,0,0.0,0
630784152953611,0,0.0,0
630923483979584,0,0.0,0
631296117661916,0,0.0,0
631815637058849,0,0.0,0
631839958170375,1,1.0,1
631894303236463,0,0.0,0
632047222139474,0,0.0,0
632733555780688,1,1.0,1
632737338279614,0,0.0,0
632958693288275,0,0.0,0
633242677363296,0,0.0,0
633368784053470,0,0.0,0
633441338376236,0,0.0,0
633443191151899,0,0.0,0
634125701425009,0,0.0,0
635020223170799,0,0.0,0
635088766624060,0,0.0,0
635257879763421,0,0.0,0
635375903472916,0,0.0,0
635767120860279,0,0.0,0
636064473789729,0,0.0,0
636485573161966,0,0.0,0
636608166501699,0,0.0,0
636635341948417,0,0.0,0
636642043325343,0,0.0,0
637295797520187,0,0.0,0
637448535441673,0,0.0,0
638147985483461,0,0.0,0
638423196013158,0,0.0,0
638457924306999,0,0.0,0
638563056834548,0,0.0,0
638567210967225,0,0.0,0
638568434413782,0,0.0,0
639985750278553,0,0.0,0
640717528434580,0,0.0,0
641420478916769,0,0.0,0
642705994508430,0,0.0,0
642816836723745,0,0.0,0
642870603978841,0,0.0,0
643033378786803,0,0.0,0
643493436687633,0,0.0,0
643762394984859,0,0.0,0
643873500739164,0,0.0,0
643878588717706,0,0.0,0
643992584735213,0,0.0,0
644189002105329,0,0.0,0
644218144127084,0,0.0,0
644663088609850,0,1.0,1
644797743452834,0,0.0,0
644800837770487,0,0.0,0
644950499687597,0,0.0,0
644951071987714,0,0.0,0
644956022022463,0,0.0,0
645121320361945,0,0.0,0
645217023339144,0,0.0,0
645760442390644,0,0.0,0
645762929448371,0,0.0,0
646096220701760,0,0.0,0
646363491388535,0,0.0,0
646803348267415,0,0.0,0
647460681301289,0,0.0,0
647519687445556,0,0.0,0
648012298128744,0,0.0,0
649011468347184,0,0.0,0
649319660560973,0,0.0,0
650326667465021,0,0.0,0
650374158126731,0,0.0,0
650770405297346,0,0.0,0
650897093994143,0,0.0,0
651264967943043,0,0.0,0
651699538797436,0,0.0,0
651700625912243,0,0.0,0
651819423788016,0,0.0,0
651963060495936,0,0.0,0
652168978298645,0,0.0,0
652368766396767,0,0.0,0
652502175902490,0,0.0,0
652507173281657,0,0.0,0
652547311122811,0,0.0,0
652976747833978,1,1.0,1
653120625237540,0,0.0,0
653190600750125,0,0.0,0
653547053662804,0,0.0,0
653931233131171,0,0.0,0
654663860520867,0,0.0,0
654767195873398,1,1.0,1
654972593419990,0,0.0,0
654974452203643,0,0.0,0
655089407347775,0,0.0,0
655213177945050,0,0.0,0
655473710372602,0,0.0,0
655894406683108,1,1.0,1
655975875767227,0,0.0,0
656112521414654,0,0.0,0
656155159904296,0,0.0,0
656374366797883,0,0.0,0
656486018983090,0,0.0,0
656543052508184,0,0.0,0
656580234151688,0,0.0,0
658016715734354,0,0.0,0
658081510008870,0,0.0,0
658086101831504,0,0.0,0
658111618915742,0,0.0,0
658114543340656,0,0.0,0
658350207667778,0,0.0,0
658752972989014,0,0.0,0
659200797205958,0,0.0,0
659398150645542,0,0.0,0
659400204936960,0,0.0,0
660101713789319,0,0.0,0
660477938625329,0,0.0,0
660673663531790,0,0.0,0
661766738739188,0,0.0,0
661825672456152,0,0.0,0
661861909227787,0,0.0,0
662152516510310,0,0.0,0
662373979262533,0,0.0,0
662427610135730,0,0.0,0
662677594366359,0,0.0,0
663414277248099,0,0.0,0
663595623226960,0,0.0,0
663654256908367,0,0.0,0
663655775403443,0,0.0,0
663657987942623,0,0.0,0
663750741278130,0,0.0,0
663867611089875,0,0.0,0
664091826859360,0,0.0,0
664093381558489,0,0.0,0
664298955823884,0,0.0,0
665200523621777,0,0.0,0
665684948715619,0,0.0,0
665844565740999,0,0.0,0
665910287572800,0,0.0,0
665958306323099,0,0.0,0
666333149529441,0,0.0,0
666541772096951,0,0.0,0
667015707213905,0,0.0,0
667480697233581,0,0.0,0
667480725722744,0,0.0,0
667481123168807,0,0.0,0
667859031142614,0,0.0,0
668656525867463,0,0.0,0
668718271367382,0,0.0,0
668721972337446,0,0.0,0
668723195327276,0,0.0,0
668788283798596,0,0.0,0
669074719949344,0,0.0,0
669933010565631,0,0.0,0
669934998469401,0,0.0,0
670034459212544,0,0.0,0
670074789225273,0,0.0,0
670077762545181,0,0.0,0
670081995968139,0,0.0,0
670087051941596,1,1.0,1
670168909806077,0,0.0,0
670169378044140,0,0.0,0
670201161995752,0,0.0,0
671412623155262,0,0.0,0
671422270373697,0,0.0,0
671896616816124,0,0.0,0
672123250145857,0,0.0,0
672675437361463,0,0.0,0
672847320529733,0,0.0,0
673027818187334,0,0.0,0
673031320255773,0,0.0,0
673090006027330,0,0.0,0
673149661449244,0,0.0,0
673152584033792,0,0.0,0
673331615375801,0,0.0,0
673828357102591,0,0.0,0
674659372852265,0,0.0,0
674832141946810,0,0.0,0
674832911222080,0,0.0,0
675022574931532,0,0.0,0
675115819814770,0,0.0,0
676299675569404,0,0.0,0
676300243044000,1,1.0,1
676678745421841,0,0.0,0
676679172875947,0,0.0,0
676680731803408,0,0.0,0
676829241365674,0,0.0,0
676834954333663,0,0.0,0
676838387250223,0,0.0,0
676893281341470,0,0.0,0
677009104981295,0,0.0,0
677184671185937,0,0.0,0
677187063701539,0,0.0,0
677468775522571,0,0.0,0
677469547387398,0,0.0,0
677810963428225,0,0.0,0
678430966809694,0,0.0,0
678644124507501,0,0.0,0
678645516352094,0,0.0,0
678651696865210,0,0.0,0
678844737203203,0,0.0,0
679236133552311,0,0.0,0
679908091006369,0,0.0,0
680574465074906,0,0.0,0
680905268102455,0,0.0,0
681185782617720,1,1.0,1
681396014134867,0,0.0,0
681458249385633,0,0.0,0
681591436219414,0,0.0,0
681928992679763,0,0.0,0
682365490346090,0,0.0,0
682367913325745,0,0.0,0
682752295104329,0,0.0,0
683139813969227,0,0.0,0
683305771628099,0,0.0,0
683621451152872,0,0.0,0
683621859069097,0,0.0,0
683627479513625,0,0.0,0
684312238050425,0,0.0,0
684360572842496,0,0.0,0
684415045272475,0,0.0,0
684415486569573,0,0.0,0
684489328931120,0,0.0,0
685060346559811,0,0.0,0
685258444968611,0,0.0,0
685258455752234,0,0.0,0
685626778859345,0,0.0,0
685629935697788,0,0.0,0
685630884828044,1,1.0,1
685632688004613,0,0.0,0
685814696770415,0,0.0,0
686529529177518,0,0.0,0
687097457566155,0,0.0,0
687457649292588,0,0.0,0
687459921893957,0,0.0,0
687728648580696,0,0.0,0
687942240432259,0,0.0,0
688133200878591,0,0.0,0
688209937324092,0,0.0,0
688211316193248,0,0.0,0
688409189248726,0,0.0,0
688417185476734,0,0.0,0
688923602877814,0,0.0,0
689110041067893,0,0.0,0
689423690485294,0,0.0,0
689481021797955,0,0.0,0
689611363045611,0,0.0,0
689666211235061,0,0.0,0
689666322476260,0,0.0,0
689669080302802,0,0.0,0
689674257193867,1,1.0,1
689803455844502,0,0.0,0
689806123660552,0,1.0,1
689810076598233,0,0.0,0
689848210126069,0,0.0,0
690012618776093,0,0.0,0
690073106058679,0,0.0,0
690136480495459,0,0.0,0
690803697669064,0,0.0,0
690865665742171,0,0.0,0
691136256727877,0,0.0,0
691195194528808,0,1.0,1
691199444160901,0,0.0,0
691199514559733,0,0.0,0
691280868309608,0,0.0,0
691320617324571,0,0.0,0
691572878078826,0,0.0,0
692198530248505,0,0.0,0
692200300105607,0,0.0,0
692205506383555,0,0.0,0
692240546026770,0,0.0,0
692778824728682,0,0.0,0
692937217396779,0,0.0,0
693049961428282,0,0.0,0
693140484966533,0,0.0,0
693202488385405,0,0.0,0
693324316395155,0,0.0,0
693394247614838,0,0.0,0
694112442958134,0,0.0,0
694252365011819,0,0.0,0
694252418196485,0,0.0,0
694586435065550,0,0.0,0
694586975076572,0,0.0,0
694592453673202,0,0.0,0
694596895592813,0,0.0,0
694597601016125,0,0.0,0
694840490176977,0,0.0,0
694954907731121,0,0.0,0
694985318021014,0,0.0,0
695771909060984,0,0.0,0
696099666592200,0,0.0,0
696102473632199,0,0.0,0
696125386848046,0,0.0,0
696126582667650,0,0.0,0
696129474777124,0,0.0,0
696187697873854,0,0.0,0
696377163198490,0,0.0,0
697106590092838,0,0.0,0
697410962991953,0,0.0,0
697472434640393,0,0.0,0
697685237162766,0,0.0,0
697697266032146,0,0.0,0
697765992273121,0,0.0,0
697769057339979,0,0.0,0
697834440633130,1,1.0,1
697840811265581,0,0.0,0
697877941873857,0,0.0,0
697878549350231,0,0.0,0
697951244268117,0,0.0,0
697955649297126,0,0.0,0
698175404139565,0,0.0,0
698309948514228,0,0.0,0
698378958856423,0,0.0,0
698622040287273,0,0.0,0
698876598222095,0,0.0,0
699319678390741,0,0.0,0
699330077764275,0,0.0,0
699901102346550,0,0.0,0
699906452794964,0,1.0,1
699994840278699,0,0.0,0
700767357562725,0,0.0,0
701099713302095,0,0.0,0
701174918009946,0,0.0,0
701175983903281,0,0.0,0
701179313621191,0,0.0,0
701399580012807,0,0.0,0
701657420474080,0,0.0,0
701805962122559,0,0.0,0
702261987997923,0,0.0,0
703038916785942,0,0.0,0
703041051082830,0,0.0,0
703043169926979,0,0.0,0
703654725385561,0,0.0,0
703655314693550,0,0.0,0
703656886317278,0,0.0,0
703830094055063,0,0.0,0
703831745217729,1,1.0,1
703836033604086,0,0.0,0
704245136917705,0,0.0,0
704721391430814,0,0.0,0
704726264638216,0,0.0,0
704758675779389,0,0.0,0
704812904793554,0,0.0,0
705467874107759,0,0.0,0
705646271148353,0,0.0,0
706014915510997,0,0.0,0
706016080434424,0,0.0,0
706093831450334,1,1.0,1
706148169898306,0,0.0,0
706751116253834,0,0.0,0
707014045624340,0,0.0,0
707138160457811,0,0.0,0
707141367718685,0,0.0,0
707502433803711,0,1.0,1
707679591841604,0,0.0,0
707896067968934,0,0.0,0
708015872580340,0,0.0,0
708159866222178,0,0.0,0
708536176256199,0,0.0,0
708869428560620,0,0.0,0
708874209542281,0,0.0,0
708876224151491,0,0.0,0
709180051432422,0,0.0,0
709270441176287,0,0.0,0
709272008733197,0,0.0,0
711079582441028,0,0.0,0
711418706596005,0,0.0,0
711419151591007,1,1.0,1
712146540363356,0,0.0,0
712408938291760,0,0.0,0
712757352488821,0,0.0,0
712853120168242,0,0.0,0
712979571402021,0,0.0,0
712984659884911,0,0.0,0
712988917400119,0,0.0,0
713023391590567,0,0.0,0
713111014496815,0,0.0,0
713243991636433,0,0.0,0
713606664159728,0,0.0,0
713768117297273,0,0.0,0
714025003407348,0,0.0,0
714216634858506,0,0.0,0
714493224271452,0,0.0,0
714746105237288,0,0.0,0
714850548456303,0,0.0,0
715024297069308,0,0.0,0
715484630215950,0,0.0,0
715768508820991,0,0.0,0
716126976523999,0,0.0,0
716129139723230,0,0.0,0
716247629397094,0,0.0,0
716970056765598,0,0.0,0
717444601256169,0,0.0,0
718075037254599,0,0.0,0
718078205857362,0,0.0,0
718078880976066,0,0.0,0
718923408888281,0,0.0,0
719383404057968,0,0.0,0
719456800311470,1,1.0,1
719828743141791,0,0.0,0
719869736691287,0,0.0,0
719871597621473,0,0.0,0
720080635808669,0,0.0,0
720126846339785,0,0.0,0
721153695328507,0,0.0,0
721416675085366,0,0.0,0
721555791160342,0,0.0,0
721556469866803,0,0.0,0
721952366227898,0,0.0,0
722012852394687,0,0.0,0
722111701291229,0,0.0,0
722180675143597,0,0.0,0
722376805472729,0,0.0,0
722379717037479,0,0.0,0
722834049315669,0,0.0,0
723824372443653,0,0.0,0
724042684045619,0,0.0,0
724372876280434,0,0.0,0
724855072907834,0,0.0,0
725303287717279,0,0.0,0
725540435980477,0,0.0,0
725653782939974,0,0.0,0
725657113978970,0,0.0,0
725662933266352,0,0.0,0
725769335762560,0,0.0,0
725814741307135,0,0.0,0
726106266155578,0,0.0,0
726422986823539,0,0.0,0
726471016708836,0,0.0,0
726550179074410,0,0.0,0
726695682221905,0,0.0,0
727170384090446,0,0.0,0
727278299561813,0,0.0,0
727283882229408,0,0.0,0
727437429984688,0,0.0,0
728306496477766,0,0.0,0
728870219064799,0,0.0,0
729083466913948,0,0.0,0
729214820426692,0,0.0,0
729410275543920,0,0.0,0
729537743629831,0,0.0,0
729867670903524,0,0.0,0
730137313460346,0,0.0,0
730203850099822,0,0.0,0
730273394444041,0,0.0,0
730342394040678,0,0.0,0
730457146520238,0,0.0,0
730497975211685,0,0.0,0
730661432922280,0,0.0,0
730899436799427,0,0.0,0
731282223696391,0,0.0,0
731742023378771,0,0.0,0
731976973290595,0,0.0,0
732681971599319,0,0.0,0
732825784676813,0,0.0,0
732827002973654,0,0.0,0
734027810886346,0,0.0,0
734031013358172,0,0.0,0
734650663320252,0,0.0,0
735058263143186,1,1.0,1
735505996539741,0,0.0,0
735627559185347,0,0.0,0
735794486173905,0,0.0,0
736823343190334,0,0.0,0
737048823794943,0,0.0,0
737278382450788,0,0.0,0
737280090865125,0,0.0,0
737284379208807,0,0.0,0
737285165977933,0,0.0,0
737543406013139,0,0.0,0
737652300357610,0,0.0,0
737657727279835,0,0.0,0
737748930309358,0,0.0,0
738035157297488,0,0.0,0
738041999290992,0,0.0,0
738388301983990,0,0.0,0
738452860482563,0,0.0,0
738476192558939,0,0.0,0
738672513121011,0,0.0,0
739173446923809,0,0.0,0
739536753303382,0,0.0,0
739575383582992,0,0.0,0
739740914979977,0,0.0,0
739850986398659,0,0.0,0
739855190271470,0,0.0,0
740134003824701,0,0.0,0
740380331014423,0,0.0,0
740560863238731,0,0.0,0
740608588346757,0,0.0,0
741075887330484,0,0.0,0
741817201914281,0,0.0,0
741951042681682,0,0.0,0
742214201355123,0,0.0,0
742706887493989,0,0.0,0
743291147248728,0,0.0,0
743349497966534,0,0.0,0
743484573222793,0,0.0,0
743849152313194,0,0.0,0
743939194666380,0,0.0,0
744009642009929,0,0.0,0
745141581369880,0,0.0,0
745192746014613,0,0.0,0
745230146379414,0,0.0,0
745249399816656,0,0.0,0
745980175427334,1,1.0,1
746105500646389,0,0.0,0
747014605764720,0,0.0,0
747143687341481,0,0.0,0
747491634797365,0,0.0,0
748059274792937,0,0.0,0
748147482187554,0,0.0,0
748147544170787,0,1.0,1
748152514778157,0,0.0,0
749175993537821,0,0.0,0
749183009180477,0,0.0,0
749526668897359,0,0.0,0
749780264921375,0,0.0,0
749782442671507,0,0.0,0
749862260449836,0,0.0,0
750349766297300,0,0.0,0
751170721735781,0,0.0,0
751443098372822,0,0.0,0
751494785296816,0,0.0,0
751861350170435,0,0.0,0
751972883798219,0,0.0,0
751974243451763,0,0.0,0
752396238249662,0,0.0,0
753248303282083,0,0.0,0
753314336748457,0,0.0,0
753598909592733,0,0.0,0
754383065882101,0,0.0,0
756597407305873,0,0.0,0
757616015962318,0,0.0,0
758049090360972,0,0.0,0
758166197835973,0,0.0,0
758654127509268,0,0.0,0
758988971922928,0,0.0,0
759456931012721,0,0.0,0
759504407849661,0,0.0,0
759900447196503,0,0.0,0
760101786585608,0,0.0,0
760269318333479,0,0.0,0
760877984380608,0,0.0,0
760886225050953,0,0.0,0
761037511454869,0,0.0,0
761082820866002,0,0.0,0
761135379210135,0,0.0,0
761167325318267,0,0.0,0
761169821408541,0,0.0,0
761388398651242,0,0.0,0
761871051069504,0,0.0,0
762295031855232,0,0.0,0
763296000475915,0,1.0,1
763296706709942,0,0.0,0
763675193843100,0,0.0,0
764551863829731,0,0.0,0
764906119868123,0,0.0,0
764988866706941,0,0.0,0
765327860278660,0,0.0,0
765525208808751,0,0.0,0
765697175826278,0,0.0,0
766036079012952,0,0.0,0
766342648336471,0,0.0,0
767767572815876,0,0.0,0
767871865196075,0,0.0,0
768214400256557,0,1.0,1
768255163232247,0,0.0,0
768255967405244,0,0.0,0
768539753422760,0,0.0,0
768884194170248,0,0.0,0
768969932348736,0,0.0,0
769348068471041,0,0.0,0
769714699304331,0,0.0,0
770203332215204,0,0.0,0
770591230307105,0,0.0,0
770896741410182,0,0.0,0
770941990257224,0,0.0,0
771003427744704,0,0.0,0
771256514856651,0,0.0,0
771980925645974,0,0.0,0
773994897449901,0,0.0,0
775163992150453,0,0.0,0
775342943676344,0,0.0,0
775573327941270,0,0.0,0
776072684704842,0,0.0,0
776490894836575,0,0.0,0
776536712312562,0,0.0,0
776610275515958,0,0.0,0
776792992636404,0,0.0,0
776927364018599,0,0.0,0
777082827835465,0,0.0,0
777119574524049,0,0.0,0
777290911503043,0,0.0,0
778131295209634,0,0.0,0
778271999315996,0,0.0,0
778530170168742,0,0.0,0
778648188578117,0,0.0,0
778649237289099,0,0.0,0
778657400099962,0,0.0,0
778972810266737,0,0.0,0
779144247978431,0,0.0,0
779442394505267,1,1.0,1
779481693884825,0,0.0,0
779945798176542,0,0.0,0
780022831420516,0,0.0,0
780726496260205,0,0.0,0
780827778860519,0,1.0,1
780888788188190,0,0.0,0
781057502385524,0,0.0,0
781060970709736,0,0.0,0
781245095231089,0,0.0,0
781249143562496,0,0.0,0
781372003245283,0,0.0,0
782095975545859,0,0.0,0
782250185337795,0,0.0,0
782359787589895,0,0.0,0
782538571167529,0,0.0,0
782542686761760,0,0.0,0
782810852771207,1,1.0,1
783215299223866,0,0.0,0
783663768641856,0,0.0,0
783668186904456,0,0.0,0
784320494214615,0,0.0,0
784615492093124,0,0.0,0
786092462902929,0,0.0,0
786223527502418,0,0.0,0
786981270185728,0,0.0,0
787377771409889,0,0.0,0
787905959216526,0,0.0,0
788098211922332,0,0.0,0
788107187925947,0,0.0,0
788110904826542,0,0.0,0
788111454791544,0,0.0,0
788218937869828,0,0.0,0
788233848943856,0,0.0,0
788657304329596,0,0.0,0
788725582401315,0,0.0,0
789102538666548,0,0.0,0
789370108163132,0,0.0,0
789474102210417,0,0.0,0
790394588240452,0,0.0,0
791359411991695,0,0.0,0
792620872287477,0,0.0,0
792624400793206,0,0.0,0
792712072099338,0,0.0,0
793248404010396,0,0.0,0
793252643775672,0,0.0,0
793253686408011,0,0.0,0
793438071269197,0,0.0,0
793744419773234,0,0.0,0
793892182607093,0,0.0,0
794110760861919,0,0.0,0
794747988841626,0,0.0,0
795224268104241,0,0.0,0
795391162213509,0,0.0,0
796460469473020,0,0.0,0
796752130312567,0,0.0,0
796864568775011,0,0.0,0
797087673563263,0,0.0,0
798390392127164,0,0.0,0
799463351292053,0,0.0,0
799762959662820,0,0.0,0
800212094601398,0,0.0,0
800789932026212,0,0.0,0
801999000517960,0,0.0,0
802815561784810,0,0.0,0
803107768420312,0,0.0,0
803232494990919,0,0.0,0
803637520884512,0,0.0,0
803753965892579,0,0.0,0
803754800675770,0,0.0,0
804018888113292,0,0.0,0
804022133897259,0,0.0,0
804782893565391,0,0.0,0
805237212442906,0,0.0,0
805240908506215,0,0.0,0
805273005778763,0,0.0,0
805818519728367,0,0.0,0
805825480616697,0,0.0,0
805992642041639,0,0.0,0
806237615441043,0,0.0,0
806292055855210,0,0.0,0
806429851049201,0,0.0,0
806431746271213,0,0.0,0
806434089175941,0,0.0,0
806435161042543,0,0.0,0
806737747336953,0,0.0,0
807096519118805,0,0.0,0
807413738820272,0,0.0,0
808790677312118,0,0.0,0
808865181566456,0,0.0,0
808867931800914,0,0.0,0
808969597985820,0,0.0,0
809178473928284,0,0.0,0
809182245948478,0,0.0,0
809326968964559,0,0.0,0
810328295615112,0,0.0,0
810330499286685,0,0.0,0
810360980203273,0,0.0,0
810502280669941,0,0.0,0
810955441829345,0,0.0,0
811372796052656,0,0.0,0
811827122109357,0,0.0,0
813329894599732,0,0.0,0
813498000705251,0,0.0,0
813503346182334,0,0.0,0
813698441285074,0,0.0,0
813790363029042,0,0.0,0
814004325854907,0,0.0,0
814585866100864,0,0.0,0
815502937264632,0,0.0,0
815548484187415,0,0.0,0
815857076654355,0,0.0,0
815928749807299,0,0.0,0
816350802112000,0,0.0,0
816783011823179,0,0.0,0
816785373925064,0,0.0,0
816816347954266,0,0.0,0
817402629102730,0,0.0,0
817804112299555,0,0.0,0
817853777158222,0,0.0,0
817904577354576,0,0.0,0
818130127916074,0,0.0,0
818413965389758,0,0.0,0
818627141413086,0,0.0,0
818685686016342,0,0.0,0
818785881250805,0,0.0,0
818858560889312,0,0.0,0
820060196671547,0,0.0,0
820149514601368,0,0.0,0
820436327030087,0,0.0,0
820439315106464,0,0.0,0
820624964349018,1,1.0,1
821041186544968,0,1.0,1
821243462625432,0,0.0,0
821589597828188,0,0.0,0
821615841967325,0,0.0,0
821648847101411,0,0.0,0
821817506045703,0,0.0,0
821871525409106,0,0.0,0
822141685247511,0,0.0,0
822794364585150,0,0.0,0
823369876179217,0,0.0,0
823584038802163,0,0.0,0
823690307624798,0,0.0,0
823777938289206,0,0.0,0
824041446303510,0,0.0,0
824236356056452,0,0.0,0
824668296612858,0,0.0,0
824791217344958,0,0.0,0
824984827058116,0,0.0,0
824984985074639,0,0.0,0
825736019407939,0,0.0,0
825997034046429,0,0.0,0
826633363836050,0,0.0,0
826749285391924,0,0.0,0
826752249455427,0,0.0,0
826860331810451,0,0.0,0
826864938822456,0,0.0,0
827570088301379,0,0.0,0
827636037090172,0,0.0,0
827800662923923,0,0.0,0
827942229681631,0,0.0,0
828269662365317,0,1.0,1
828275059595037,0,0.0,0
829572037827137,0,0.0,0
829874045078163,0,0.0,0
830250412607375,0,0.0,0
830659963390782,0,0.0,0
831608578188732,0,0.0,0
831708796852086,0,0.0,0
831800253641282,0,0.0,0
831810271032426,0,0.0,0
831998895277843,0,0.0,0
832035430649395,0,0.0,0
832228244440255,0,0.0,0
832510819449561,0,0.0,0
832571145108281,0,0.0,0
832576358318557,0,0.0,0
833897073032262,0,0.0,0
834666109033743,0,0.0,0
835432064675058,0,0.0,0
835482476029061,0,0.0,0
835485547844987,0,0.0,0
835539780159450,0,0.0,0
836024570393276,0,0.0,0
836431091201883,0,0.0,0
836971118708633,0,1.0,1
837880497471523,0,0.0,0
837887824850258,0,0.0,0
838266078919450,0,0.0,0
838586325449123,0,0.0,0
838981432320551,0,0.0,0
839217119376020,0,0.0,0
839400881983526,0,0.0,0
839928602009927,0,0.0,0
840695962173623,0,0.0,0
840828934347937,0,0.0,0
840898991486094,0,0.0,0
840984936197380,0,0.0,0
840994566062751,0,0.0,0
841477791194357,0,0.0,0
841801849058260,0,0.0,0
842027394371622,0,0.0,0
842531338391024,0,0.0,0
843003785263582,0,0.0,0
843369763369497,0,0.0,0
843623887693473,0,0.0,0
844314453191710,0,0.0,0
844418655541969,0,0.0,0
562957494507101,0,0.0,0
563071293810426,0,0.0,0
563229637871055,0,0.0,0
563234863714816,0,0.0,0
563674598353450,0,0.0,0
564250648013968,0,0.0,0
564754351261135,0,0.0,0
565095955538285,0,0.0,0
565096743436812,0,0.0,0
565149477027168,0,0.0,0
565487084656646,0,0.0,0
565812722800371,0,0.0,0
566104664448165,0,0.0,0
566105409300701,0,0.0,0
566234673340510,0,0.0,0
566261575598088,0,0.0,0
566949652268889,0,0.0,0
568249242620591,0,0.0,0
568661001061345,0,0.0,0
568737465351056,0,0.0,0
569480072223257,0,0.0,0
569663048512142,0,0.0,0
569753108796319,0,0.0,0
569754193271050,0,0.0,0
569971740948781,0,0.0,0
570420201861460,0,0.0,0
570775560660745,0,0.0,0
570986459202345,0,0.0,0
571073897080702,0,0.0,0
571464953971417,0,0.0,0
571472553892661,0,0.0,0
572042887805419,0,0.0,0
572184118530267,0,0.0,0
572872796345202,0,0.0,0
573089398646303,0,0.0,0
573090338582423,0,0.0,0
573151464245260,0,0.0,0
573213912639396,0,0.0,0
573617876744412,0,0.0,0
574003562392030,0,0.0,0
574330233021853,0,0.0,0
574416699858803,0,0.0,0
574423167109927,0,0.0,0
574464248271162,0,0.0,0
575057595029241,0,0.0,0
575120155016429,0,0.0,0
575587487950123,0,0.0,0
575587754596174,0,0.0,0
575764944870686,1,1.0,1
576462231253860,0,0.0,0
576720577655165,0,0.0,0
576823774247464,0,0.0,0
576826477050663,0,0.0,0
577380413491111,0,0.0,0
577559881264170,0,0.0,0
577892001599528,0,0.0,0
578116056779835,0,0.0,0
578639965909811,0,0.0,0
578770641625303,0,0.0,0
578861242155587,0,0.0,0
579028519377237,0,0.0,0
579337328235051,0,0.0,0
579367456820103,0,0.0,0
579446938879605,0,0.0,0
579633450843407,0,0.0,0
579694306830197,0,0.0,0
579871123351453,0,0.0,0
579943975308883,0,0.0,0
580297319492479,0,0.0,0
580351256343330,0,0.0,0
580502048194748,0,0.0,0
580661614309224,0,0.0,0
580726604863683,0,0.0,0
581367611565227,0,0.0,0
581403827603773,0,0.0,0
581407084480818,0,0.0,0
581409671992662,0,0.0,0
581620689333803,0,0.0,0
581654465604239,0,0.0,0
581719477511049,0,0.0,0
581778191478493,0,0.0,0
581780577352210,1,1.0,1
581898057218624,0,0.0,0
582335872171929,0,0.0,0
582387788053844,0,0.0,0
582597096184450,1,1.0,1
582697310733087,0,0.0,0
582756975983286,0,0.0,0
585092362021855,0,0.0,0
585326990104025,0,0.0,0
585330304810286,0,0.0,0
585666395331841,0,0.0,0
586232281159097,1,1.0,1
586260219591475,0,0.0,0
586807662657280,0,0.0,0
587471471624890,0,0.0,0
587662011465661,0,0.0,0
587667226066432,0,0.0,0
587839092086356,0,0.0,0
589048691703270,0,0.0,0
589827354189631,0,0.0,0
590183028303046,0,0.0,0
590550860037303,0,0.0,0
591205411418561,0,0.0,0
591429960131616,0,0.0,0
591432081743516,0,0.0,0
591676212023625,0,0.0,0
591683926767602,0,0.0,0
591686906683997,0,0.0,0
591722703653105,0,0.0,0
591726178259840,0,0.0,0
591978633768979,0,0.0,0
592861950765250,0,0.0,0
592960395932501,0,0.0,0
594739183649761,0,0.0,0
595074393048643,0,0.0,0
595564336451208,0,0.0,0
595916658516433,0,0.0,0
596832819375990,0,0.0,0
597088091065021,0,0.0,0
597093423610358,0,1.0,1
597095077125690,0,0.0,0
597286073228561,0,0.0,0
597291463326487,0,0.0,0
597296581724324,0,0.0,0
597352122269770,0,0.0,0
597355312787582,0,0.0,0
598103186095104,0,0.0,0
598228196498677,0,0.0,0
598572942804289,0,0.0,0
599162778837574,0,0.0,0
599306928615815,0,0.0,0
601055013889679,0,0.0,0
601331284255613,0,0.0,0
601645572743312,0,0.0,0
602358380715310,0,0.0,0
602477624928636,0,0.0,0
602706079138534,0,0.0,0
603044445402983,0,0.0,0
603547068657335,0,0.0,0
603715543971871,0,0.0,0
603716966476424,0,0.0,0
604012584334505,0,0.0,0
605069260181638,0,0.0,0
605507240796685,0,0.0,0
605722989761122,0,0.0,0
606228224193018,0,1.0,1
606662829894038,0,0.0,0
607308621354576,0,0.0,0
607442258118883,0,0.0,0
607903733170301,0,0.0,0
608071074336754,0,0.0,0
608073659592293,0,0.0,0
608281799479583,0,0.0,0
608333009921398,0,1.0,1
608558481444859,0,0.0,0
608609030184122,0,0.0,0
608955807809389,0,0.0,0
609836262276373,0,0.0,0
609841991016056,0,0.0,0
610216608626120,0,0.0,0
610431902893778,0,0.0,0
611147570178973,0,0.0,0
611286924016352,0,0.0,0
612931850222280,0,0.0,0
613527718441456,0,0.0,0
613558386702951,0,0.0,0
613809565298178,0,0.0,0
613889361362453,0,0.0,0
615311698790713,0,0.0,0
616130637072228,0,0.0,0
616845254587743,0,0.0,0
616967782513642,0,0.0,0
617695628387292,0,0.0,0
618072144643371,0,0.0,0
618345247315923,0,0.0,0
619055823767183,0,0.0,0
619372882522294,0,0.0,0
620338004734847,0,0.0,0
620869019898635,0,0.0,0
621434136464097,0,0.0,0
624222574658158,0,0.0,0
624951508241465,0,0.0,0
625433080574771,0,1.0,1
625489832569547,0,0.0,0
625585422526626,0,0.0,0
626072039570261,0,0.0,0
626327281785609,0,0.0,0
627173555408031,0,0.0,0
627202993958256,0,0.0,0
627912245288974,0,0.0,0
627989263495724,0,0.0,0
628057415107095,0,0.0,0
628120664282253,0,0.0,0
629368432653336,0,0.0,0
629807983665827,0,0.0,0
630644650315240,0,0.0,0
630907598150760,0,0.0,0
631871506127516,0,0.0,0
632201520056999,0,0.0,0
632226446988282,0,0.0,0
633016503247255,0,0.0,0
633864886601194,0,0.0,0
633867363732105,0,0.0,0
634497165122509,0,0.0,0
634580012257188,0,0.0,0
635878698881917,0,0.0,0
636220565586750,0,0.0,0
636221406126859,0,0.0,0
636221541063830,0,0.0,0
636250556567060,0,0.0,0
636311725924089,0,0.0,0
636524063149165,0,0.0,0
636585079779881,0,0.0,0
636943777142838,0,0.0,0
636980508040448,0,0.0,0
637307180255590,0,0.0,0
637311666766748,0,0.0,0
637983203376711,0,0.0,0
638055934253193,1,1.0,1
638697411110177,0,0.0,0
638809037910561,0,0.0,0
639622279683288,0,0.0,0
639974003981187,0,0.0,0
640082728812265,0,0.0,0
640183030545459,0,0.0,0
640281777341239,0,0.0,0
640446963991038,0,0.0,0
640496381891094,0,0.0,0
640601948664842,0,0.0,0
640952460275543,0,0.0,0
641053894753579,0,0.0,0
641173677878157,0,0.0,0
642458632615206,1,1.0,1
642892625926442,0,0.0,0
643876538154048,0,0.0,0
644955561059387,0,0.0,0
645512464908266,0,0.0,0
647098352649816,1,1.0,1
647630518202735,0,0.0,0
647679482570740,0,0.0,0
647687079711372,0,0.0,0
648236217020781,0,0.0,0
648788169960982,0,0.0,0
648789658703933,0,0.0,0
648791918125463,0,0.0,0
649047611203524,0,0.0,0
649047789863143,0,0.0,0
650737987730588,0,0.0,0
650916035338221,0,0.0,0
650918240294073,0,0.0,0
651314296261062,0,0.0,0
651459818217627,0,0.0,0
652484660552211,0,0.0,0
652490996398648,0,0.0,0
655360563199593,0,0.0,0
655503856585929,0,0.0,0
655807846519885,0,0.0,0
657216000378609,0,0.0,0
657348247073053,0,0.0,0
657510938053477,0,0.0,0
657586854590320,0,0.0,0
657652780284487,0,0.0,0
657980499180699,0,0.0,0
657980856290660,0,0.0,0
658714428047847,0,0.0,0
659306914289227,0,0.0,0
659458825957422,0,0.0,0
660195700397563,0,0.0,0
661548986127243,0,0.0,0
661696044274422,0,0.0,0
662686462574475,0,0.0,0
662943680183034,0,0.0,0
663102149882896,0,0.0,0
663107525631532,1,1.0,1
663172597633487,0,0.0,0
663468787614573,0,0.0,0
663472153501819,0,0.0,0
663803178619047,0,0.0,0
664092211911014,0,0.0,0
664532390490363,0,0.0,0
664687146316929,0,0.0,0
664732156702588,0,0.0,0
664875633822617,0,0.0,0
664881492492949,0,0.0,0
665051662596179,0,0.0,0
665102559336573,0,0.0,0
665371821477095,0,0.0,0
665482682885594,0,0.0,0
665659772350332,0,0.0,0
665970852847481,0,0.0,0
666096124610961,0,0.0,0
666451372119260,0,0.0,0
666788267119505,0,0.0,0
666895788560467,0,0.0,0
667814066007317,0,0.0,0
668228399473072,0,0.0,0
668358952446147,0,0.0,0
669189977715928,0,0.0,0
669237546320574,0,0.0,0
669238856668837,0,0.0,0
669310606285409,0,0.0,0
670875973669542,0,0.0,0
670876354665265,0,0.0,0
671036467475308,0,0.0,0
671635341524369,0,0.0,0
671736006832668,0,0.0,0
671808827001802,0,0.0,0
673780830050998,0,0.0,0
673914012380403,0,0.0,0
673983589689120,0,0.0,0
674148660429516,0,0.0,0
674322856250348,0,0.0,0
674503605434068,0,0.0,0
675554444387632,1,1.0,1
675589928587779,0,0.0,0
675604592466794,0,0.0,0
675915679657800,0,0.0,0
676918449276301,0,0.0,0
677235765116584,0,0.0,0
677351251487802,0,0.0,0
677351448563366,0,0.0,0
677358920454123,0,0.0,0
677720323439017,0,0.0,0
677728175776625,0,0.0,0
679121035417582,0,0.0,0
679128477297133,0,0.0,0
679162298702279,0,0.0,0
679168234271208,1,1.0,1
681922388290397,0,0.0,0
682081379793180,0,0.0,0
682465223859984,0,0.0,0
682778230669384,0,0.0,0
683913515389740,0,0.0,0
683978541815525,0,0.0,0
684461882354753,0,0.0,0
685797132005985,0,0.0,0
685913630752901,0,0.0,0
686072628315726,0,0.0,0
686293854618729,0,0.0,0
686638769496396,0,0.0,0
687067312630834,0,0.0,0
687229048743497,0,0.0,0
687851403011016,0,0.0,0
688257467007615,0,0.0,0
688494420403537,0,0.0,0
688750516790753,0,0.0,0
689325194330449,0,0.0,0
689633824821640,0,0.0,0
689674995994361,0,0.0,0
691147329128649,0,0.0,0
691958167867269,0,0.0,0
692798810873728,0,0.0,0
692931054848892,0,0.0,0
693151809575631,0,0.0,0
693633901148434,0,0.0,0
693782414672220,0,0.0,0
694499883430780,0,0.0,0
695799163823718,0,0.0,0
695908455097823,0,0.0,0
697554200294687,0,0.0,0
698043223372781,0,0.0,0
698048123460410,0,0.0,0
698108979270332,0,0.0,0
698333988820489,0,0.0,0
698928015656361,0,0.0,0
699962061331186,0,0.0,0
700638861119863,0,0.0,0
701465720033439,0,0.0,0
701678300475926,0,0.0,0
701902498461403,0,0.0,0
702071759927963,0,0.0,0
702072682227907,0,0.0,0
702650655052829,0,0.0,0
702949740265998,0,0.0,0
704185565770241,0,0.0,0
704984386509482,0,0.0,0
705135974112468,0,0.0,0
705476527958624,0,0.0,0
705672762094293,0,0.0,0
705712162778040,0,0.0,0
705851606610078,0,0.0,0
706375823369455,0,0.0,0
706629515375688,0,0.0,0
706954916264047,0,0.0,0
707221095541388,0,0.0,0
707380166430014,0,0.0,0
707847362535722,0,0.0,0
708116024712172,0,0.0,0
708862731251342,0,0.0,0
709850335963395,0,0.0,0
710633992906011,0,0.0,0
710797646811906,0,0.0,0
711386961416750,0,0.0,0
711595342133433,0,0.0,0
711785846680236,0,0.0,0
711960769696531,0,0.0,0
712020415050688,0,0.0,0
712076221534167,0,0.0,0
712485728358885,0,0.0,0
713551508835376,0,0.0,0
714632190167937,0,0.0,0
714636812470295,0,0.0,0
714638041002889,0,0.0,0
714643548972645,0,0.0,0
716441059556655,0,0.0,0
716626826334111,0,0.0,0
716779580234478,0,0.0,0
717124588949490,0,0.0,0
717205209937422,0,0.0,0
717211393820684,0,0.0,0
717507214194271,0,0.0,0
718224617217662,0,0.0,0
719076314208246,0,0.0,0
719078406990997,0,0.0,0
719229260540299,0,0.0,0
719678272536980,0,0.0,0
719866675921299,0,0.0,0
719873047396621,0,0.0,0
719991832263122,0,0.0,0
720296979356922,0,0.0,0
720745760208029,0,0.0,0
720775124488051,0,0.0,0
720885962021117,0,0.0,0
720892306158097,0,0.0,0
720928989810165,0,0.0,0
720958809445498,0,0.0,0
721897613234429,0,0.0,0
722110518300362,0,0.0,0
722289434718667,0,0.0,0
722293901138438,0,0.0,0
722909946013331,0,0.0,0
723121849913395,0,0.0,0
723380141342873,0,0.0,0
723774057960802,0,0.0,0
724224319069504,0,0.0,0
724485106640627,0,0.0,0
724685791925412,0,0.0,0
724994910821365,0,0.0,0
726132090104758,0,0.0,0
726402331172970,0,0.0,0
726816156505034,0,0.0,0
727150293691733,0,0.0,0
727516571463119,0,0.0,0
727883740881303,0,0.0,0
728336163631113,1,1.0,1
728337282690389,0,0.0,0
732058426042168,0,0.0,0
732524712578651,0,0.0,0
733027543379704,0,0.0,0
733805060183500,0,0.0,0
733823102597235,0,0.0,0
733902932684642,0,0.0,0
733951451814005,0,0.0,0
735077305610045,0,0.0,0
735483639535535,0,0.0,0
735519852386928,0,0.0,0
735760108893245,0,0.0,0
736585825866769,0,0.0,0
736586737253071,0,0.0,0
737155700565142,0,0.0,0
737311070537076,0,0.0,0
737501351221227,0,0.0,0
737559205295523,0,0.0,0
738177826196021,0,0.0,0
738455145348799,0,0.0,0
738881235975968,0,0.0,0
738994671741015,0,0.0,0
738995337711759,0,0.0,0
739839467328951,0,0.0,0
739904874948593,0,0.0,0
740269754886011,0,0.0,0
740583583936826,0,0.0,0
742765692576493,0,0.0,0
742769028414099,0,0.0,0
743192014086888,0,0.0,0
744209347597201,0,0.0,0
744211622130369,0,0.0,0
744338762832152,0,0.0,0
744730958890462,0,0.0,0
744731201958276,0,0.0,0
744734727026271,0,0.0,0
744737087002219,0,0.0,0
745002915618843,0,0.0,0
745009230409733,0,0.0,0
745011696848403,0,0.0,0
745394716182591,0,0.0,0
746350315352104,0,0.0,0
746502232973727,0,0.0,0
747711622584996,0,0.0,0
748099630758834,0,0.0,0
748277314336924,0,0.0,0
748277825762921,0,0.0,0
749076293884332,0,0.0,0
749147797295522,0,0.0,0
749902231331916,0,0.0,0
749949187347522,0,0.0,0
750368790178188,0,0.0,0
750760533726938,0,0.0,0
750972288935554,0,0.0,0
751131613058418,0,0.0,0
751487836551370,0,0.0,0
752511957915582,0,0.0,0
752718072831956,0,0.0,0
752909687694863,0,0.0,0
753027028481040,0,0.0,0
753283908432912,0,0.0,0
753907490365595,0,0.0,0
754593385008949,0,0.0,0
755385646814832,0,0.0,0
755595817735364,0,0.0,0
756205235288686,0,0.0,0
756505756308447,0,0.0,0
757263816545536,0,0.0,0
758001180561871,0,0.0,0
758005475529167,0,0.0,0
758078799991274,0,0.0,0
758109565334077,0,0.0,0
759973413407034,0,0.0,0
760052024647936,0,0.0,0
760319196216964,0,0.0,0
761545340597437,0,0.0,0
761584195157667,0,0.0,0
761862999257531,1,1.0,1
761902174561618,0,0.0,0
762339150475330,0,0.0,0
763466411975301,0,0.0,0
764232208708632,0,0.0,0
764475740634558,0,0.0,0
765182369962329,0,0.0,0
765980699188386,0,0.0,0
766377956032823,0,0.0,0
766774471786761,0,1.0,1
766912453260882,0,0.0,0
766913411081496,0,0.0,0
768023958690071,0,0.0,0
768078094557019,1,1.0,1
768814614332236,0,0.0,0
768944269848838,0,0.0,0
769067268002020,0,0.0,0
769138867114495,0,0.0,0
769144352414294,0,0.0,0
769218801334694,0,0.0,0
769220283505768,0,0.0,0
769224948373356,0,0.0,0
769296364078891,0,0.0,0
769866662384226,0,0.0,0
769875742737046,0,0.0,0
769931073257190,0,0.0,0
770168808798858,1,1.0,1
770607636013309,0,0.0,0
770607690440130,0,0.0,0
770733801213421,0,0.0,0
771182207317563,0,0.0,0
771214343171269,0,0.0,0
771927724488473,0,0.0,0
772251814121853,0,0.0,0
772441208925293,0,0.0,0
772483475139538,0,0.0,0
772597113256133,0,0.0,0
772665240007741,0,0.0,0
772721246719433,0,0.0,0
772829114048005,0,0.0,0
773501340058299,1,1.0,1
773687436558958,0,0.0,0
773873795929936,0,0.0,0
774186057955358,0,0.0,0
774191546939678,0,0.0,0
774903272116391,0,0.0,0
775698704234346,0,0.0,0
776547106960459,0,0.0,0
777675870788772,0,0.0,0
777715746385799,0,0.0,0
777718631461680,0,0.0,0
777720354543124,0,0.0,0
777791130144235,0,0.0,0
777791528854667,0,0.0,0
777799685755892,0,0.0,0
778204125332047,0,0.0,0
778257129247095,0,0.0,0
779379358735032,0,0.0,0
779628666819430,0,0.0,0
780557865084547,0,0.0,0
781888157352921,0,0.0,0
782693881301775,0,0.0,0
782696748584162,0,0.0,0
782700211557419,0,0.0,0
782874320911650,0,0.0,0
782994101362747,0,0.0,0
783263728224807,0,0.0,0
783457877000180,0,0.0,0
784094732311504,0,0.0,0
784312549026637,0,0.0,0
784405997813068,0,0.0,0
784485747663631,0,0.0,0
784493797258165,0,0.0,0
784702790118442,0,0.0,0
784932716600788,0,0.0,0
785873993653420,0,0.0,0
785974633692850,0,0.0,0
785975351993100,0,0.0,0
786097393916609,0,0.0,0
786435046598403,0,0.0,0
787087962583328,0,0.0,0
787156502686821,0,0.0,0
787281491065804,0,0.0,0
787577845489863,1,1.0,1
788167016249189,0,0.0,0
788373929669430,0,0.0,0
788614170976284,0,0.0,0
790303342416028,0,0.0,0
791073357956559,0,0.0,0
791654967386140,0,0.0,0
792378009603541,0,0.0,0
792833605464285,0,0.0,0
794351045904816,0,0.0,0
794594037022596,0,0.0,0
794651645276715,0,0.0,0
794948007716441,0,0.0,0
795111871099748,0,0.0,0
795580821342475,0,0.0,0
795584926470815,0,0.0,0
795585594299748,0,0.0,0
796540547654425,1,1.0,1
796780938629351,0,0.0,0
797133252107709,0,0.0,0
797532174608156,0,0.0,0
797808044214291,0,0.0,0
798081993992883,0,0.0,0
798167470815937,0,0.0,0
798786958031516,0,0.0,0
799120888886133,0,0.0,0
799250988634394,0,0.0,0
799730819096182,0,0.0,0
801269420096391,0,0.0,0
801271835524113,0,0.0,0
801733757340936,0,0.0,0
802273861546385,0,0.0,0
802506719190525,0,0.0,0
802655481107779,0,0.0,0
803079497847609,0,0.0,0
803083459612906,0,0.0,0
803181116044677,0,0.0,0
803405197090182,0,0.0,0
803564003120881,0,0.0,0
804908675599529,0,0.0,0
805010168121846,0,0.0,0
805830630716794,0,0.0,0
805953995269684,0,0.0,0
806525766145786,0,0.0,0
807434254398035,0,0.0,0
807697178776602,0,0.0,0
808157950554787,0,0.0,0
808238388374846,0,1.0,1
808305701236267,0,0.0,0
808337588098084,0,0.0,0
808857676754273,0,0.0,0
809263756481371,0,0.0,0
809955561294563,1,1.0,1
810229704692858,0,0.0,0
810233207064015,0,0.0,0
811553702681766,0,0.0,0
811561633907111,0,0.0,0
812650684652239,0,0.0,0
812897683084400,0,0.0,0
813055525222441,0,0.0,0
814475336594803,0,1.0,1
814554209120567,0,0.0,0
814730250965307,0,0.0,0
815237539882124,0,0.0,0
815240974819071,0,0.0,0
815486729231877,0,0.0,0
815857673929883,0,0.0,0
816168915766802,0,0.0,0
816560774084464,0,0.0,0
817640606333601,0,0.0,0
818021213857157,0,0.0,0
818865254722643,0,0.0,0
819408781598905,0,0.0,0
819592706272596,0,0.0,0
820656948183878,0,0.0,0
820811265307093,0,0.0,0
820878775443244,0,0.0,0
821007714540123,0,0.0,0
821382049381973,0,0.0,0
821415605424728,0,0.0,0
821425999721230,0,0.0,0
821566013228068,0,0.0,0
821900590854294,0,0.0,0
822070484083149,0,0.0,0
822798726700838,0,0.0,0
822955492366461,0,0.0,0
822957345712108,0,0.0,0
822959787333757,0,0.0,0
823019291963259,0,0.0,0
824557515167869,0,0.0,0
824668652103348,0,0.0,0
825192649251827,0,0.0,0
825735709355381,0,0.0,0
826338859778587,0,0.0,0
826689113162122,0,0.0,0
828134786451583,0,0.0,0
828388878170527,0,0.0,0
829156499395103,0,0.0,0
829233745138510,0,0.0,0
829357169689608,0,0.0,0
829358114622698,0,0.0,0
829637733327161,0,0.0,0
829687695236817,0,0.0,0
829691156812164,0,0.0,0
829755294966365,0,0.0,0
830273266651210,0,0.0,0
830279300923829,0,0.0,0
830279553214143,0,0.0,0
830409301513723,0,0.0,0
831157717739225,0,0.0,0
831394513291231,0,0.0,0
831672639126213,0,0.0,0
831727340733124,0,0.0,0
831876475879275,0,0.0,0
831882703168149,0,0.0,0
832359576674733,0,0.0,0
832706556349873,0,0.0,0
832712010467217,0,0.0,0
833993184837284,0,0.0,0
834007664712260,0,0.0,0
834800858814001,0,0.0,0
835678150953296,0,0.0,0
835739293603157,0,0.0,0
836521945065124,0,0.0,0
836573809897170,0,0.0,0
837306944625888,0,0.0,0
837314964944288,0,1.0,1
838290325362773,0,0.0,0
838632959361175,0,0.0,0
838734587835958,0,0.0,0
838782995318586,0,0.0,0
838785984052372,0,0.0,0
838898842882182,0,0.0,0
839235470217388,0,0.0,0
839240673992569,0,0.0,0
839402438866027,0,0.0,0
839407059388260,0,0.0,0
839939168424287,0,0.0,0
839943271992676,0,0.0,0
840360768913974,0,0.0,0
840411042763188,0,0.0,0
840762175883240,0,0.0,0
840763858163290,0,0.0,0
841161317474625,0,0.0,0
841254310876966,0,0.0,0
842561563426884,0,0.0,0
842843821898535,0,0.0,0
842845362327246,0,0.0,0
843517219565417,0,0.0,0
843524932228250,0,0.0,0
843592564746354,0,0.0,0
843593730184982,0,0.0,0
843950292740025,0,0.0,0
844328456869638,0,0.0,0
563433999702743,0,0.0,0
563483033515895,0,0.0,0
563547741742782,0,0.0,0
564511109844864,0,0.0,0
564678701412751,0,0.0,0
565059940748815,0,0.0,0
565300619027037,0,0.0,0
565510115657660,0,0.0,0
565715650857587,0,0.0,0
566003169240714,0,0.0,0
566854051674009,0,0.0,0
567991817794620,0,0.0,0
568161639754237,1,1.0,1
569634188514675,0,0.0,0
569730828557508,0,0.0,0
572054213854209,0,0.0,0
573682609853628,0,0.0,0
574124873390120,0,0.0,0
574127237290706,0,0.0,0
574586030893746,0,0.0,0
574588439497671,0,0.0,0
575613870020220,0,0.0,0
575672652027017,0,0.0,0
576791329168356,0,0.0,0
576971792421934,0,0.0,0
576976557699486,0,0.0,0
577436252155993,0,0.0,0
578771454203539,0,0.0,0
578859137517482,0,0.0,0
579598674138844,0,0.0,0
579935175635332,0,0.0,0
580197996603200,0,0.0,0
580251237303070,0,0.0,0
580364869194599,0,0.0,0
580696760121526,0,0.0,0
580735963684722,0,0.0,0
580784201562234,0,0.0,0
582276574626146,0,0.0,0
582282124550660,0,0.0,0
582444525869284,0,0.0,0
584837642376712,0,0.0,0
584846472527590,0,0.0,0
584849246863113,0,1.0,1
584849289209079,0,0.0,0
586045369258349,0,0.0,0
586400099758557,0,0.0,0
586462870497346,0,0.0,0
587643795591620,0,0.0,0
588327485937673,0,0.0,0
588576057401499,0,0.0,0
588641195279640,0,0.0,0
588798583133592,0,0.0,0
588862162448659,0,0.0,0
588911417310424,0,0.0,0
589110079319483,0,0.0,0
589229655707572,0,0.0,0
590537450635168,0,0.0,0
590713718357112,0,0.0,0
591064131308813,0,0.0,0
591182039181837,0,0.0,0
591246671525058,0,0.0,0
591253686730020,0,0.0,0
591365688628153,0,0.0,0
591586252840656,0,0.0,0
592763794624720,0,0.0,0
592769210416835,0,0.0,0
593292530651360,0,0.0,0
593295058249529,0,0.0,0
593295881854487,0,0.0,0
593299194391277,0,0.0,0
593402361421101,0,0.0,0
595081733654672,0,0.0,0
595869485927018,0,0.0,0
596154296011762,0,0.0,0
596961471109146,0,0.0,0
598047873565713,0,0.0,0
598276127731580,0,0.0,0
598803857041269,0,0.0,0
600180647191425,0,0.0,0
600570085535882,0,0.0,0
601533038949602,0,0.0,0
602063785479258,0,0.0,0
602179906430673,0,0.0,0
602187034323329,0,0.0,0
602608444613108,0,1.0,1
602709666090958,0,0.0,0
603015758598218,0,0.0,0
603943650600448,0,0.0,0
604672936825750,0,0.0,0
604674327336022,0,0.0,0
604678291640271,0,0.0,0
605127279880057,0,0.0,0
605163980016505,0,0.0,0
605983180674864,0,0.0,0
606083193419274,0,0.0,0
606264177438278,0,0.0,0
609066057097571,0,0.0,0
609713244325569,0,0.0,0
609806822160807,0,0.0,0
610363420073427,0,0.0,0
610398744927336,0,0.0,0
610404125329147,0,0.0,0
610489345708602,0,0.0,0
610799624180918,0,0.0,0
612125829489281,0,0.0,0
612512142449017,0,0.0,0
614600557744111,0,0.0,0
614738337880060,0,0.0,0
614874368739821,0,0.0,0
615071396578933,0,0.0,0
615072596841447,0,0.0,0
615080894989035,0,0.0,0
615216394381445,0,0.0,0
615899437637632,0,0.0,0
616720642357540,0,0.0,0
617042643177104,0,0.0,0
617058834286594,0,0.0,0
619053580171861,0,0.0,0
619111089360154,0,0.0,0
619194498720069,0,0.0,0
619196428347155,0,0.0,0
619897015874111,0,0.0,0
620595860626249,0,0.0,0
620597605674578,0,0.0,0
621199305186715,0,0.0,0
621202294777719,0,0.0,0
621473464295712,1,1.0,1
622002896070233,0,0.0,0
622257436554691,0,0.0,0
622547967536179,0,1.0,1
622682270865990,0,0.0,0
622914526895119,0,0.0,0
622922453755695,0,0.0,0
623301460351723,1,1.0,1
623640117723721,0,0.0,0
624018886185249,0,0.0,0
624059513292008,0,0.0,0
624185484673653,0,0.0,0
624187742442055,0,0.0,0
624194984918150,0,0.0,0
624199537557358,0,0.0,0
624200591425327,0,0.0,0
624202766160890,0,0.0,0
624316842432092,0,0.0,0
624539498188612,0,0.0,0
625271926934957,1,1.0,1
625274969361445,0,0.0,0
625322877595978,0,0.0,0
625541092075754,0,0.0,0
625907958305820,0,0.0,0
626064786188570,0,0.0,0
626172372957311,0,0.0,0
626175723440626,0,0.0,0
626392324294683,0,0.0,0
626581686574381,0,0.0,0
626691196126534,0,0.0,0
627342392435551,0,0.0,0
627529884783308,0,0.0,0
627555695936268,0,0.0,0
627864679019486,0,0.0,0
627990625511630,0,0.0,0
628046239751758,0,0.0,0
628935988999239,0,0.0,0
629992202525017,0,0.0,0
630498300893442,0,0.0,0
631142296511168,0,0.0,0
631149090338500,0,0.0,0
631151980042257,0,0.0,0
631448303018994,0,0.0,0
631709893207559,0,0.0,0
632176339399717,0,0.0,0
632247112646203,0,0.0,0
632802463398671,0,0.0,0
632805630389895,0,0.0,0
633337320034745,0,0.0,0
633398498691239,0,0.0,0
633833683052661,0,0.0,0
634120928458171,0,0.0,0
634188964615588,0,0.0,0
634306450246637,0,1.0,1
635321811592024,0,0.0,0
635406406575037,0,0.0,0
635685018180627,0,0.0,0
635863876895128,0,0.0,0
637521409709044,0,0.0,0
637756800790556,0,0.0,0
638335379776852,0,0.0,0
638404393942369,0,0.0,0
638405727317543,0,0.0,0
638416242520631,0,0.0,0
638561319722165,0,0.0,0
638716821226577,0,0.0,0
638998789999440,0,0.0,0
639136498194981,0,0.0,0
639431590702505,0,0.0,0
639982127205446,0,0.0,0
640416557255787,0,0.0,0
640752623796958,0,0.0,0
641467480835034,0,0.0,0
641524513227686,0,0.0,0
641656645938967,0,0.0,0
641908023140667,0,0.0,0
642217056195757,0,0.0,0
642316721648993,0,0.0,0
642457792774760,0,0.0,0
642733103190645,0,0.0,0
642733363378197,0,0.0,0
643643378313080,0,0.0,0
644234167119407,0,0.0,0
644678579106648,0,1.0,1
644761411049102,0,0.0,0
645012718211108,0,0.0,0
645259040136512,0,0.0,0
645263770116228,0,0.0,0
645354245231643,0,0.0,0
645359887093860,0,0.0,0
645967014771475,0,0.0,0
646031710475299,0,0.0,0
646284952150908,0,0.0,0
646710678011742,0,0.0,0
646714995152124,0,0.0,0
647146365527411,0,0.0,0
648677171453345,0,0.0,0
648769585432602,0,0.0,0
649453642725616,0,0.0,0
649701911571588,0,0.0,0
650333106330052,0,0.0,0
652358225474238,0,0.0,0
652568925340609,0,0.0,0
652569065511819,0,0.0,0
652737174390970,1,1.0,1
653447834686497,0,0.0,0
653448675012844,0,0.0,0
653570921824456,0,0.0,0
653777710067062,0,0.0,0
654367761818520,0,0.0,0
654445835926879,0,0.0,0
654735115528850,0,0.0,0
655047759639238,0,0.0,0
655995051448008,0,0.0,0
656544933040615,0,0.0,0
656787110617371,0,0.0,0
656989538701084,0,0.0,0
656991815977421,0,0.0,0
657120833469132,0,0.0,0
657396926598230,0,0.0,0
657574543917856,0,0.0,0
657695776950419,0,0.0,0
657882140974251,0,0.0,0
658359577842451,0,0.0,0
658577665555435,0,0.0,0
658973883942597,0,0.0,0
659061640091932,0,0.0,0
660040675561096,0,0.0,0
661489856638727,0,0.0,0
662114949721123,0,0.0,0
663163787677968,0,0.0,0
663216191743953,0,0.0,0
663667555325195,0,0.0,0
663737113163521,0,0.0,0
664327088300252,0,0.0,0
664574758313705,0,0.0,0
664576741163675,0,0.0,0
664948708837323,0,0.0,0
665022268078804,0,1.0,1
665399219755301,0,0.0,0
665566554502018,0,0.0,0
666044025775954,0,0.0,0
666292877924208,0,0.0,0
666721936873778,0,0.0,0
667158053195193,0,0.0,0
667163019447595,0,0.0,0
667878992333935,0,0.0,0
667980097804837,0,1.0,1
668185139781258,0,0.0,0
668907617860484,0,0.0,0
669150838829781,0,0.0,0
669516156580774,0,0.0,0
670022376552579,0,0.0,0
670070093329777,0,0.0,0
670079046727052,0,0.0,0
670714707111611,0,0.0,0
670956435099748,0,0.0,0
671423421585835,0,0.0,0
672024348158851,0,0.0,0
672026899729209,0,0.0,0
672032845759568,0,0.0,0
672373664229178,0,0.0,0
672376293455936,0,0.0,0
672548833935555,0,0.0,0
672964528409875,0,0.0,0
673614476835272,0,0.0,0
675113971202793,0,0.0,0
675339367653777,0,0.0,0
675525139349254,0,0.0,0
675883229378916,0,0.0,0
675927997051714,0,0.0,0
676772764879371,0,0.0,0
676799232793033,0,0.0,0
677872620917716,0,0.0,0
677921767048264,0,0.0,0
678094360406344,0,0.0,0
678215070659278,0,0.0,0
678716922396879,0,0.0,0
678717950863920,0,0.0,0
679530745164856,0,0.0,0
679904772778332,0,0.0,0
679908382018841,0,0.0,0
679980670596991,0,0.0,0
680213635473684,1,1.0,1
680314252324142,0,0.0,0
680650827912427,1,1.0,1
680814028391370,0,0.0,0
681349620367421,0,1.0,1
681445573843903,0,0.0,0
681734481908483,0,1.0,1
681735113254063,0,0.0,0
681844048170618,0,1.0,1
681846791628548,0,0.0,0
682139982040742,0,0.0,0
683065701105015,0,0.0,0
683259329705115,1,1.0,1
683610039677258,0,0.0,0
683775842327785,0,0.0,0
683908574303027,0,0.0,0
683935071172311,1,1.0,1
683942466215645,1,1.0,1
683946654641960,1,1.0,1
684339251769753,0,0.0,0
684418935042869,0,0.0,0
685747890556168,0,0.0,0
686422707057980,0,0.0,0
687039553313788,0,0.0,0
687824263248133,0,0.0,0
687959047214191,0,0.0,0
688731072502617,0,0.0,0
688784990237373,0,0.0,0
688851564446545,0,0.0,0
689708533134374,0,0.0,0
690250253191995,0,0.0,0
690643833628842,0,0.0,0
690911750243413,0,0.0,0
691066325556525,0,0.0,0
692065054270417,0,0.0,0
692411099066471,0,0.0,0
692979052905051,0,0.0,0
692981366803184,0,0.0,0
693751776520625,0,0.0,0
693752783315887,0,0.0,0
695155013674331,0,0.0,0
695408202018604,0,0.0,0
696317830758347,0,0.0,0
696532845331215,0,0.0,0
696734466595306,0,0.0,0
697246424672466,0,0.0,0
697307533103088,0,0.0,0
697578181613888,0,0.0,0
697859808581996,0,0.0,0
698729579781086,0,0.0,0
698733657514840,0,0.0,0
698863810253898,0,0.0,0
699030341000622,0,0.0,0
699129877456812,0,0.0,0
699130047372540,0,0.0,0
699295645829702,0,0.0,0
699342667911931,0,0.0,0
699462453577713,0,0.0,0
700085195213173,0,0.0,0
700145177391120,0,0.0,0
700443656455528,0,0.0,0
701177043786072,0,0.0,0
701251277147529,0,0.0,0
701805922758813,0,0.0,0
702183273518905,0,0.0,0
702419199163019,0,0.0,0
702484248124659,0,0.0,0
703644441132570,0,0.0,0
704974784595098,0,0.0,0
705126189522998,0,0.0,0
705291318301422,0,0.0,0
705777839804865,0,0.0,0
706199319578430,0,0.0,0
706413492337078,0,0.0,0
706471565950362,0,0.0,0
706781546421761,0,0.0,0
708539119101368,0,0.0,0
708744450684264,0,0.0,0
709062322184632,0,0.0,0
709728371065018,0,0.0,0
710221350875368,0,0.0,0
710230872676117,0,0.0,0
710321660364987,0,0.0,0
710619633184405,0,0.0,0
710625330139450,0,0.0,0
711846080779034,0,0.0,0
712829896359400,0,0.0,0
713352340129003,0,0.0,0
713875424413037,0,0.0,0
714901289450538,1,1.0,1
716555687578104,0,0.0,0
716672290442994,0,0.0,0
717333094700670,0,0.0,0
717601177097489,0,0.0,0
718347591299912,0,0.0,0
718523499620561,0,0.0,0
718727291249816,0,0.0,0
719372467645121,0,0.0,0
719714897117102,0,0.0,0
720370231028045,0,0.0,0
721019169477164,0,0.0,0
721623730800215,0,0.0,0
722033386780004,0,0.0,0
722303789012716,0,0.0,0
722470220928020,1,1.0,1
723238989448221,0,0.0,0
723587674923793,0,0.0,0
723962853919291,0,0.0,0
724002881078501,0,0.0,0
724990299434636,0,0.0,0
725013601315415,1,1.0,1
725102851771115,0,0.0,0
725903677664683,0,0.0,0
726628779198813,0,0.0,0
726633116367310,0,0.0,0
727597306015111,0,0.0,0
727999055697756,0,0.0,0
728307969584212,0,0.0,0
728941032240765,0,0.0,0
729189636089500,0,0.0,0
729309006949743,0,0.0,0
729309656615140,0,0.0,0
729315714283649,0,0.0,0
730489215866869,0,0.0,0
730887545248666,0,0.0,0
731179272510945,0,0.0,0
731302571499757,0,0.0,0
731689470217643,0,0.0,0
731877314596380,0,0.0,0
732130786215645,0,0.0,0
732547789380274,0,1.0,1
734237855155969,0,0.0,0
734472788718118,0,0.0,0
735089987304560,0,0.0,0
735276944774525,0,0.0,0
735773462782473,0,0.0,0
736120298559152,0,0.0,0
738051519665105,0,0.0,0
738332653037960,0,0.0,0
738687554042489,1,1.0,1
739425259127019,0,0.0,0
739699106304217,0,0.0,0
740283029022974,0,0.0,0
740405146701399,0,0.0,0
740746370845888,0,0.0,0
741052288982475,0,0.0,0
741057669105094,0,0.0,0
741529470089848,0,0.0,0
741940148149253,0,0.0,0
741941035251166,0,0.0,0
741943367253503,0,0.0,0
742688316665752,0,0.0,0
742713624295828,0,0.0,0
743529405295051,0,0.0,0
743714632248840,0,0.0,0
743930775288504,0,0.0,0
744019351000545,0,0.0,0
744043048706490,0,0.0,0
744147011781457,0,0.0,0
744670510308291,0,0.0,0
744832023656386,0,0.0,0
746071489664349,0,0.0,0
746076142198544,0,0.0,0
746542783655288,0,0.0,0
747068126241105,0,0.0,0
749313248606364,0,0.0,0
749958489102445,0,0.0,0
751000742075933,0,0.0,0
751402051823667,0,0.0,0
751772210826829,0,0.0,0
751837760955004,0,0.0,0
752677833563182,0,0.0,0
754240187001089,0,0.0,0
754450024068286,0,0.0,0
756253640384258,0,0.0,0
756710449517311,0,0.0,0
757644748264442,0,0.0,0
757959975968136,0,0.0,0
758452117825128,0,0.0,0
761102725488295,0,0.0,0
761108788653742,0,0.0,0
762100350520800,0,0.0,0
764071540993953,0,0.0,0
765041522154038,0,0.0,0
765227018126803,0,0.0,0
766043647702220,0,0.0,0
766105313616319,0,0.0,0
766809448184417,0,0.0,0
767528899678102,0,0.0,0
767530014844819,0,0.0,0
767728012915565,0,0.0,0
768446389370002,0,0.0,0
768824144726368,0,0.0,0
769940721858191,0,0.0,0
770172372186654,0,0.0,0
770174010498665,0,0.0,0
770175146017619,0,0.0,0
770876229565639,0,0.0,0
772294945046595,0,0.0,0
772965912415666,0,0.0,0
773492641690443,0,0.0,0
774128583176762,0,0.0,0
774888638548320,0,0.0,0
775816187440963,0,0.0,0
776191598207249,0,0.0,0
776222559680125,0,0.0,0
776228119300175,0,0.0,0
776944978512074,0,0.0,0
777141534380316,0,0.0,0
777783704547750,0,0.0,0
777785592799503,0,0.0,0
778657330006875,0,0.0,0
779358222043341,0,0.0,0
780037236806809,0,0.0,0
780126315759688,0,0.0,0
780250673559278,0,0.0,0
781406302264147,0,0.0,0
782236535443328,0,0.0,0
782340034586820,0,0.0,0
782376283305609,0,0.0,0
782631035801738,0,0.0,0
782868881723608,0,0.0,0
782944528883335,0,0.0,0
782979460734243,1,1.0,1
784209079702868,0,0.0,0
785194092471247,0,0.0,0
785738590349911,0,0.0,0
786575127578591,0,0.0,0
787629731516614,0,0.0,0
787747340121404,0,0.0,0
787989641344502,0,0.0,0
788051490653736,0,0.0,0
788660021628195,0,0.0,0
789289382541284,0,0.0,0
789450884747699,0,0.0,0
789454626320286,0,0.0,0
789688722276443,0,0.0,0
789722774429362,0,0.0,0
790348682386633,0,0.0,0
791453650257090,1,1.0,1
791847868436725,0,0.0,0
791897256038892,0,0.0,0
792000572036343,0,0.0,0
792253734685917,0,0.0,0
793137429235323,0,0.0,0
794066436518904,0,0.0,0
794382745606666,0,0.0,0
794505096565158,0,0.0,0
794963565246924,0,1.0,1
795298429049218,1,1.0,1
796278045886655,0,0.0,0
799208790010786,0,0.0,0
799395546491290,0,0.0,0
799679477053434,0,0.0,0
799687424471948,0,0.0,0
799769090875231,0,0.0,0
800348150183734,0,0.0,0
800611435300867,0,0.0,0
801236803816626,0,0.0,0
801296873662989,0,0.0,0
801891438614327,0,0.0,0
802611364793306,0,0.0,0
802733968540989,0,0.0,0
802735928750768,0,0.0,0
803528741689715,0,0.0,0
803833044859795,0,0.0,0
804327117920857,1,1.0,1
805720391627504,0,0.0,0
805827182071769,0,0.0,0
805828784111282,0,0.0,0
805854149029204,0,0.0,0
805858222916933,0,0.0,0
806254612009140,0,0.0,0
806426833957354,0,0.0,0
806500462959090,0,1.0,1
806505895033553,1,1.0,1
806817098166800,0,0.0,0
807205588263107,0,0.0,0
809856515402009,0,0.0,0
809968914107493,0,0.0,0
810031060941143,0,0.0,0
810095024929795,0,0.0,0
810507967288307,1,1.0,1
810813046729673,0,0.0,0
810870579327774,0,0.0,0
811440802108829,0,0.0,0
812679353016793,0,0.0,0
812752842205767,0,0.0,0
813730588917302,0,0.0,0
813913016041983,0,0.0,0
814123606372688,0,0.0,0
815074007662682,0,0.0,0
815557714016315,0,0.0,0
816085790516551,0,0.0,0
817234284328479,0,0.0,0
817747701487242,0,0.0,0
819269113225908,0,0.0,0
819420677002541,0,0.0,0
819990998442488,0,0.0,0
819995262060207,0,0.0,0
820057373446835,0,0.0,0
820164192636854,0,0.0,0
820168311614831,0,0.0,0
820172287420524,0,0.0,0
820354093017640,0,0.0,0
820357102997062,0,0.0,0
820391955419410,0,0.0,0
820395663698295,0,0.0,0
820695877123500,0,0.0,0
821885963953918,0,0.0,0
822276316210615,1,1.0,1
823432307846751,0,0.0,0
823819254420652,0,0.0,0
823878553701356,0,0.0,0
825213995679984,0,0.0,0
825389559718778,0,0.0,0
826429099116483,0,0.0,0
826567072101785,0,0.0,0
826679922522781,0,0.0,0
827240781969693,0,0.0,0
827443895112087,0,0.0,0
827476873539856,0,0.0,0
827631208451725,0,0.0,0
827735987566565,0,0.0,0
828521903773958,0,0.0,0
828524988306349,0,0.0,0
828532726951367,0,0.0,0
828619003247773,0,0.0,0
828622620239561,0,1.0,1
829470546035624,0,0.0,0
829583109221423,0,0.0,0
830009369507779,0,0.0,0
831966641662668,0,0.0,0
831978786062203,0,0.0,0
831980633274748,0,0.0,0
832217914185781,0,0.0,0
832222303163287,0,0.0,0
832562771411934,0,0.0,0
832563042923163,0,0.0,0
833299963389484,0,0.0,0
833485513671537,1,1.0,1
833626682230030,1,1.0,1
833769671754729,0,1.0,1
833987314825954,0,0.0,0
834098794834699,0,0.0,0
834170456357758,0,0.0,0
835248298413683,0,0.0,0
835908174835443,0,0.0,0
836037814725502,0,0.0,0
836997552271991,0,0.0,0
837810022169906,0,0.0,0
838697743589833,0,0.0,0
839023564506982,0,0.0,0
839032147243913,0,0.0,0
839222815253955,0,0.0,0
839474614140277,0,0.0,0
839513354596326,0,0.0,0
840524802791835,0,0.0,0
840528584018756,0,0.0,0
840583624745230,1,1.0,1
840732339967605,0,0.0,0
841521804144299,0,0.0,0
841642812154132,0,0.0,0
842119543356857,0,0.0,0
843016833447546,0,0.0,0
843021863265128,0,0.0,0
843767347117385,0,0.0,0
843768796761501,0,0.0,0
844213935097997,0,0.0,0
563010026151777,0,1.0,1
563079494208989,0,0.0,0
563084620145473,0,0.0,0
563121190777211,0,0.0,0
563124825951792,0,0.0,0
563401894107538,0,0.0,0
564013937377281,0,0.0,0
564094755113944,0,0.0,0
564603230960295,0,0.0,0
565929457215393,0,0.0,0
565998913988313,0,0.0,0
566760964539769,0,0.0,0
567339985557899,0,0.0,0
567347994080074,0,0.0,0
568008232722769,0,0.0,0
569942227048012,0,0.0,0
569942452559492,0,0.0,0
570017330450624,0,0.0,0
570070144552922,0,0.0,0
570356155899902,0,0.0,0
571088873234750,0,0.0,0
571148794173146,0,0.0,0
571690645246506,0,0.0,0
571961830701121,0,0.0,0
573208838051437,0,0.0,0
573360968501028,0,0.0,0
573589434982503,0,0.0,0
573596032882541,0,0.0,0
574460245177075,1,1.0,1
574539974461183,0,0.0,0
575795320576925,0,0.0,0
575906771981688,0,0.0,0
576630221692965,0,0.0,0
578816401746880,0,0.0,0
578871948977672,0,0.0,0
579846039304197,0,0.0,0
579849583651930,0,0.0,0
580022097801903,0,0.0,0
580668509755341,0,0.0,0
580839544220609,0,0.0,0
580846312933263,0,0.0,0
580954633688363,0,0.0,0
583037443136656,0,0.0,0
583132404645192,0,0.0,0
583469570870584,0,0.0,0
583565481402111,0,0.0,0
583733133501686,0,0.0,0
584224927784055,0,0.0,0
584226836739627,0,0.0,0
585391313862635,0,0.0,0
585594996200424,1,1.0,1
585596541713865,0,0.0,0
585838170342359,0,0.0,0
587214441754202,0,0.0,0
588210630321490,0,0.0,0
588919537616382,0,0.0,0
591466654725980,0,0.0,0
591495187972492,0,0.0,0
591586351669102,0,0.0,0
591588338835343,0,0.0,0
591649723413611,0,0.0,0
592267891491674,0,0.0,0
592387977597853,0,0.0,0
592394819989897,0,0.0,0
592399400533003,0,0.0,0
593617568490521,0,0.0,0
594381524503726,0,0.0,0
595646577519454,0,0.0,0
595650639244241,0,0.0,0
596675422253160,0,1.0,1
596827057556125,0,0.0,0
598047332078229,0,0.0,0
598395132453631,0,1.0,1
598464852148587,0,0.0,0
598755027612603,1,1.0,1
598761201572053,0,0.0,0
598822683465231,0,0.0,0
598899886242880,0,0.0,0
599133967584523,0,0.0,0
599459516135828,0,0.0,0
599540395783974,0,0.0,0
599617823253525,0,0.0,0
599621739393179,0,0.0,0
599947006850822,0,0.0,0
600104966344030,0,0.0,0
600108233763806,0,0.0,0
600145539303350,0,0.0,0
600154255495450,0,0.0,0
600272920059103,0,0.0,0
600738921632559,0,0.0,0
600852332842416,0,0.0,0
600853913984615,0,0.0,0
601296701934634,0,0.0,0
601715767561243,0,0.0,0
601779060706478,0,0.0,0
602264057017266,0,0.0,0
602561381390299,0,0.0,0
603090242780378,0,0.0,0
603466031551794,0,0.0,0
604423185883333,0,0.0,0
604822036980427,0,0.0,0
604824832640398,0,0.0,0
605290893906455,0,0.0,0
605296918153382,0,0.0,0
605470314224471,0,0.0,0
606643004838155,0,0.0,0
607003091913709,0,0.0,0
607914019646828,0,0.0,0
608168877898744,0,0.0,0
608313291094685,0,0.0,0
608559848272811,0,0.0,0
608566065725850,0,0.0,0
609342172532104,0,0.0,0
610107230032613,0,0.0,0
611492488815509,0,0.0,0
611957809198293,0,0.0,0
612315766816519,0,0.0,0
612352006094630,0,0.0,0
612396205775046,0,0.0,0
612483797093156,0,0.0,0
612564480362825,0,0.0,0
613303482092154,0,0.0,0
613681430412507,0,0.0,0
614158687410610,0,0.0,0
614972368599224,0,0.0,0
615406072827548,0,0.0,0
615498820505409,0,0.0,0
615504464401261,0,0.0,0
615507367616123,0,0.0,0
616367423382984,0,0.0,0
616415340598288,0,0.0,0
616488533901787,0,0.0,0
616489877178593,0,0.0,0
616548348419648,0,0.0,0
616553443924780,0,0.0,0
616636599134666,0,0.0,0
617069264406688,0,0.0,0
617884017250642,0,0.0,0
618470849780822,0,0.0,0
619990529612408,0,0.0,0
621375364124493,0,0.0,0
622020369730502,0,1.0,1
622845620520232,0,0.0,0
623118791268386,0,0.0,0
623149454011701,0,0.0,0
623431005351793,0,0.0,0
623834984171843,0,0.0,0
624434703548685,0,0.0,0
624586018652675,1,1.0,1
624647168178468,0,0.0,0
624751434299910,0,0.0,0
624889329536410,0,0.0,0
625866375918565,0,0.0,0
626454420197615,0,0.0,0
626893747858481,0,0.0,0
627793537243495,0,0.0,0
627958661581039,0,0.0,0
628200291522240,0,0.0,0
628351845719151,0,0.0,0
628658464612805,0,0.0,0
629154159212136,0,0.0,0
629230117648727,0,0.0,0
629739146871673,0,0.0,0
631094012969237,0,0.0,0
632694974510219,0,0.0,0
633391647744106,0,0.0,0
635336911513448,0,0.0,0
636285195009246,0,0.0,0
636486973095443,0,0.0,0
636491359625161,0,0.0,0
636940623880419,0,0.0,0
637704731186153,0,0.0,0
637961995074301,1,1.0,1
638548475204856,0,0.0,0
638548510195167,0,0.0,0
639026989103589,0,0.0,0
639098728160161,0,0.0,0
639627797191835,0,0.0,0
640295600238356,0,0.0,0
640305636295491,0,0.0,0
640441758542254,0,0.0,0
641385496055416,0,0.0,0
641393098198842,0,0.0,0
643015059909420,0,0.0,0
643587264567155,0,0.0,0
643767300349560,0,0.0,0
643885612605064,0,0.0,0
644004831562331,0,0.0,0
644866173759938,0,0.0,0
644866457343331,0,0.0,0
645727904107328,0,0.0,0
645970144458441,0,0.0,0
646300148423226,0,0.0,0
648079496081088,0,0.0,0
648135978458803,0,0.0,0
648137389245013,0,0.0,0
648141511141644,0,0.0,0
649331325066061,0,0.0,0
649695408105678,0,0.0,0
651208698094290,0,0.0,0
652199022544184,0,0.0,0
652362879634236,0,0.0,0
652405031527675,0,0.0,0
652409521126429,0,0.0,0
652729571481104,0,0.0,0
652941247110191,0,0.0,0
653008479311676,0,0.0,0
654232855125999,0,0.0,0
654930151766980,0,0.0,0
655214333976427,0,0.0,0
655944340215436,0,0.0,0
656334152740804,0,0.0,0
656335042562712,0,0.0,0
656343724857910,0,0.0,0
656457692267240,0,0.0,0
657115601780625,1,1.0,1
659171004659175,0,0.0,0
659403092218751,1,1.0,1
659468440430514,1,1.0,1
659901311172751,0,0.0,0
660419367438415,0,0.0,0
660790615325679,0,0.0,0
660792072483847,0,0.0,0
662550108117100,0,0.0,0
662752926321686,0,0.0,0
663100624025721,0,0.0,0
663880202883842,0,0.0,0
663941929802993,0,0.0,0
664245546441589,0,0.0,0
664844413820900,0,0.0,0
665180812018251,0,0.0,0
665558125659780,0,0.0,0
665922002776994,0,0.0,0
666807086697495,0,0.0,0
667135909894442,0,0.0,0
667513292596714,0,0.0,0
667579723161639,0,0.0,0
668576553022588,0,0.0,0
668835066584023,0,0.0,0
669299572939905,0,1.0,1
670107787617858,0,0.0,0
670139322838639,0,0.0,0
670187770032591,0,0.0,0
670474647862396,0,0.0,0
670914224220722,0,0.0,0
670917462878513,0,0.0,0
671595306462561,1,1.0,1
672838612220372,0,0.0,0
672840758338915,0,0.0,0
673281322690200,0,0.0,0
673345963178558,0,0.0,0
673498935166010,0,0.0,0
673562216990297,0,0.0,0
674545177674239,1,1.0,1
674545395862015,0,0.0,0
675593153942601,0,0.0,0
676034789326196,0,0.0,0
676402002853477,0,0.0,0
676542310607040,0,0.0,0
677359600296057,0,0.0,0
677409709676914,0,0.0,0
677690995225986,0,0.0,0
677783854140051,0,0.0,0
678412265141798,0,0.0,0
679515700023722,0,0.0,0
680409421140963,0,0.0,0
681073753459380,0,0.0,0
681322153091449,0,0.0,0
681519480230450,0,0.0,0
682038448242854,0,0.0,0
682309491612743,0,0.0,0
682794889688357,0,0.0,0
683963997596370,0,0.0,0
684162221778532,0,0.0,0
685171939392059,0,0.0,0
685181457097226,0,0.0,0
686384355913663,0,0.0,0
686413266178846,0,0.0,0
686544650075870,0,0.0,0
686704200807288,0,0.0,0
686836262518378,0,0.0,0
687799188922766,0,0.0,0
688486517468288,0,0.0,0
688589951037148,0,0.0,0
688651845130255,0,0.0,0
688781120239291,0,0.0,0
688805999113152,0,0.0,0
688809826820943,0,0.0,0
688936127300742,0,0.0,0
688939746538482,0,0.0,0
688940959580760,0,0.0,0
689363036499492,0,0.0,0
689526900993778,0,0.0,0
689871941630784,0,0.0,0
690175403406030,0,0.0,0
690249222605990,0,0.0,0
690252794013341,0,0.0,0
690779757213613,0,1.0,1
691678377555758,0,0.0,0
691843044434042,0,0.0,0
692065460898296,0,0.0,0
692121458129514,0,0.0,0
692127695315183,0,0.0,0
692252496442411,0,0.0,0
692389222997124,0,0.0,0
693060148305712,0,0.0,0
694039757194067,1,1.0,1
694316336552332,0,0.0,0
694318877845790,0,0.0,0
694699476174472,0,0.0,0
694703266180364,0,0.0,0
694705063382115,0,0.0,0
694709978017196,0,0.0,0
696035040184143,0,0.0,0
696602171968612,0,0.0,0
696833436234915,0,0.0,0
698540527855631,0,0.0,0
698706761679501,0,0.0,0
699171460831814,0,0.0,0
699323881481633,0,0.0,0
699903947920118,0,0.0,0
700683407348983,0,1.0,1
701088447905340,0,0.0,0
701970292110945,0,0.0,0
702236623687693,0,0.0,0
702824271894735,0,0.0,0
702902195934839,0,0.0,0
703125612819649,0,0.0,0
704433556660255,0,0.0,0
704510832699207,0,0.0,0
704675980574432,0,0.0,0
705823414470302,0,0.0,0
705825935344382,0,0.0,0
706901398839571,0,0.0,0
706935977797556,0,0.0,0
707813587390842,0,0.0,0
708152887708698,0,0.0,0
708666038349382,0,0.0,0
708733313854811,0,0.0,0
708928857701514,0,0.0,0
709075484964827,0,0.0,0
709330965727675,0,0.0,0
710160436013430,0,0.0,0
711368811988918,0,0.0,0
711372495481549,0,0.0,0
711750342376014,0,0.0,0
712046340807526,0,0.0,0
712385532739991,0,0.0,0
712432537783327,0,0.0,0
713714271135011,0,0.0,0
714056802226153,0,0.0,0
714179808982983,0,0.0,0
714241474818057,0,0.0,0
714897252561693,0,0.0,0
714898874925899,0,0.0,0
715885618675031,0,0.0,0
716035701551410,0,0.0,0
716537603065277,0,0.0,0
718455488898862,0,0.0,0
718556612042550,0,0.0,0
718882899189274,0,0.0,0
719251280803810,0,0.0,0
719407480525175,0,0.0,0
720112798250769,0,0.0,0
720723019303382,0,0.0,0
721087566437761,0,0.0,0
722688663477991,0,0.0,0
724763095379109,0,0.0,0
725626508164994,0,0.0,0
725627245117955,0,0.0,0
725630669109124,0,0.0,0
725803729176732,0,0.0,0
727155243094043,0,0.0,0
727717761364442,0,0.0,0
727839189259127,0,0.0,0
728156762557113,0,0.0,0
728158998684024,0,0.0,0
728938341089318,0,0.0,0
729618158141908,0,0.0,0
729618701115697,0,1.0,1
729669463891381,0,0.0,0
730026032856690,0,0.0,0
731285398825504,0,0.0,0
731361755276452,0,0.0,0
731798729977782,0,0.0,0
731966746413863,0,0.0,0
732171749492557,0,0.0,0
732554157368338,0,0.0,0
732687008377041,0,0.0,0
732719888631723,0,0.0,0
732727938651379,0,0.0,0
732729854944671,0,0.0,0
733001387564550,0,0.0,0
733023299007300,0,0.0,0
733680768784666,0,0.0,0
734375244304432,0,0.0,0
735880835090736,0,0.0,0
736500231825268,0,1.0,1
737032464960293,0,0.0,0
737369058432140,0,0.0,0
737399892349621,0,0.0,0
738171253960414,0,0.0,0
738362483475427,0,0.0,0
738642443911683,1,1.0,1
739605919758044,0,0.0,0
740185126530680,0,0.0,0
741174937940923,0,0.0,0
741764085733814,0,0.0,0
742100256071581,0,0.0,0
742139357511148,0,0.0,0
743290994785895,0,0.0,0
743840712324965,0,0.0,0
744328930077940,0,0.0,0
745423505252894,0,0.0,0
747302745338208,0,0.0,0
747483258153222,0,0.0,0
747734230613568,0,0.0,0
748199304056412,0,0.0,0
748795807130509,0,0.0,0
749198454308222,0,0.0,0
749200531367706,0,0.0,0
749216784182227,0,0.0,0
749246990373369,0,0.0,0
749660730050971,0,0.0,0
749990326276333,0,0.0,0
750236882684311,0,0.0,0
750580562846058,0,0.0,0
751915798309235,0,0.0,0
752256396068889,0,0.0,0
752260863084048,0,0.0,0
752358998448772,0,0.0,0
752397130384361,0,0.0,0
753596409524298,0,0.0,0
754011583424606,0,0.0,0
754130126746781,0,0.0,0
754280973736722,0,0.0,0
754506846610504,0,0.0,0
754512821498131,0,0.0,0
754590605881592,0,0.0,0
754996733681282,0,0.0,0
755032116919260,0,0.0,0
755033440761888,0,0.0,0
755069268118979,0,0.0,0
755074675579455,0,0.0,0
755391651635922,0,0.0,0
755396301389928,0,0.0,0
755712918770300,0,0.0,0
756004092428981,0,0.0,0
756296270718218,0,0.0,0
756512834478941,0,0.0,0
756518362429150,0,0.0,0
756547966971740,0,0.0,0
756631861208811,0,0.0,0
757037558120708,0,0.0,0
757038937875403,0,0.0,0
757051897619500,0,0.0,0
757165092205639,0,0.0,0
757165523432387,0,0.0,0
757175615218812,0,0.0,0
757208879064416,0,0.0,0
757312628171676,0,0.0,0
757316526272606,0,0.0,0
757848364677626,0,0.0,0
758007846226470,0,0.0,0
758122215705033,0,0.0,0
758321677431279,0,0.0,0
758509102166365,0,0.0,0
758989819147305,0,0.0,0
758995423310532,0,0.0,0
759186211325770,0,0.0,0
759359068714518,0,0.0,0
759484869261945,0,0.0,0
759573237804351,0,0.0,0
759814685441120,0,0.0,0
759922826101944,0,0.0,0
759950212492088,0,0.0,0
759951035848509,0,0.0,0
760558787735634,0,0.0,0
761257762553076,0,0.0,0
761317589400505,0,0.0,0
762103826803569,0,0.0,0
762188035395509,0,0.0,0
762301070665239,0,0.0,0
762353318315814,0,0.0,0
762355688749390,0,0.0,0
762357607684135,0,0.0,0
762547717373299,0,0.0,0
762885301242975,1,1.0,1
762893218616956,0,0.0,0
763018375196706,0,0.0,0
763118125712094,0,0.0,0
763118877814360,0,0.0,0
763122448399266,0,0.0,0
763309539454458,0,0.0,0
763663181596932,0,0.0,0
763668476111230,0,0.0,0
763953350849478,0,0.0,0
765780084191905,0,0.0,0
765814783204644,0,0.0,0
765906985987360,0,0.0,0
766325214882389,0,0.0,0
767411709067197,0,0.0,0
767485966547309,0,0.0,0
767489100885301,0,0.0,0
767617409235430,0,0.0,0
767924419477874,0,0.0,0
768375743485565,0,0.0,0
768573176413295,1,1.0,1
769465705721768,0,0.0,0
769557063608337,0,0.0,0
769826411228449,0,0.0,0
769827156868614,0,0.0,0
770018128954505,0,0.0,0
770150476180904,0,0.0,0
771383991238918,0,0.0,0
772184352249929,0,0.0,0
772191536030352,0,0.0,0
772586995604103,0,0.0,0
772725511475749,0,0.0,0
772754827379553,0,0.0,0
772757686680780,0,0.0,0
772808330669590,0,0.0,0
773029001553810,0,0.0,0
774146518442674,0,0.0,0
774152570121366,0,0.0,0
774505476448905,0,0.0,0
774506739574039,0,0.0,0
774779914414430,0,0.0,0
774838228830026,0,0.0,0
775306137480141,0,0.0,0
776083737771350,0,0.0,0
776637698906930,0,0.0,0
777501444863779,0,0.0,0
777796467457958,0,0.0,0
777855990266616,0,0.0,0
778172729238059,0,0.0,0
778360936839956,0,0.0,0
778425868065391,0,0.0,0
778511669330451,0,0.0,0
778587079413928,0,0.0,0
779283330161527,0,0.0,0
779742899372254,0,0.0,0
780628175522616,0,0.0,0
780697550922356,0,0.0,0
781256962255320,0,0.0,0
781383180519781,0,0.0,0
781648483675461,0,0.0,0
781702685467573,0,0.0,0
781924633631360,0,0.0,0
782356236637828,0,0.0,0
782747740686046,0,0.0,0
782797754223480,0,0.0,0
783196696526375,0,0.0,0
783204079259125,0,0.0,0
783204516969746,0,0.0,0
783831952281261,0,0.0,0
783839481871785,0,0.0,0
783841144530562,0,0.0,0
786458591055514,0,0.0,0
786811468444918,0,0.0,0
788915367270797,0,0.0,0
788958606875366,1,1.0,1
790212705125696,0,0.0,0
790249817348905,0,0.0,0
790255889186488,0,0.0,0
790311765426454,0,0.0,0
790316461998011,0,0.0,0
790784994091367,0,0.0,0
791093900276498,0,0.0,0
791230740782799,0,0.0,0
791234352229471,0,0.0,0
791292620036567,0,0.0,0
791363021837390,0,0.0,0
791730495974846,0,0.0,0
793248235219318,1,1.0,1
793470762227037,0,0.0,0
793540361616898,0,0.0,0
794225373319890,0,0.0,0
795181611956816,0,0.0,0
795953879077084,0,0.0,0
796067967375236,0,0.0,0
796297215476836,0,0.0,0
796636176071219,0,0.0,0
797094625836778,0,0.0,0
797530180445691,1,1.0,1
800159603572434,1,1.0,1
800548751313420,0,0.0,0
800780220039254,1,1.0,1
800912882710656,0,0.0,0
800972790363711,0,0.0,0
800990561751422,0,0.0,0
801228716157623,0,0.0,0
801298290915737,0,0.0,0
801863937527134,0,0.0,0
801921719130352,0,0.0,0
802241346163571,0,0.0,0
802489275739053,0,0.0,0
803516731439774,0,0.0,0
803564051887037,0,0.0,0
804518413473566,0,0.0,0
805438379606178,0,0.0,0
805440279296888,0,0.0,0
805455462739284,0,0.0,0
805997093804023,0,0.0,0
806094286586784,0,0.0,0
807438558651459,0,0.0,0
807945141766482,0,0.0,0
808255859054132,0,0.0,0
808318500624956,0,0.0,0
808526210305747,0,0.0,0
808673155101631,0,0.0,0
808991688139965,0,0.0,0
809101411488108,0,0.0,0
809367183011173,0,0.0,0
809857370377531,0,0.0,0
810183182924513,0,0.0,0
810277338233416,0,0.0,0
810980904577451,0,0.0,0
811112138706352,0,0.0,0
812067280007079,0,0.0,0
813382964805260,0,0.0,0
813384993432358,0,0.0,0
813386813567826,0,0.0,0
813541234289039,0,0.0,0
813805012238359,0,0.0,0
814230201565016,0,0.0,0
815419622979846,0,0.0,0
815727551257370,0,0.0,0
817006771340767,0,0.0,0
817130320048102,0,0.0,0
817461694561505,0,0.0,0
817849879356811,0,0.0,0
819453670003548,0,0.0,0
819731898444700,0,0.0,0
820410962121207,0,0.0,0
820466188108030,0,0.0,0
821196138987691,0,0.0,0
821483502921494,0,0.0,0
821576799743060,0,0.0,0
821577071980502,0,0.0,0
821676543458294,0,0.0,0
821677375091202,0,0.0,0
821913259913854,0,0.0,0
821977156342429,0,0.0,0
822065238035542,0,0.0,0
822249154738849,0,0.0,0
822690542611679,1,1.0,1
822768079439989,0,0.0,0
822770466294923,0,0.0,0
822951383125741,0,0.0,0
823346246762947,0,0.0,0
823353226177159,0,0.0,0
823614505680790,0,0.0,0
823816543806867,0,0.0,0
824527356564938,0,0.0,0
824534425463338,0,0.0,0
824983153866231,0,0.0,0
825059048098426,0,0.0,0
825189477259678,0,0.0,0
825534240758905,0,0.0,0
826001994237056,0,0.0,0
826047433260815,0,0.0,0
826216998935352,0,1.0,1
826247154468822,0,0.0,0
826419958986482,0,0.0,0
827764741119382,0,0.0,0
828403674687639,0,0.0,0
828407740631065,0,0.0,0
828408819143474,0,0.0,0
828498715032197,0,0.0,0
829412866618302,0,0.0,0
830020371612270,0,0.0,0
830481628746983,0,0.0,0
830778270671650,0,0.0,0
830783786817006,0,0.0,0
830841305392930,0,0.0,0
832316648024003,0,0.0,0
832417843333712,0,0.0,0
832419919378712,0,0.0,0
832528824905224,0,0.0,0
832531000020151,0,0.0,0
832532210844804,0,0.0,0
832533041814252,0,0.0,0
832649350653120,0,0.0,0
832867590895914,0,0.0,0
833152505608135,0,0.0,0
834215899362974,0,0.0,0
834631317402754,0,0.0,0
836258330442981,0,0.0,0
836455155572102,0,0.0,0
836457578576799,0,0.0,0
836779696542759,0,0.0,0
836909178821306,0,0.0,0
836968443794770,0,0.0,0
837538890440644,0,0.0,0
837744149409252,0,0.0,0
837992262775274,0,0.0,0
837992418863899,0,0.0,0
838219688324531,0,0.0,0
838270567615377,0,0.0,0
838337778882820,0,0.0,0
838424176070259,0,0.0,0
838861163476213,0,0.0,0
839283934233185,0,0.0,0
839360202307152,0,0.0,0
839823659968784,0,0.0,0
840739695285562,0,0.0,0
840808605351262,0,0.0,0
841400672427970,0,0.0,0
841480263518202,0,0.0,0
841480598980365,0,0.0,0
841482129718701,0,0.0,0
841852024750562,0,0.0,0
842520243889627,0,0.0,0
843007330557502,0,0.0,0
843009089169832,0,0.0,0
844091086908717,0,0.0,0
563036992949194,0,0.0,0
563573746457402,0,0.0,0
563857331270663,0,0.0,0
564512886475309,0,0.0,0
564675984193077,0,0.0,0
565028586991220,0,0.0,0
565763853693393,0,0.0,0
566085648194159,0,0.0,0
566349888191619,0,0.0,0
566621981064005,0,0.0,0
566821023585138,0,0.0,0
566938019988089,0,1.0,1
567222645532458,0,0.0,0
567295557099331,1,1.0,1
568251332388048,0,0.0,0
568819164588585,0,0.0,0
569404084840868,0,0.0,0
569571887157803,0,0.0,0
569580148188959,0,0.0,0
569611513618843,0,0.0,0
569682257109114,0,0.0,0
570600659229995,0,0.0,0
570602926782396,0,0.0,0
570675097511194,0,0.0,0
570675312091478,1,1.0,1
570941270359035,0,0.0,0
570951387856651,0,0.0,0
571308529522435,0,0.0,0
571318519135305,0,0.0,0
571321603331979,0,0.0,0
571519331923690,0,0.0,0
571893836346125,0,0.0,0
572556821250581,0,0.0,0
572990334211103,0,0.0,0
573065874962695,0,0.0,0
573769093106760,0,0.0,0
573958013868558,0,0.0,0
574039331191000,0,0.0,0
574131388382404,0,0.0,0
574578227036530,0,0.0,0
574702539048971,0,0.0,0
574772194577516,0,0.0,0
575177005887697,0,0.0,0
575337417198578,0,0.0,0
575404350267259,0,0.0,0
575408756635509,0,0.0,0
575409985754157,0,0.0,0
575525938635960,0,0.0,0
575650434943558,0,0.0,0
576180586871926,0,0.0,0
576979401980205,0,0.0,0
577056849939286,0,0.0,0
577905361769189,0,0.0,0
577907091704522,0,1.0,1
578654666099109,0,0.0,0
578695285803870,0,0.0,0
578822724887325,0,0.0,0
579280053521364,0,0.0,0
579439193072501,0,0.0,0
580206977068984,0,0.0,0
580688430333394,0,0.0,0
581012643703687,0,0.0,0
581079943009082,0,0.0,0
581399221939723,0,0.0,0
581668836388738,0,0.0,0
582240967559082,0,0.0,0
582435459361522,0,0.0,0
582498314083820,0,0.0,0
583491349657280,0,0.0,0
583733065869977,0,0.0,0
583823381423530,0,1.0,1
584207329731530,0,0.0,0
585105043383850,0,0.0,0
585521831469329,0,0.0,0
585818939956312,0,0.0,0
585957742822480,0,0.0,0
586007039446355,0,0.0,0
586168178435512,0,0.0,0
586627053535947,0,0.0,0
586924924976545,0,0.0,0
586985941785693,0,0.0,0
587532658213091,1,1.0,1
588487180790595,0,0.0,0
589059505583016,0,0.0,0
589149225879665,0,0.0,0
589258656242868,0,0.0,0
589899437534848,0,0.0,0
590190644504004,0,0.0,0
591494550707908,0,0.0,0
591923106196951,0,0.0,0
592547430958406,0,0.0,0
593598755044393,0,0.0,0
594156586055551,0,0.0,0
595065312970320,0,0.0,0
595649888767552,0,0.0,0
595761889416528,0,0.0,0
595850623816467,0,0.0,0
595855320544920,0,0.0,0
596110270490058,0,0.0,0
596484906415984,0,0.0,0
596500706160446,0,0.0,0
597267489661149,0,0.0,0
597397031139387,0,0.0,0
597499720679425,0,0.0,0
598328561143480,0,0.0,0
599851081283378,0,0.0,0
599950413164442,0,0.0,0
600660030794812,0,0.0,0
600660372277161,0,0.0,0
601926934614089,0,0.0,0
601927952098875,0,0.0,0
602048362303079,0,0.0,0
602057158032184,0,0.0,0
602398193296380,0,0.0,0
602961673229326,0,0.0,0
603217395575471,0,0.0,0
603461693611105,0,0.0,0
603584737295632,0,0.0,0
603586473964716,0,0.0,0
603643206269057,0,0.0,0
603710942435947,0,0.0,0
603720769227712,0,0.0,0
603722962974059,0,0.0,0
603730174546363,0,0.0,0
604387259355854,0,0.0,0
604738574795468,1,1.0,1
604943748813436,0,0.0,0
604948455723062,1,1.0,1
605345499250865,0,0.0,0
605402134230769,0,0.0,0
605578873121710,0,0.0,0
605726426258447,0,0.0,0
605726780979390,0,0.0,0
606359944954705,0,0.0,0
606871872863322,0,0.0,0
607264950198823,0,0.0,0
607667559194976,0,0.0,0
607723502578116,0,0.0,0
608339220862871,0,0.0,0
608582599850454,0,0.0,0
609256414423061,0,0.0,0
609259474015667,0,0.0,0
609413200632384,0,0.0,0
609592002993213,0,0.0,0
610025720846362,0,0.0,0
610493878907849,0,0.0,0
611446949487508,0,0.0,0
611585054780478,0,0.0,0
611732905340092,0,0.0,0
611811107612239,0,0.0,0
612266497350941,0,0.0,0
612344281603596,0,0.0,0
612406294936731,0,0.0,0
612456169501039,0,0.0,0
612597577214553,0,0.0,0
612753233796859,0,0.0,0
613179836129848,0,0.0,0
613289716860233,0,0.0,0
613805202745057,0,0.0,0
614022618413912,1,1.0,1
614089712644792,0,0.0,0
614204128854410,0,0.0,0
614300672203048,0,0.0,0
614305978806137,0,0.0,0
615411655283213,0,0.0,0
615823625442401,0,0.0,0
616580386095359,0,0.0,0
616892590233253,0,0.0,0
616896066790441,0,0.0,0
618321954416789,0,0.0,0
619538091318003,0,0.0,0
619857053393619,0,0.0,0
620088807875442,0,0.0,0
620273001001883,0,0.0,0
620603307854258,0,0.0,0
620647034415780,0,0.0,0
620759125597742,0,0.0,0
621451820318074,0,0.0,0
621459692468422,0,1.0,1
621460230103453,0,0.0,0
621463862402618,0,0.0,0
621720837845117,0,0.0,0
621945716711800,0,0.0,0
622062274060855,0,0.0,0
622064579120589,0,0.0,0
622067223354112,0,0.0,0
623227858118201,0,0.0,0
623384779799170,0,0.0,0
623390694261965,0,0.0,0
623392266454415,0,0.0,0
623472655207444,0,0.0,0
623732718860917,0,0.0,0
624346253919981,0,0.0,0
624697300349214,0,0.0,0
625602273456403,0,0.0,0
625728527331326,0,0.0,0
627229871546758,0,0.0,0
627344135204436,0,0.0,0
627433058073377,0,0.0,0
627437601897472,0,0.0,0
629566822477279,0,0.0,0
630225326009160,0,0.0,0
630477520654534,0,0.0,0
630545028298534,0,0.0,0
631501212853630,0,0.0,0
632682846005713,0,0.0,0
633486768383708,0,0.0,0
634084660497140,0,0.0,0
634140669136031,0,0.0,0
634409192526276,1,1.0,1
635501297791967,0,0.0,0
636013864155510,0,0.0,0
636014669911180,0,0.0,0
636015739172697,0,0.0,0
636017724892726,0,0.0,0
637197259426095,0,0.0,0
637963340676604,0,0.0,0
638108737206301,0,0.0,0
638389898068427,0,0.0,0
639842167020498,0,0.0,0
639907614401627,0,0.0,0
640411479528377,0,0.0,0
640586154981171,0,0.0,0
640905885881393,0,0.0,0
640969178251986,0,0.0,0
641009286352357,0,0.0,0
641106842601518,0,0.0,0
641215718245261,0,0.0,0
641218669121270,0,0.0,0
641445928035242,0,0.0,0
641565878949608,0,0.0,0
641941085184057,0,0.0,0
642722524856911,0,0.0,0
643876037568065,0,0.0,0
644053890563196,0,0.0,0
644620894768971,0,0.0,0
645454272848443,1,1.0,1
645653253393562,0,0.0,0
645659063501233,0,0.0,0
645687324492934,0,0.0,0
645690238388119,0,0.0,0
646031826506347,0,0.0,0
646867674989046,0,0.0,0
648264775683921,0,0.0,0
648920817472065,0,0.0,0
649076385706632,0,0.0,0
649076813891623,0,0.0,0
649392144987132,0,0.0,0
649486436825245,0,0.0,0
649661041177979,0,0.0,0
649662303433689,0,1.0,1
649727317470715,0,0.0,0
650064642073163,0,0.0,0
650188423799870,0,0.0,0
650501199884344,0,0.0,0
650794496813248,0,0.0,0
651222163054695,0,0.0,0
651223770709283,0,0.0,0
652959607315486,0,0.0,0
653277064625725,0,0.0,0
653481273584691,0,0.0,0
654211681955485,0,0.0,0
655476731365461,0,0.0,0
655998873416481,0,0.0,0
656452837518891,0,0.0,0
657243112480919,0,0.0,0
657930275477691,0,0.0,0
657994534838496,0,0.0,0
659183726977581,0,0.0,0
660215879936119,0,0.0,0
660503360314361,0,0.0,0
660642131967535,0,0.0,0
661464336901914,0,0.0,0
661711603571512,0,0.0,0
661830530621397,0,0.0,0
662431815375273,0,0.0,0
662485652058354,1,1.0,1
662492184117749,0,0.0,0
662517087114718,0,0.0,0
662733153764124,0,0.0,0
662950378982119,0,0.0,0
663856919780421,0,0.0,0
664567803364848,0,0.0,0
665124383245887,0,0.0,0
665124633777598,0,0.0,0
666299504398885,0,0.0,0
666360277417625,1,1.0,1
666897430970576,0,0.0,0
667029531094840,0,0.0,0
667370720344459,0,0.0,0
667691262457784,0,0.0,0
668909381429037,0,0.0,0
669036826202271,0,0.0,0
670311918951707,0,0.0,0
671359778196068,0,0.0,0
671716201988269,0,0.0,0
671819005008795,0,0.0,0
671825045290183,0,0.0,0
672338813528441,0,0.0,0
672340035756924,0,0.0,0
672343986841923,0,0.0,0
673170860499344,0,0.0,0
673173051988887,0,0.0,0
674394987021630,0,0.0,0
675799333904107,0,0.0,0
675930668518980,0,0.0,0
675938627976655,0,0.0,0
676083963392611,0,0.0,0
676123159428817,0,0.0,0
676940059027937,0,0.0,0
677065682064924,0,0.0,0
677481606023886,0,0.0,0
677735050598648,0,0.0,0
677943983887092,0,1.0,1
678434239392390,0,0.0,0
678558871812536,0,0.0,0
678563534155530,0,0.0,0
678597540299483,0,0.0,0
679097125668529,0,0.0,0
679634106831753,0,0.0,0
679897583519020,0,0.0,0
680466779156673,0,0.0,0
680638335708778,0,0.0,0
680687901658879,0,0.0,0
680841426958795,0,0.0,0
681029219319430,0,0.0,0
681033627419992,0,0.0,0
681203424542803,0,0.0,0
681265553487073,1,1.0,1
681653991012058,0,0.0,0
682003715970496,0,0.0,0
682091061407261,0,0.0,0
682161422083854,0,0.0,0
682167535955250,0,0.0,0
682591597099893,0,0.0,0
682896809635686,0,0.0,0
683442503145276,0,0.0,0
684771318975113,0,0.0,0
685258213955608,0,0.0,0
686517678783675,0,0.0,0
686852443574204,0,0.0,0
687487263378899,0,0.0,0
688115077775650,0,1.0,1
688116698496077,0,0.0,0
688268008577075,0,0.0,0
688678206827049,0,0.0,0
690962942938020,0,0.0,0
691050564705705,0,0.0,0
691321133071051,0,0.0,0
691393670498558,0,0.0,0
691518126529064,0,0.0,0
691832376262253,0,0.0,0
692233681248681,0,0.0,0
693240891952256,0,0.0,0
693681487891533,0,0.0,0
694709942828723,0,0.0,0
694753319931027,0,0.0,0
695080403235901,0,0.0,0
696730346752250,0,0.0,0
697157152507872,0,0.0,0
698658289269446,0,0.0,0
698775962261212,0,0.0,0
699163770902978,0,0.0,0
699581153752459,0,0.0,0
700362645521910,0,0.0,0
703692853367407,0,0.0,0
704463201320946,0,0.0,0
705513642658131,0,0.0,0
706210732864660,0,0.0,0
706545041092139,0,0.0,0
707248712864174,0,0.0,0
707421299607083,0,0.0,0
707450002752690,0,0.0,0
707786011010615,0,0.0,0
709427754297970,0,0.0,0
709934631529963,1,1.0,1
710345933446444,0,0.0,0
710414158394971,0,0.0,0
710932215313607,0,0.0,0
711364723549969,0,0.0,0
711494084335437,0,0.0,0
711495579452288,0,0.0,0
711874146784013,0,0.0,0
714188567414980,0,0.0,0
714508974418354,0,0.0,0
715145453256622,0,0.0,0
716233451838334,0,0.0,0
716236788617203,0,0.0,0
716338809517487,0,0.0,0
716501793006100,0,0.0,0
717284200513851,0,0.0,0
717832070545179,0,0.0,0
717834899066904,0,0.0,0
717865423781065,0,0.0,0
718443242849191,0,0.0,0
719118428115872,0,0.0,0
719810890665471,0,0.0,0
720565545270922,0,0.0,0
720752487940374,0,0.0,0
721336723271404,0,0.0,0
721543402538131,0,0.0,0
722036454090965,0,0.0,0
723953472362858,0,0.0,0
725216625281607,1,1.0,1
726377351428060,0,0.0,0
727637237734379,0,0.0,0
727804913745839,0,0.0,0
727809181790904,0,0.0,0
727811644287573,0,0.0,0
727818430925985,0,0.0,0
727819810359047,0,0.0,0
727820201792335,0,0.0,0
728071566470055,1,1.0,1
728359888290815,0,0.0,0
728755929366034,0,0.0,0
730746809522527,0,0.0,0
730985519504731,0,0.0,0
731009253298417,0,0.0,0
731019051960957,0,0.0,0
731845636140878,1,1.0,1
731932244809207,0,0.0,0
733261082271088,0,0.0,0
733617828406114,0,0.0,0
733772390777922,0,0.0,0
734045039261244,0,0.0,0
734660168241047,0,0.0,0
735219271002482,0,0.0,0
735874630270266,0,0.0,0
736371567413767,0,0.0,0
736646599167446,0,0.0,0
737211569123644,0,0.0,0
737268987042288,0,0.0,0
737480461028874,0,0.0,0
737831602448962,0,0.0,0
739418659877512,0,0.0,0
739741425215118,0,0.0,0
741041456852649,0,0.0,0
741713100987918,0,0.0,0
742015136054781,0,0.0,0
742465169955666,0,0.0,0
742643838303307,0,0.0,0
742820143260391,0,0.0,0
743402711004737,0,0.0,0
743523203284134,0,0.0,0
744720073853255,0,0.0,0
745753883368396,0,0.0,0
746179938173627,0,0.0,0
747610266703116,0,0.0,0
747615930909046,0,0.0,0
748848658420188,0,0.0,0
748899644042370,0,0.0,0
748904295903949,0,1.0,1
750324840111337,0,0.0,0
750328298753082,0,0.0,0
750558424675637,0,0.0,0
750562134442861,0,0.0,0
751042444200836,0,0.0,0
751217466036087,0,0.0,0
751272029866633,0,0.0,0
751274669224629,0,0.0,0
753954571602652,0,0.0,0
755747763420686,0,0.0,0
755862221761706,0,0.0,0
756426097363677,0,0.0,0
756596100967615,0,0.0,0
756795069741756,0,0.0,0
757734261131586,0,0.0,0
758578047576016,0,0.0,0
758842602016628,0,0.0,0
759147003243185,0,0.0,0
759375108685061,0,0.0,0
759379650377559,0,0.0,0
759405873558200,0,0.0,0
761873241165526,0,0.0,0
762101811748060,0,0.0,0
764783204809291,0,0.0,0
764785611862616,0,0.0,0
764814001825012,0,0.0,0
765457725340629,0,0.0,0
765528046091916,0,0.0,0
766313854610053,0,0.0,0
766509782046422,0,0.0,0
768232780430285,0,0.0,0
768649530358609,0,0.0,0
769101242461874,0,0.0,0
771293042392831,0,0.0,0
771357220768596,0,0.0,0
771520746492578,0,0.0,0
771524169667342,0,0.0,0
771528529321149,0,0.0,0
772928833887738,1,1.0,1
772976592461510,0,0.0,0
773163354302978,0,0.0,0
773696635717404,0,0.0,0
774036011512707,0,0.0,0
774492892589514,0,0.0,0
776336045249227,0,0.0,0
776747468120729,1,1.0,1
776829508383512,0,0.0,0
777375223342891,0,0.0,0
778792955319784,0,0.0,0
778876936577635,0,0.0,0
779880289153083,1,1.0,1
780336085731909,0,0.0,0
780707425400489,0,0.0,0
781272601056345,0,0.0,0
781468333703755,0,0.0,0
781715771052060,0,0.0,0
782296262334472,0,0.0,0
782773785605023,0,0.0,0
783299728416276,0,0.0,0
783559493511944,0,0.0,0
783946598199578,0,0.0,0
785144416459822,0,0.0,0
785738611169252,0,0.0,0
786214512073725,0,0.0,0
787074577945723,0,0.0,0
787567891699370,0,0.0,0
787848517242054,0,0.0,0
787979912060470,0,0.0,0
788981129902909,0,0.0,0
789472517641220,0,0.0,0
789884450146975,0,0.0,0
789913821753470,0,0.0,0
790141307982542,0,0.0,0
790691163459435,0,0.0,0
790725872233568,0,0.0,0
790899345795214,0,0.0,0
791124541243694,0,0.0,0
791124923906839,0,0.0,0
791438018391462,0,0.0,0
791647849047617,0,0.0,0
791709134142793,0,0.0,0
791714623137394,0,0.0,0
792123618361301,1,1.0,1
792377979844158,0,0.0,0
792484324451598,0,0.0,0
793160793107055,0,0.0,0
793209550736051,0,0.0,0
793668091022907,0,0.0,0
794246651924670,0,0.0,0
795442006304623,0,0.0,0
795534189959749,0,0.0,0
796107273561254,0,0.0,0
796108932171865,0,0.0,0
796223916203598,0,0.0,0
796876091197440,0,0.0,0
797644755733635,0,0.0,0
798632004984909,0,0.0,0
799728496454715,0,0.0,0
799849609075552,0,0.0,0
799854146385872,0,0.0,0
800332204486856,0,0.0,0
800392067240192,0,0.0,0
800980622762636,0,0.0,0
801718332767815,0,0.0,0
802116000302803,0,0.0,0
802121213634764,0,0.0,0
802292141373564,0,0.0,0
802668197816039,0,0.0,0
802928527365939,0,0.0,0
803382636284837,0,0.0,0
803574223635075,0,0.0,0
803834555968342,0,0.0,0
804828280064288,0,0.0,0
804909396447026,0,0.0,0
805003820368296,0,0.0,0
805068321165460,0,0.0,0
805071899761212,0,0.0,0
805531656525460,0,0.0,0
805698675814940,0,0.0,0
806209262516466,0,0.0,0
806437123429859,0,0.0,0
806488523078822,0,0.0,0
807409127031974,0,0.0,0
808033616396206,0,0.0,0
808532306432367,0,0.0,0
809031923990452,0,0.0,0
809069888912434,0,0.0,0
809539663557532,0,0.0,0
810379892631549,0,0.0,0
812322595099742,0,0.0,0
812482853904616,1,1.0,1
813631060638802,0,0.0,0
813834245068715,0,0.0,0
813984396265101,0,0.0,0
813984675024826,0,0.0,0
814465973259259,1,1.0,1
814522369596350,0,0.0,0
814555184371964,0,0.0,0
814588338219177,0,0.0,0
814652565463911,0,0.0,0
814816258070120,0,0.0,0
814819341183592,0,0.0,0
815466470894195,0,0.0,0
815688952755707,1,1.0,1
816462447174499,0,0.0,0
816749228738436,0,0.0,0
816998473418762,0,0.0,0
817305790997892,0,0.0,0
817649078135456,0,0.0,0
817736561267758,0,0.0,0
818318118200448,0,0.0,0
818318336956639,0,1.0,1
818739336010863,0,0.0,0
819019875115692,0,0.0,0
819584042172385,0,0.0,0
820257617708731,0,0.0,0
820413489673737,0,0.0,0
821199271699434,0,0.0,0
821204143999419,0,0.0,0
821204802845672,0,0.0,0
821446432155714,0,0.0,0
821475820031198,0,0.0,0
821475972282473,0,0.0,0
821478954870317,0,0.0,0
821479270175850,0,0.0,0
821480374015218,0,0.0,0
821837268080938,0,0.0,0
821939274275264,0,0.0,0
822053442400330,0,0.0,0
822186164202683,0,0.0,0
822330178859874,0,0.0,0
822422324713168,0,0.0,0
822702702324243,0,0.0,0
822765112489184,0,0.0,0
822941321172803,0,0.0,0
823266457610586,0,0.0,0
823335839662767,0,0.0,0
823337011876152,0,0.0,0
824224811613389,0,0.0,0
825310132107568,0,0.0,0
826566804973864,0,0.0,0
829373689948941,0,0.0,0
829543425509967,0,0.0,0
829827787890743,0,0.0,0
829892427370039,1,1.0,1
829983993653747,0,0.0,0
829989574591166,0,0.0,0
829998997246847,0,0.0,0
830035145540904,0,0.0,0
830354174303614,0,0.0,0
830354341131859,0,0.0,0
830364092045333,0,0.0,0
830658291817044,0,0.0,0
830935307666447,0,0.0,0
831301403844705,0,0.0,0
831538545906520,0,0.0,0
833807831114345,0,0.0,0
835502664640698,0,0.0,0
835875395424094,0,0.0,0
836049591680837,0,0.0,0
836517806889535,0,0.0,0
836750202854026,0,0.0,0
836804151396378,0,0.0,0
836886059882280,0,0.0,0
837099751797863,0,0.0,0
838597911059523,0,0.0,0
839035930317813,0,0.0,0
841091361134836,0,0.0,0
841160496109902,0,0.0,0
842234880141686,0,0.0,0
842420916532870,0,0.0,0
843949274136658,0,0.0,0
844133237816642,0,0.0,0
844141334426656,0,0.0,0
563411085691734,0,0.0,0
563412736222364,0,0.0,0
564414818992981,0,0.0,0
564533546504003,0,0.0,0
565414795557666,0,0.0,0
566034153488752,0,0.0,0
566339442182296,0,0.0,0
566942070737772,0,0.0,0
566952034639322,0,0.0,0
567381285689468,1,1.0,1
567568360432802,0,0.0,0
568706925269845,0,0.0,0
569411419431091,0,0.0,0
569465787516251,0,0.0,0
570586214008929,0,0.0,0
570644649141072,0,0.0,0
570847362010585,0,0.0,0
570853960899121,0,0.0,0
570932311168616,0,0.0,0
572150123155735,0,0.0,0
572188566205378,0,0.0,0
572191587911154,0,0.0,0
572396768774027,0,0.0,0
572775005172753,0,0.0,0
574415229074378,0,0.0,0
575009989424840,0,0.0,0
576115187957810,0,0.0,0
576629816803452,0,0.0,0
576634085575286,0,0.0,0
576785103363431,0,0.0,0
576861515393019,0,0.0,0
576862815396928,0,0.0,0
577102026156950,0,0.0,0
577704184535159,0,0.0,0
579372502820560,0,0.0,0
579760336355072,0,0.0,0
580191352433060,0,0.0,0
580445496263730,0,0.0,0
580496739012681,0,0.0,0
580563388651933,0,0.0,0
580845721061613,0,0.0,0
580849548957117,0,0.0,0
581309068810997,0,0.0,0
581382591190997,0,0.0,0
582609360456116,0,0.0,0
582627873085256,0,0.0,0
583430058862796,0,0.0,0
583445071509668,0,0.0,0
583467373093120,0,0.0,0
583485234813046,0,0.0,0
584172276250407,0,0.0,0
584491024490278,0,0.0,0
585256185552851,0,0.0,0
585259790261617,0,0.0,0
585865381747859,0,0.0,0
585957423829095,0,0.0,0
586117477313715,0,0.0,0
586193075015769,0,0.0,0
586199060991536,0,0.0,0
586238170032980,0,0.0,0
586332506009545,0,0.0,0
587249690254593,0,0.0,0
587619910920083,0,0.0,0
588298723394248,1,1.0,1
588929466740523,1,1.0,1
589549637602278,1,1.0,1
589556957552930,0,0.0,0
589613471631372,0,0.0,0
589682816246559,0,0.0,0
589690112060098,0,0.0,0
589791085416150,0,0.0,0
589797638666127,0,0.0,0
590403856656542,0,0.0,0
591391935144632,0,0.0,0
592244660390781,0,0.0,0
593494012248720,0,0.0,0
594070095178866,0,0.0,0
594573455582770,1,1.0,1
595886679557820,0,0.0,0
596242045742768,0,0.0,0
596677916784772,0,0.0,0
597463164712939,0,0.0,0
598003408336447,0,0.0,0
598186463487597,0,0.0,0
598221337203816,0,0.0,0
598353540430079,0,0.0,0
598355527555377,0,0.0,0
598407337137109,0,0.0,0
598411826973714,0,0.0,0
598508096214821,0,0.0,0
599684618980903,0,0.0,0
600021284538575,0,0.0,0
600078199535718,0,0.0,0
600545683342494,0,0.0,0
601510863789711,0,0.0,0
601711113157192,0,0.0,0
601712161536653,0,0.0,0
602515670859830,0,0.0,0
603903762432592,0,0.0,0
604593415522145,0,0.0,0
604624743822155,0,0.0,0
604628111851289,0,0.0,0
604747658617600,0,0.0,0
604773126360535,0,0.0,0
605272038347687,0,0.0,0
607056048838276,0,0.0,0
608752762002944,0,0.0,0
609310033943428,0,0.0,0
609431373395966,0,0.0,0
609708227835997,0,0.0,0
609920191352361,0,0.0,0
610184110159299,0,0.0,0
611580727693327,0,0.0,0
611581995657070,0,0.0,0
613200375891312,0,0.0,0
613496118047199,0,0.0,0
613819486378261,0,0.0,0
614605225908683,0,0.0,0
615468136489635,0,0.0,0
615528638713603,0,0.0,0
615773218800772,0,0.0,0
616036117878147,0,0.0,0
616356970871910,0,0.0,0
616506327085380,0,0.0,0
616567634414501,1,1.0,1
616825718836995,0,0.0,0
616899985289120,0,0.0,0
620495207228560,0,0.0,0
620723404895398,0,0.0,0
620804037807026,0,0.0,0
620806212105193,0,0.0,0
620872322878042,0,0.0,0
620877830647807,0,0.0,0
621153861788097,0,0.0,0
621156513764765,0,0.0,0
622564538674083,0,0.0,0
622605734737080,0,0.0,0
623076409431011,0,0.0,0
625513742979389,0,0.0,0
626797851487323,0,0.0,0
628523548928345,0,0.0,0
629884094223820,0,0.0,0
631013544989210,0,0.0,0
631375957892069,0,0.0,0
631878288015699,0,0.0,0
632141653923692,0,0.0,0
632198945054584,0,0.0,0
632710793129548,0,0.0,0
633374636949840,0,0.0,0
633768141877879,0,0.0,0
633991495157476,0,0.0,0
634134302801742,0,0.0,0
635339402721770,0,0.0,0
635408602202099,0,0.0,0
635534542254286,0,0.0,0
635537837759491,0,0.0,0
635704940055928,0,0.0,0
636395867482673,0,0.0,0
636550052408541,0,0.0,0
637253784563216,0,0.0,0
637260920138377,0,0.0,0
637792526675970,0,0.0,0
637903622465900,0,0.0,0
638255523048658,0,0.0,0
638412793657522,0,0.0,0
639110683919752,0,0.0,0
639113339075691,0,0.0,0
641021280447602,0,0.0,0
641766045359482,0,0.0,0
641832159631952,0,0.0,0
641842792184925,0,0.0,0
642367272881743,0,0.0,0
642427638397882,0,0.0,0
642560054049181,1,1.0,1
642590770895693,0,0.0,0
643206212964428,0,0.0,0
643550331886265,0,0.0,0
644468519810220,0,0.0,0
644527234605849,0,0.0,0
646244934194240,0,0.0,0
647118960814651,1,1.0,1
648633778202720,0,0.0,0
649589290853206,0,0.0,0
650241470610245,0,0.0,0
650246847273817,0,0.0,0
650247532649143,0,0.0,0
650248814619940,0,0.0,0
650578834520588,0,0.0,0
650579753848742,0,0.0,0
650899134199518,0,0.0,0
651043668744599,0,0.0,0
651228546138619,0,0.0,0
652859485217144,1,1.0,1
653118405266919,0,0.0,0
653268493414072,0,0.0,0
653272797326455,0,0.0,0
653389622901314,0,0.0,0
653504984580723,0,0.0,0
654004852477077,0,0.0,0
654133657719917,0,0.0,0
654301140462118,0,0.0,0
656839143068526,0,0.0,0
657175831206554,0,0.0,0
657613492856660,0,0.0,0
657638223031060,1,1.0,1
657681340770956,0,0.0,0
658257743782867,0,0.0,0
658678994533439,1,1.0,1
658793019104736,0,0.0,0
658857433378697,0,0.0,0
659205371783492,0,0.0,0
659382436984354,0,0.0,0
659382452862929,0,0.0,0
659526019916379,0,0.0,0
659707199497797,0,0.0,0
661504066441398,0,0.0,0
661575725049320,0,0.0,0
662051579566811,0,0.0,0
662111270579383,0,0.0,0
662238913292320,0,0.0,0
662278418470084,0,0.0,0
662319338060039,0,0.0,0
663178043400951,1,1.0,1
664612577747501,0,0.0,0
667176318056259,0,0.0,0
667176660169061,0,0.0,0
667285728008381,0,0.0,0
667363578750288,0,0.0,0
667364854298714,0,0.0,0
667476771873565,0,0.0,0
667591026035536,0,0.0,0
667949950143381,0,0.0,0
668307475354693,0,0.0,0
668620043929883,0,0.0,0
669281239808530,0,0.0,0
669409082084367,0,0.0,0
669936269822211,1,1.0,1
669941195295388,0,0.0,0
670132991405763,0,0.0,0
670143552524367,0,0.0,0
670266779011733,0,0.0,0
670267459853309,0,0.0,0
670272428900734,0,0.0,0
671117717215479,0,0.0,0
671367174313432,0,0.0,0
671424306817100,0,0.0,0
671497842979162,0,0.0,0
672662907408945,0,0.0,0
672730632519823,0,0.0,0
673568571757730,0,0.0,0
674175330049494,0,0.0,0
674283692479481,0,0.0,0
674387599378982,0,0.0,0
674393151915091,0,0.0,0
674495256382536,0,1.0,1
674547298567890,0,0.0,0
675071085951023,0,0.0,0
675179939578505,0,0.0,0
675245558639568,0,0.0,0
676714702290391,0,0.0,0
676803410729220,0,0.0,0
678610231944619,0,0.0,0
678617717415585,0,0.0,0
678970849895206,0,0.0,0
679167841992906,0,0.0,0
679550414822013,0,0.0,0
679954072672376,0,0.0,0
680472279326362,0,0.0,0
680504919994331,0,0.0,0
680710950240436,0,0.0,0
681145425639279,0,0.0,0
683288294826841,0,0.0,0
683456688644527,0,0.0,0
683589390933645,0,0.0,0
683806741576032,0,0.0,0
684026211711049,0,0.0,0
685583808790498,0,0.0,0
686120088792281,0,0.0,0
687041919622214,0,0.0,0
687090461030295,0,0.0,0
687673507559925,0,0.0,0
687852685308390,0,0.0,0
687857060474705,0,0.0,0
687979044776527,0,0.0,0
688159714724569,0,0.0,0
688321460820158,0,0.0,0
688509160389924,0,0.0,0
689128307110846,0,0.0,0
689128394304238,0,1.0,1
689529840591842,0,0.0,0
689749054180419,0,0.0,0
689749235190459,0,0.0,0
689898467797826,0,0.0,0
690145628852429,0,0.0,0
690581218280909,0,0.0,0
690894400769563,0,0.0,0
690932426407606,0,0.0,0
691056008989740,0,0.0,0
691897381629079,0,0.0,0
691957237097540,0,0.0,0
692128393567714,0,0.0,0
692869496228618,0,0.0,0
693324360512122,0,0.0,0
694907344018315,0,0.0,0
694910511032465,0,0.0,0
694916813223409,0,0.0,0
694965397693297,0,0.0,0
695479385752870,0,0.0,0
695483830240741,0,0.0,0
695707315497623,0,0.0,0
696064041920259,0,0.0,0
696064506837536,0,0.0,0
697494980501595,0,0.0,0
697695587552088,0,0.0,0
698068830910411,0,0.0,0
698406972342348,0,0.0,0
699226563376869,0,0.0,0
699479812663586,0,0.0,0
700039860850009,0,0.0,0
700041467980263,0,0.0,0
700068893091486,0,0.0,0
700206711247808,0,0.0,0
700210592681187,1,1.0,1
700433453524594,0,0.0,0
701003305946118,0,0.0,0
701157998558275,0,0.0,0
701482860661311,0,0.0,0
701642087798540,0,0.0,0
701705721584174,0,0.0,0
702068520732808,0,0.0,0
702513692044378,0,0.0,0
703472138885132,0,0.0,0
704364871072334,0,0.0,0
704566144856625,0,0.0,0
705079540902652,0,0.0,0
706258033800908,0,0.0,0
706377219511099,0,0.0,0
706961729845387,0,0.0,0
707267223090492,0,0.0,0
709829006823180,0,0.0,0
710180392643284,0,0.0,0
710228453918298,0,0.0,0
710783272474545,0,0.0,0
711411502789232,0,0.0,0
711840100807291,0,0.0,0
712548466149301,0,0.0,0
712885494466877,0,0.0,0
714181700617445,0,0.0,0
715142746554142,0,0.0,0
715143035529565,0,0.0,0
715790981952056,0,0.0,0
715946114169742,1,1.0,1
716205535823524,0,0.0,0
716451184333551,0,0.0,0
717028634886811,0,0.0,0
717157866719267,0,0.0,0
717163165411558,0,0.0,0
717165412361574,0,0.0,0
717168949806825,0,0.0,0
717442601870376,0,0.0,0
717606925587930,0,0.0,0
719256452798252,0,0.0,0
719278557790407,0,0.0,0
719284125739000,0,0.0,0
719600847570710,1,1.0,1
720491101237197,1,1.0,1
720501889616853,0,0.0,0
721279029231448,1,1.0,1
721383664120753,0,0.0,0
721614903386232,0,0.0,0
721668243036582,0,0.0,0
721781975464471,1,1.0,1
721942274323855,0,0.0,0
722149524814693,0,0.0,0
722151734517432,0,0.0,0
722156509620290,1,1.0,1
722158384904230,0,0.0,0
722464955232706,0,0.0,0
723707406187450,0,0.0,0
724001796965814,0,0.0,0
724575154838707,0,0.0,0
725573730474711,0,0.0,0
725728421701552,0,0.0,0
725796815277830,0,0.0,0
726308945347993,0,0.0,0
726913525423545,0,0.0,0
727355979278320,0,0.0,0
727679221226568,0,0.0,0
727679666063523,0,0.0,0
727912113757720,0,0.0,0
728956669141774,0,0.0,0
729131194380657,0,0.0,0
730035091238568,0,0.0,0
730113061797653,0,0.0,0
730170850184021,0,0.0,0
730974415707406,0,0.0,0
731669726098233,0,0.0,0
732246112651566,0,0.0,0
732255480645876,0,0.0,0
732390912637005,0,0.0,0
732672031577307,1,1.0,1
732772660078874,0,0.0,0
733477612413385,0,0.0,0
733479254843200,0,0.0,0
733721006034656,0,0.0,0
733886496266911,0,0.0,0
734568505716392,0,0.0,0
735004425180190,0,0.0,0
735187751004091,0,0.0,0
735192937687332,0,0.0,0
736658788023172,0,0.0,0
737641916832101,0,0.0,0
737712854070343,0,0.0,0
737831189214371,0,0.0,0
738186755094349,0,0.0,0
738591748314933,1,1.0,1
738714847932092,0,0.0,0
738715818436160,0,0.0,0
738718766650212,0,0.0,0
739254656290383,0,0.0,0
740726359634024,0,0.0,0
741601138712765,0,0.0,0
742151998050773,0,0.0,0
742867846001368,0,0.0,0
742989155909242,0,0.0,0
743448167413766,0,0.0,0
743680975507150,0,0.0,0
746150843607580,0,0.0,0
746364799496260,0,0.0,0
746560814632950,0,0.0,0
747310511905319,0,0.0,0
747787270489226,0,0.0,0
747887627565128,0,0.0,0
748808108236259,0,0.0,0
748875840652960,0,0.0,0
748879575407739,0,0.0,0
750779525075924,0,0.0,0
752726958492570,0,0.0,0
752845864728624,0,0.0,0
753669923082310,0,0.0,0
753745175613024,0,0.0,0
754932130265092,1,1.0,1
755028901807324,0,0.0,0
755031004313321,0,0.0,0
755641498780187,0,0.0,0
755641789821404,0,0.0,0
755840909241084,0,0.0,0
756086367014427,0,0.0,0
756275120716955,0,0.0,0
756411738978111,0,0.0,0
756637983485948,0,0.0,0
756685071134132,0,0.0,0
756737097157947,0,0.0,0
756793132201461,0,0.0,0
757224089752972,0,0.0,0
760841700062471,0,0.0,0
761069230090813,0,0.0,0
761383729627746,0,0.0,0
761922100277616,0,0.0,0
762398406191718,0,0.0,0
762557376190057,0,0.0,0
762755986247411,0,0.0,0
763271251409969,0,0.0,0
763521469961758,0,0.0,0
764537553200891,0,0.0,0
764640610186435,0,0.0,0
764644263282883,0,0.0,0
764873611861271,0,0.0,0
765747399296268,0,0.0,0
765844683101106,0,0.0,0
765949894545353,0,0.0,0
766623060278567,0,0.0,0
766732049378368,0,0.0,0
766759890433955,0,0.0,0
766769469946704,0,0.0,0
766914261112667,0,0.0,0
766924684089304,0,0.0,0
766925043670559,0,0.0,0
767494367762993,0,0.0,0
767676244940352,0,0.0,0
767924981380521,0,0.0,0
767934346354614,0,0.0,0
768379502264854,0,0.0,0
769099241239928,0,0.0,0
769301806741636,0,0.0,0
769936352927859,0,0.0,0
770250592202007,0,0.0,0
770419893244954,0,0.0,0
770426146822977,0,0.0,0
770639078588405,0,0.0,0
770640464377809,0,0.0,0
770868058055082,0,0.0,0
772030487889408,0,0.0,0
772570761651802,0,0.0,0
773423456695132,0,0.0,0
773620511294286,0,0.0,0
773807463620997,0,0.0,0
773815536790926,1,1.0,1
774259522974914,0,0.0,0
774259687661946,1,1.0,1
774262452787154,0,0.0,0
774972432840625,0,0.0,0
775448868238936,0,0.0,0
776176863337897,0,0.0,0
776420203342859,0,0.0,0
776628585355160,0,0.0,0
777311607490034,0,0.0,0
778253407233870,0,0.0,0
778398967813711,0,0.0,0
779352851006636,0,0.0,0
779358213041740,0,0.0,0
780083166657032,0,0.0,0
780085270520614,0,0.0,0
780091447164860,0,0.0,0
780576666143269,0,0.0,0
780656594582998,0,0.0,0
781090135669960,0,0.0,0
781150484719219,0,0.0,0
782730012912790,0,0.0,0
782792118205121,0,0.0,0
783265813043395,0,0.0,0
783560947855251,0,0.0,0
783887046336629,0,0.0,0
784643723789999,0,0.0,0
785454548891462,0,0.0,0
785492814580655,0,0.0,0
785590969739616,0,0.0,0
786058536722065,0,0.0,0
786309751300459,0,1.0,1
787001456140690,0,0.0,0
787361508579497,0,0.0,0
787534528508151,0,0.0,0
787538727692360,0,0.0,0
787924173957433,0,0.0,0
788189421408417,0,1.0,1
788395104595770,0,0.0,0
788461450023955,0,0.0,0
789320063818931,0,0.0,0
789429021137899,0,0.0,0
790417184015193,0,0.0,0
791416458325149,0,0.0,0
792453660088908,0,0.0,0
792935349876855,0,0.0,0
793125839388695,0,0.0,0
793129475519752,0,0.0,0
793416808951968,0,0.0,0
793915135837235,0,0.0,0
793957118137956,0,0.0,0
794681507369202,0,0.0,0
795637325464799,0,0.0,0
795640966706850,0,0.0,0
795642618137263,0,0.0,0
796910020628505,0,1.0,1
798297425165843,0,0.0,0
798682533268170,0,0.0,0
798692364380250,0,0.0,0
799209498483112,0,0.0,0
799448721631574,0,0.0,0
800055828758514,0,0.0,0
800058071936760,1,1.0,1
800750983766666,0,0.0,0
802466555717337,0,0.0,0
802540566833675,0,0.0,0
804606935796543,0,0.0,0
804769744647976,0,0.0,0
805293454481531,0,0.0,0
805300836058894,0,0.0,0
805302535571275,0,0.0,0
805387902501522,0,0.0,0
805627256443865,0,0.0,0
806267430312733,0,0.0,0
807858875096626,0,0.0,0
807861327696133,0,0.0,0
808145166422505,0,0.0,0
808695664195205,0,0.0,0
808942418559463,0,0.0,0
808943035914859,0,0.0,0
809018981704393,0,0.0,0
809263841840111,0,0.0,0
809681639887416,0,0.0,0
809684507764812,0,0.0,0
809752456310720,0,0.0,0
810330769182374,0,0.0,0
812747345145634,0,0.0,0
813124544298147,0,0.0,0
814707476812685,0,0.0,0
816459031582712,0,0.0,0
817327753094304,0,0.0,0
817626880600461,0,1.0,1
817914817329695,0,0.0,0
817986935773513,0,0.0,0
819170178721474,0,0.0,0
819494451186298,0,0.0,0
820084834199746,0,0.0,0
820087729038944,0,0.0,0
820530260596398,0,0.0,0
820923269810485,0,0.0,0
821275866591213,0,0.0,0
821809389436980,0,0.0,0
822298397451679,0,0.0,0
823678001973477,0,0.0,0
825085074007842,0,0.0,0
825151491618680,0,0.0,0
825428855619191,0,0.0,0
825971331295154,0,0.0,0
826629354261060,0,0.0,0
826792639626918,0,0.0,0
826796017261752,0,0.0,0
826825988406473,0,0.0,0
829516253510775,0,0.0,0
829588615150763,0,0.0,0
829865608714343,0,0.0,0
829921679212914,0,0.0,0
830439109011808,0,0.0,0
830932786659069,0,0.0,0
831721687146679,0,0.0,0
832380221643249,0,0.0,0
832550245086776,0,0.0,0
832557542893420,0,0.0,0
833247475137758,0,0.0,0
833672281816716,0,0.0,0
833677843431100,0,0.0,0
833865139368803,0,0.0,0
833871912116768,0,0.0,0
834772654857477,0,0.0,0
835505788590979,0,0.0,0
835574977955785,0,0.0,0
836268015528906,0,0.0,0
836301475003442,0,0.0,0
836344173234052,0,0.0,0
836344414023208,0,0.0,0
836350190626426,0,0.0,0
836536710357412,0,0.0,0
836959182200733,0,0.0,0
836962734669776,0,0.0,0
837373291315321,0,0.0,0
838764382222393,0,0.0,0
838892266164463,0,0.0,0
839204593171955,0,0.0,0
839399754902743,0,0.0,0
839549585001573,0,0.0,0
840442063455213,0,0.0,0
841213351259342,0,0.0,0
841214225944236,0,0.0,0
841248215388835,0,0.0,0
842551463550042,0,0.0,0
842626083078697,0,0.0,0
843707163438209,0,0.0,0
843798757650012,0,0.0,0
843805405992963,0,0.0,0
565589009498827,0,0.0,0
565591868383709,0,0.0,0
565593741912980,0,0.0,0
565683235754983,0,0.0,0
566183010893931,0,0.0,0
566505130836494,0,0.0,0
567368231276875,0,0.0,0
567511326969067,0,0.0,0
567518936191544,0,0.0,0
567641564084119,0,0.0,0
568866492932539,0,0.0,0
569412083962208,0,0.0,0
569435551334429,0,0.0,0
569902501063041,0,0.0,0
570442631607016,0,0.0,0
571612272259114,0,0.0,0
571612855614120,1,1.0,1
572819424260222,0,0.0,0
574519236601097,1,1.0,1
575379246843861,0,0.0,0
576776516015194,0,0.0,0
576915185890515,0,0.0,0
578252186600497,0,0.0,0
578258428767949,0,0.0,0
578261246853452,0,0.0,0
579225805651225,0,1.0,1
581878946706991,0,0.0,0
581943574164133,0,0.0,0
582880623615774,0,0.0,0
582882528992601,0,0.0,0
582883108272055,0,0.0,0
583949829074239,1,1.0,1
584386757817917,0,0.0,0
584449053714923,0,0.0,0
584831179476539,0,0.0,0
585412147112956,0,0.0,0
585591525651799,0,0.0,0
585591782441883,0,0.0,0
585716602302688,0,0.0,0
587364523466490,0,0.0,0
588461580423017,0,0.0,0
588469320968796,0,0.0,0
588673523555116,0,0.0,0
589280185075959,0,0.0,0
589291351019852,0,0.0,0
589502107892578,0,0.0,0
591878214316536,0,0.0,0
593091550828489,0,0.0,0
593933453056740,0,0.0,0
594731159896896,0,0.0,0
594736368134885,0,0.0,0
595455164143512,0,0.0,0
596591666120891,0,0.0,0
596857124783775,0,0.0,0
596883806875876,0,0.0,0
597836716269374,0,0.0,0
597871689352125,0,0.0,0
598580209561885,0,0.0,0
599096203872918,0,1.0,1
599872646041850,0,0.0,0
599959987626263,0,0.0,0
601341807383841,0,0.0,0
602025644530815,0,0.0,0
605943633400482,0,0.0,0
605994043592482,0,0.0,0
606156637018014,0,0.0,0
606257802870684,0,0.0,0
606264285043033,0,0.0,0
606564056244871,0,0.0,0
606742969504703,0,0.0,0
606926524599773,0,0.0,0
606928420202288,0,0.0,0
607051776095702,0,0.0,0
607855885522882,0,0.0,0
608249906297316,1,1.0,1
608625660478865,0,0.0,0
608845763899943,0,0.0,0
609296517280608,0,0.0,0
609296935190630,0,0.0,0
610249872337183,0,0.0,0
610842720180569,0,0.0,0
610845688392065,0,0.0,0
611439525191288,0,0.0,0
611495810149128,0,0.0,0
611989152257307,0,0.0,0
612998396200820,0,0.0,0
613007666205809,0,0.0,0
613589752099689,0,0.0,0
614937324522436,0,0.0,0
616853665291962,0,0.0,0
616951074424500,0,0.0,0
617243604027074,0,0.0,0
617902658837659,0,0.0,0
618485381745315,0,0.0,0
618924398631080,0,0.0,0
620613187323273,0,0.0,0
621815506678303,0,0.0,0
622774071546524,0,0.0,0
622887879270535,0,0.0,0
623520254271810,1,1.0,1
624996415889889,0,0.0,0
625392448477782,0,0.0,0
625515974574350,0,0.0,0
625516428776509,1,1.0,1
625870952267999,0,0.0,0
626481499198604,0,0.0,0
626483571284193,0,0.0,0
627903084768695,0,0.0,0
627910215252756,0,0.0,0
627910240316813,0,0.0,0
628374911491553,0,0.0,0
628478550547832,0,0.0,0
628916200583023,0,0.0,0
628943084038269,0,0.0,0
629218866021412,0,0.0,0
629280329109057,0,0.0,0
629899813330376,0,0.0,0
629952976378652,0,0.0,0
630385447648594,0,0.0,0
630673122310955,0,0.0,0
630681326805517,0,0.0,0
630712186657957,0,0.0,0
630715339430730,0,0.0,0
631617365664230,0,0.0,0
631839244101463,0,0.0,0
632058516663023,0,0.0,0
632356991781286,0,0.0,0
632791199034561,0,0.0,0
633182897257085,0,0.0,0
633261345477097,0,1.0,1
633264359321179,0,0.0,0
633508136544704,0,0.0,0
633634306359252,0,1.0,1
633636461230114,0,0.0,0
634097176550701,0,0.0,0
634097595765159,0,0.0,0
634909297246667,0,0.0,0
634961733621812,0,0.0,0
635503317954382,0,0.0,0
635966939594121,0,0.0,0
636071265015705,0,0.0,0
637299939016734,0,0.0,0
637364250960064,0,0.0,0
637652674118768,0,0.0,0
637781022576566,0,0.0,0
637969644667524,0,0.0,0
638367916585834,0,0.0,0
642150315163132,0,0.0,0
643602038890082,0,0.0,0
644536908548129,0,0.0,0
644609107797912,0,0.0,0
644684770549792,0,0.0,0
644816486787153,0,0.0,0
644821928457243,0,0.0,0
645265757960579,0,0.0,0
645888317490656,0,0.0,0
645891263734527,0,0.0,0
646037053732717,0,0.0,0
646855880453784,0,0.0,0
647167618115227,0,0.0,0
648275539455311,0,0.0,0
648527423676462,1,1.0,1
649965721682256,0,0.0,0
650239581615432,0,0.0,0
650387147904997,0,0.0,0
650464652732130,0,0.0,0
650547555237933,0,0.0,0
650654460404758,0,0.0,0
650694567228249,0,0.0,0
650760323463754,0,0.0,0
650761926034474,0,0.0,0
650764715843683,0,0.0,0
651230739767899,0,0.0,0
652944945925014,0,0.0,0
654123841653176,0,0.0,0
655182224841889,0,0.0,0
656162115851313,0,0.0,0
656340899720947,0,0.0,0
656747326743226,0,0.0,0
657123558766893,0,0.0,0
657245403468471,0,0.0,0
658025009647846,0,0.0,0
658256827139991,0,0.0,0
658263698471474,0,0.0,0
659091928056051,0,0.0,0
660109732928290,0,0.0,0
660593792945144,0,0.0,0
660746237656063,0,0.0,0
663755550489152,0,0.0,0
663784206899871,0,0.0,0
665262837760589,0,0.0,0
665526670322237,0,0.0,0
665533238788841,0,0.0,0
665827781935524,0,0.0,0
666041435651967,0,0.0,0
666654069645743,0,0.0,0
666864122306404,0,0.0,0
667152554776060,0,0.0,0
667214238137085,0,0.0,0
667301561085696,0,0.0,0
667662040855914,0,0.0,0
667880447967504,0,0.0,0
669197743045219,0,0.0,0
669200377242274,0,0.0,0
669204322341893,0,0.0,0
670507872285564,0,0.0,0
670580687470625,0,0.0,0
670993142757121,0,0.0,0
671825686619235,0,0.0,0
673064172921384,0,0.0,0
673679578014302,0,0.0,0
673910531767736,0,0.0,0
673917232674806,0,0.0,0
674216087269399,0,0.0,0
674219664678196,0,0.0,0
674224940705348,0,0.0,0
674548422887042,0,0.0,0
674962927902441,0,0.0,0
675299293786826,0,0.0,0
675306125105459,0,0.0,0
675340819682759,0,0.0,0
676041173825750,0,0.0,0
677158557146324,0,0.0,0
677191864827930,0,0.0,0
677286139389807,0,0.0,0
677733814783579,0,0.0,0
678451202570785,0,0.0,0
678906181891480,0,0.0,0
679476327589383,0,0.0,0
680826658200532,0,0.0,0
681555379788414,0,0.0,0
682043772862731,0,0.0,0
682687443316422,0,0.0,0
682689896753730,0,0.0,0
683165513760691,0,0.0,0
684061179187387,0,0.0,0
684550552556337,0,0.0,0
685147747285490,0,0.0,0
685154211524972,0,0.0,0
686396337727319,0,0.0,0
686526600182162,0,0.0,0
687353156264422,0,0.0,0
687694396500862,0,0.0,0
687994180605305,1,1.0,1
687997950139754,0,0.0,0
688339675964798,0,0.0,0
689006770967614,0,0.0,0
690749684363775,0,0.0,0
691292132142259,0,0.0,0
691292281321935,0,0.0,0
692524517774741,0,0.0,0
692532133862231,0,0.0,0
693280739374911,0,0.0,0
693620888837412,0,0.0,0
694722850021200,0,0.0,0
694770112555972,1,1.0,1
695025187349718,0,0.0,0
695246734381961,0,0.0,0
696751469235176,0,0.0,0
696752516623439,0,0.0,0
696762820462356,0,0.0,0
696787749607735,0,0.0,0
697262551845825,0,0.0,0
697503966575981,0,0.0,0
697624795532302,0,0.0,0
697627517489730,0,0.0,0
698374473889997,0,0.0,0
698734654510404,0,0.0,0
699684263558868,0,0.0,0
700922704459799,1,1.0,1
701655286731211,0,0.0,0
702682184513490,0,0.0,0
703733233020086,0,0.0,0
704654066412058,0,0.0,0
704816999100916,1,1.0,1
704900907982132,0,0.0,0
704902177807126,0,0.0,0
704904096187390,0,0.0,0
705045339502957,0,0.0,0
705045611838193,0,0.0,0
705085452449979,0,0.0,0
705647627632058,0,0.0,0
705900702601716,0,0.0,0
706197492451890,0,0.0,0
706634668178466,0,0.0,0
706637640045992,0,0.0,0
706734557429841,0,0.0,0
707076797530800,0,0.0,0
708309238144961,0,0.0,0
708494079996389,0,0.0,0
709922930257007,0,0.0,0
709974129574879,0,0.0,0
709974226459470,0,0.0,0
710024386869433,0,0.0,0
710389822557869,0,0.0,0
710390812896440,0,0.0,0
710455874860857,0,0.0,0
710491944606965,0,0.0,0
710502790019536,0,0.0,0
711058143731398,0,0.0,0
711921918734412,0,0.0,0
712632902014185,0,0.0,0
712996365716132,0,0.0,0
713245200665882,0,0.0,0
713301834901501,0,0.0,0
713549663966245,0,0.0,0
714297848778561,0,0.0,0
714298144142739,0,0.0,0
715725701812565,0,0.0,0
716836154639323,0,0.0,0
717248050157418,0,0.0,0
717356849102518,0,0.0,0
717518398976852,0,0.0,0
717652382611231,0,0.0,0
720053198547172,0,0.0,0
720540862232559,0,0.0,0
720573701539887,0,0.0,0
721237227811084,0,0.0,0
721240629955933,0,0.0,0
721270369114234,0,0.0,0
722541093628787,0,0.0,0
723402357832239,0,0.0,0
723533601180587,0,0.0,0
723673257710723,0,0.0,0
723674538486448,0,0.0,0
723739976074255,0,0.0,0
723740139030849,0,0.0,0
724052077064052,0,0.0,0
724164044495268,0,0.0,0
724708212663743,0,0.0,0
724903635953560,0,0.0,0
725076672193099,0,0.0,0
725128993768773,0,0.0,0
725471233628076,0,0.0,0
727013319071231,0,0.0,0
727605498313294,0,0.0,0
728864741955229,0,0.0,0
729959516901853,0,0.0,0
730784632852774,0,0.0,0
730797871507377,0,0.0,0
730944931157648,0,0.0,0
731007429453621,0,0.0,0
731218092778778,0,0.0,0
731422420485558,0,0.0,0
731805971016273,0,0.0,0
731838522668189,0,0.0,0
732321148337513,0,0.0,0
732842072230794,0,0.0,0
733174188684929,0,0.0,0
734081456852647,0,0.0,0
734392896377460,0,0.0,0
736088316327839,0,0.0,0
736089283394670,0,0.0,0
736200399413562,0,0.0,0
736230245730538,0,0.0,0
736288320754982,0,0.0,0
736364619936262,0,0.0,0
737772391093523,0,0.0,0
738125014807212,0,0.0,0
738128250429897,0,0.0,0
738212412104876,0,0.0,0
738979373414404,0,0.0,0
739654207525357,0,0.0,0
740006888697289,0,0.0,0
740439114832711,0,0.0,0
740653590839545,0,0.0,0
740658260986544,0,0.0,0
741370171384674,0,0.0,0
741829015477491,0,0.0,0
742121381782510,0,0.0,0
744507942559174,0,0.0,0
744543928629376,0,0.0,0
744545615097785,0,0.0,0
744546348954204,0,0.0,0
745391591974629,0,0.0,0
746063671615786,0,0.0,0
746557792714494,0,0.0,0
746560454636732,0,0.0,0
746728065801416,0,0.0,0
746918705674795,0,0.0,0
747344548289311,0,0.0,0
747404329523122,0,0.0,0
748040706437441,0,0.0,0
748337023792583,0,0.0,0
748341516114454,0,0.0,0
748484165369958,0,0.0,0
748561402684211,0,0.0,0
749847544825058,0,0.0,0
750025910587719,0,0.0,0
750030316223133,0,0.0,0
751248333390225,0,0.0,0
751533555342343,0,0.0,0
751995040128743,0,0.0,0
752759097729805,0,0.0,0
752790245102357,0,0.0,0
754953564254147,0,0.0,0
755508496369513,0,0.0,0
755509808936021,0,0.0,0
758218720160083,0,0.0,0
758563954152223,0,0.0,0
759464542638537,0,0.0,0
761245381315251,0,0.0,0
761418984988787,0,0.0,0
762058314457773,0,0.0,0
762631250040958,0,0.0,0
762674983616997,0,0.0,0
763246020521113,0,0.0,0
763820138124031,0,0.0,0
764414912957290,0,1.0,1
764478137198662,0,0.0,0
764521690540779,0,0.0,0
764644953452728,0,0.0,0
764829137152323,0,0.0,0
765080268242869,0,0.0,0
766073797459631,0,0.0,0
766597085610720,0,0.0,0
766818089924825,0,0.0,0
766818377613675,0,0.0,0
767260976673095,0,0.0,0
767640687126863,0,0.0,0
768705415701405,0,0.0,0
768736398388984,0,0.0,0
768800221231113,0,1.0,1
770131838523250,0,0.0,0
770220449781311,0,0.0,0
770254588342316,0,0.0,0
771133877782093,0,0.0,0
771164878641220,0,0.0,0
771177922347394,0,0.0,0
771179163046032,0,0.0,0
771358234110845,0,0.0,0
772078502838867,0,0.0,0
772128357246432,0,0.0,0
773504500910692,0,0.0,0
773604564711936,0,0.0,0
773724990872956,0,0.0,0
774562240503327,0,0.0,0
775628404232252,0,0.0,0
775945215225052,0,0.0,0
775976842674035,0,0.0,0
776816999245896,0,0.0,0
777302908997567,0,0.0,0
777329298821580,0,0.0,0
777334587167152,0,0.0,0
778843223592718,0,0.0,0
778943609416210,0,0.0,0
779185635066834,0,0.0,0
780358565331284,0,0.0,0
782460208197509,0,0.0,0
782867993088747,0,0.0,0
783106697914973,0,0.0,0
783235583371622,0,0.0,0
783628993194763,0,0.0,0
783791995454828,0,0.0,0
783904510847417,0,0.0,0
784258387913444,0,0.0,0
784615287333453,0,0.0,0
785053330260228,0,0.0,0
785899743616895,0,0.0,0
786161405943379,0,0.0,0
787968890237749,0,0.0,0
788845876679059,0,0.0,0
789154530742458,0,0.0,0
789943144841893,0,0.0,0
790415496287723,0,0.0,0
790562025927923,0,0.0,0
791155410584221,0,0.0,0
792209970125389,0,0.0,0
792287613355125,0,0.0,0
792292543731249,0,0.0,0
792322637105895,0,0.0,0
793059716358871,0,0.0,0
793186271934932,1,1.0,1
795092901329236,0,0.0,0
795561764324311,0,0.0,0
796972963427922,0,0.0,0
797069028677983,0,0.0,0
797640924400550,0,0.0,0
797641371107253,0,0.0,0
797875560909887,0,0.0,0
798184861935866,0,0.0,0
798720505671397,0,0.0,0
799907492796475,0,0.0,0
800556700329444,0,0.0,0
800571791765262,0,0.0,0
800575190772985,0,0.0,0
800666028351539,0,0.0,0
803693215703728,0,0.0,0
804456216426617,0,0.0,0
805267035136069,0,0.0,0
805415823642975,0,0.0,0
805468930908033,0,0.0,0
805828363095080,0,0.0,0
805985946485168,0,0.0,0
806223697353515,0,1.0,1
806233144474828,0,0.0,0
806535623081513,0,0.0,0
806836069309988,0,0.0,0
806989413287246,0,0.0,0
808801021057302,0,0.0,0
809432786021079,0,0.0,0
809557496575164,0,0.0,0
810483321933968,0,0.0,0
810728050225783,0,0.0,0
810800052750388,0,0.0,0
810803018571222,0,0.0,0
810805297056061,1,1.0,1
810805439352247,0,0.0,0
810836094341945,0,0.0,0
811109465212492,0,0.0,0
811679740183846,0,0.0,0
813283151815433,0,0.0,0
813433047478867,0,0.0,0
814311982591717,0,0.0,0
814476219378675,0,0.0,0
814480216147716,0,0.0,0
814800317489741,0,0.0,0
814973858113896,0,0.0,0
818196710290009,0,0.0,0
818380414550546,0,0.0,0
818432279015381,1,1.0,1
818842141244760,0,0.0,0
820097243723478,0,0.0,0
820447582433514,0,0.0,0
820809494751972,0,0.0,0
820862167013806,0,0.0,0
822790513386209,0,0.0,0
822793253055817,0,0.0,0
822794175515010,0,0.0,0
822825538304465,0,0.0,0
824652132838011,0,0.0,0
825236903861237,0,0.0,0
825299963011184,0,0.0,0
828224615180876,0,0.0,0
828411097157731,0,0.0,0
829415675455464,0,0.0,0
829811549255116,0,0.0,0
829918105146306,0,0.0,0
830059561839123,0,0.0,0
831167474800865,0,0.0,0
831168928847828,0,0.0,0
831925208403371,0,0.0,0
831926750912559,0,0.0,0
832170304816759,0,0.0,0
832480409029863,0,0.0,0
833185458430266,0,0.0,0
834207413390991,0,0.0,0
835219402886323,0,0.0,0
835894814142447,0,0.0,0
835960587904608,0,0.0,0
836123421049375,0,0.0,0
836666917111033,0,0.0,0
837593349716289,0,0.0,0
837849914047792,0,0.0,0
837993706745900,0,0.0,0
838538219350463,0,0.0,0
841285691761746,0,0.0,0
841287952073660,0,0.0,0
842307387033261,0,0.0,0
842763332166200,0,0.0,0
844179008327234,0,0.0,0
844408936490824,0,0.0,0
564673733554134,0,0.0,0
565320452436626,0,0.0,0
565355793690663,0,0.0,0
566383118335406,0,0.0,0
566594972168074,0,0.0,0
567378458831787,0,0.0,0
568403310477194,0,0.0,0
568831988619067,0,0.0,0
569593638684796,0,0.0,0
570088204066632,0,0.0,0
570560849687375,0,0.0,0
572186984507883,0,0.0,0
573197556093772,0,0.0,0
573607794134943,0,0.0,0
575273019418494,0,0.0,0
575373161968740,0,0.0,0
575573976549639,0,0.0,0
576360142672568,0,0.0,0
576645945386822,0,0.0,0
576649095126214,0,0.0,0
577136213083746,0,0.0,0
577235658339507,0,0.0,0
577291111863220,0,0.0,0
578667007312859,0,0.0,0
579589112044306,0,0.0,0
579787643067596,0,0.0,0
583390183777568,0,0.0,0
584741504611853,0,0.0,0
584746564625936,0,0.0,0
584825681501136,0,0.0,0
586112755643622,0,0.0,0
588308476149680,0,0.0,0
588506694559092,0,0.0,0
589755633344686,0,0.0,0
590180733241258,0,0.0,0
590231717067740,0,0.0,0
590442799812922,0,0.0,0
591819068252083,0,0.0,0
592559278352556,0,0.0,0
592602893633812,0,0.0,0
593708768768962,0,0.0,0
594574705351493,0,0.0,0
594578814422937,0,0.0,0
597683689790939,0,0.0,0
597712029047806,0,0.0,0
598095272202183,0,0.0,0
600067834505584,0,0.0,0
600450928387544,0,0.0,0
601142369662210,0,0.0,0
601149310098053,0,0.0,0
601624598055309,0,0.0,0
601868277844047,0,0.0,0
601923119476746,0,0.0,0
602817766506186,0,0.0,0
603349168217852,0,0.0,0
604092912634747,0,0.0,0
604417739675796,0,0.0,0
604418086814229,0,0.0,0
605764326236381,0,0.0,0
605767274672982,0,0.0,0
607323272388700,0,0.0,0
608741284943017,0,0.0,0
609845212062031,0,0.0,0
609924241983977,0,0.0,0
610143802325593,0,0.0,0
610590357910157,0,0.0,0
611080096765396,0,0.0,0
611110896008960,0,0.0,0
611931031898714,0,0.0,0
612172170702479,0,0.0,0
612238494096954,0,0.0,0
612435423550168,0,0.0,0
613748699738381,0,0.0,0
614198309576909,0,0.0,0
614203657929328,0,0.0,0
614275141892449,0,0.0,0
615212047531102,0,0.0,0
616765694816392,0,0.0,0
617276515085214,0,0.0,0
617411760763727,0,0.0,0
617571099867196,0,0.0,0
618137357125735,0,0.0,0
618540242703236,0,0.0,0
618688003525409,0,0.0,0
620874737050584,1,1.0,1
620924621750752,0,0.0,0
621693337352024,0,0.0,0
621695643120351,0,0.0,0
621826101002848,0,0.0,0
622086986177535,0,0.0,0
622214071313454,0,0.0,0
622304469816480,0,0.0,0
622377701981610,0,0.0,0
622641757568593,0,0.0,0
623603892359377,0,0.0,0
624026878187074,1,1.0,1
624896025760615,0,0.0,0
625200729176708,0,0.0,0
625280047384484,0,0.0,0
625570881300466,0,0.0,0
625603293055354,0,0.0,0
626295882768660,0,0.0,0
626522510193847,0,0.0,0
627084906407478,0,0.0,0
627491281828113,1,1.0,1
627884591067131,0,0.0,0
627949088638127,0,0.0,0
628001557302995,0,0.0,0
628280580010969,0,0.0,0
628601892412941,0,0.0,0
628652949430982,0,0.0,0
628803119967232,0,0.0,0
628942094663315,0,0.0,0
629997858302091,0,0.0,0
630378655976633,0,0.0,0
630379642038245,0,0.0,0
630416045169347,0,0.0,0
631535522408059,0,0.0,0
634027590663118,0,0.0,0
634618091151798,0,0.0,0
635034036517742,0,0.0,0
636026809482264,0,0.0,0
636031933823505,0,0.0,0
636197934114095,0,0.0,0
636686772608522,0,0.0,0
636844527959475,0,0.0,0
637466023235296,0,0.0,0
638336008672998,0,0.0,0
638412170644247,0,0.0,0
639284329058582,0,0.0,0
640900754253300,0,0.0,0
640937466101140,0,0.0,0
640998506279975,0,0.0,0
641428354831951,0,0.0,0
642506313009754,0,0.0,0
642920856815055,0,0.0,0
642954342325075,0,0.0,0
642956023364085,0,0.0,0
644235003403348,0,0.0,0
645574460133383,0,0.0,0
645579330458909,0,0.0,0
645721251780354,0,0.0,0
645722921661966,0,0.0,0
646127957563910,0,0.0,0
646605581479056,0,0.0,0
647761442141998,0,0.0,0
648530641308118,0,0.0,0
648645989565992,0,0.0,0
652934866032847,0,0.0,0
653097178287506,0,0.0,0
655417572742537,0,0.0,0
657483659327666,0,0.0,0
657486796397273,0,0.0,0
657630531195204,0,0.0,0
657637657251052,0,0.0,0
657638622015668,0,0.0,0
659019597617599,0,0.0,0
660101500892486,0,0.0,0
661176279144128,0,0.0,0
662272488852582,0,0.0,0
663629072686392,0,0.0,0
665715988876480,0,0.0,0
665854941166093,0,0.0,0
666013924686153,0,0.0,0
667604248848689,0,0.0,0
669123153386772,0,0.0,0
669185697685339,0,0.0,0
669243334063568,0,0.0,0
669510234894936,0,0.0,0
669516061563777,0,0.0,0
670845466288690,0,0.0,0
671842298622381,0,0.0,0
672213037646194,0,0.0,0
672587211643903,0,0.0,0
672593197970399,0,0.0,0
673347388551513,0,0.0,0
675344281431329,0,0.0,0
675480467935539,0,0.0,0
675993230349727,0,0.0,0
676112931968434,0,0.0,0
676574000735013,0,0.0,0
677179996534329,0,0.0,0
677535748902812,0,0.0,0
677742321858608,0,0.0,0
678443572117122,0,0.0,0
678615104285568,0,0.0,0
678799270886784,0,0.0,0
679893951483028,0,0.0,0
680318869796877,0,0.0,0
680600884568871,0,0.0,0
680886650177819,0,0.0,0
681333518284094,0,0.0,0
681722152589893,0,0.0,0
681723073059303,0,0.0,0
681777691737033,0,0.0,0
682322270607770,0,0.0,0
682829391594143,0,0.0,0
683026362836637,0,0.0,0
683743457741125,0,0.0,0
683779501587532,0,0.0,0
683894658770622,0,0.0,0
684396085963256,0,0.0,0
684507735516884,0,0.0,0
685283089273295,0,0.0,0
685287384240591,0,0.0,0
685371004961973,0,0.0,0
685751593010347,0,0.0,0
686197237095300,0,0.0,0
688030336160553,0,0.0,0
688966194546437,0,0.0,0
689720517389968,0,0.0,0
690148201608716,0,0.0,0
691641805476986,0,0.0,0
691789551929160,0,0.0,0
691791780246869,0,0.0,0
691798848442029,0,0.0,0
692021623147419,0,0.0,0
692239559851200,0,0.0,0
692289711816653,0,0.0,0
692294606687700,0,0.0,0
692400532195519,0,0.0,0
692962924793399,0,0.0,0
693240396614208,0,0.0,0
695946101796117,0,0.0,0
696264467968701,0,0.0,0
696814159271416,0,0.0,0
697610924389026,0,0.0,0
698225638560462,0,0.0,0
698560581534424,0,1.0,1
698563260220324,0,0.0,0
698627491460671,0,1.0,1
698827896206236,0,0.0,0
699616799081518,0,0.0,0
700386934024110,0,0.0,0
701273238606126,0,0.0,0
701821792019599,0,0.0,0
702509404197767,0,0.0,0
702753560762619,0,0.0,0
702754954231007,1,1.0,1
703674336535812,0,0.0,0
703675650188007,0,0.0,0
703864114665075,0,0.0,0
703866519563525,0,0.0,0
703973530679746,0,0.0,0
704192641854796,0,0.0,0
704601767413673,0,0.0,0
704733381478538,0,0.0,0
705014464201209,0,0.0,0
705121351376435,0,0.0,0
705808355340908,0,0.0,0
705878352322450,0,0.0,0
707946003110701,0,0.0,0
707974069948806,0,0.0,0
708174417048294,0,0.0,0
708261266846450,0,0.0,0
708315705024355,0,0.0,0
708846861610012,0,0.0,0
708850466807319,0,0.0,0
709160932882455,0,0.0,0
709228429675592,0,0.0,0
709444009034679,0,0.0,0
709561288379501,0,0.0,0
709679709541573,0,0.0,0
711396810986168,0,0.0,0
713212651958182,0,0.0,0
714606633358595,0,0.0,0
714716847276259,0,0.0,0
716021094243598,0,0.0,0
718157503962640,0,0.0,0
718827833084634,1,1.0,1
718829059468007,0,0.0,0
719146278242877,0,0.0,0
719176371099347,0,0.0,0
719184042355178,0,0.0,0
719224526085477,0,1.0,1
719277043117329,0,1.0,1
719533826258946,0,0.0,0
719585794065735,0,0.0,0
721700018142675,0,0.0,0
721858549921740,0,0.0,0
722980246620095,0,0.0,0
723846440238790,0,0.0,0
723889573083569,0,0.0,0
724001101511383,0,0.0,0
724154442075047,0,0.0,0
724156935975414,0,0.0,0
724270266643178,0,0.0,0
724298322912094,0,0.0,0
724849903427480,0,0.0,0
725607694582486,0,0.0,0
726400087627791,0,0.0,0
726471619761397,0,0.0,0
726475919230751,0,0.0,0
728165197574919,0,0.0,0
728298823392947,0,0.0,0
728726014196224,0,0.0,0
728726208484239,0,0.0,0
729491460165288,0,0.0,0
729583791643600,0,0.0,0
729695169585527,0,0.0,0
730048179960433,0,0.0,0
730323526027173,0,0.0,0
730324976629461,0,0.0,0
730516093563764,0,0.0,0
730565850576795,0,0.0,0
730568450856810,0,0.0,0
731538681270435,0,1.0,1
731737212436139,0,0.0,0
731806175270483,0,0.0,0
731881684848676,0,0.0,0
733815094322380,0,0.0,0
733815671856349,1,1.0,1
734728571825328,0,0.0,0
736877360193677,0,0.0,0
736911482881553,0,0.0,0
737399333376294,0,0.0,0
737453257139425,0,0.0,0
737460271732664,0,0.0,0
738669920778753,0,0.0,0
739907026174942,0,0.0,0
740139339078580,0,0.0,0
740566213987330,0,0.0,0
740570010139480,0,0.0,0
740695632385923,1,1.0,1
741111306032075,0,0.0,0
741569716212879,0,0.0,0
742475580478366,0,0.0,0
742485696369567,0,0.0,0
743640512505404,0,0.0,0
743644651301182,0,0.0,0
744443346538637,0,0.0,0
745248863446045,0,0.0,0
745691084037952,0,0.0,0
745960849257214,0,0.0,0
745964380412034,0,0.0,0
745966059850266,0,0.0,0
746067114786386,0,0.0,0
746067414153675,0,0.0,0
746393927737678,0,0.0,0
746579363232726,0,0.0,0
746580641367931,0,0.0,0
746664680193006,0,0.0,0
746815019185136,0,0.0,0
746816582447494,0,0.0,0
747048007951130,0,0.0,0
747258536285480,0,0.0,0
747259698427648,0,0.0,0
747975135469459,1,1.0,1
748524300778548,0,0.0,0
749249751654756,0,0.0,0
749252720933445,0,0.0,0
749516158336626,0,0.0,0
752625520514545,0,0.0,0
754326762824941,0,0.0,0
755009222954267,0,0.0,0
755929947989567,0,0.0,0
755930950723157,0,0.0,0
756492940639244,0,0.0,0
757075871182243,0,0.0,0
757176885976858,0,0.0,0
757292271993613,0,0.0,0
757756843913728,0,0.0,0
758258940985690,0,0.0,0
759849108197495,0,0.0,0
759924851297493,0,0.0,0
763298081337420,0,0.0,0
765954625658693,0,0.0,0
767588677285343,0,0.0,0
767670782845629,0,0.0,0
768533968369911,0,0.0,0
769231817840658,0,0.0,0
769233274840738,0,0.0,0
770979967961150,0,0.0,0
771320680412737,0,0.0,0
771979649247389,0,0.0,0
772983416807326,0,0.0,0
773222000623539,0,0.0,0
774751137316106,0,0.0,0
776574286692012,0,0.0,0
776637123501083,0,0.0,0
777406690985846,0,0.0,0
777409089291070,0,0.0,0
777782791647396,0,0.0,0
778912450299423,0,0.0,0
779029650655040,0,0.0,0
779426600489873,0,0.0,0
779506620222700,0,0.0,0
779514688400972,0,0.0,0
779930888918733,0,0.0,0
781720026665480,0,0.0,0
781962042615230,0,0.0,0
782854747540895,0,0.0,0
783601827013017,0,0.0,0
783884350086854,0,0.0,0
784766909700746,1,1.0,1
784770037502847,0,0.0,0
784908407364928,0,0.0,0
785037331917430,0,0.0,0
785069081503246,0,0.0,0
785602102527931,0,0.0,0
785607089666823,0,0.0,0
786583995988064,0,0.0,0
786988713039330,0,0.0,0
787172108806279,0,0.0,0
787178467150589,0,0.0,0
787182083873846,0,0.0,0
787214123982182,0,0.0,0
787814048665265,0,0.0,0
788567649055703,0,0.0,0
788622355346323,0,0.0,0
788705591316387,0,0.0,0
790319145763898,0,0.0,0
791670023318089,0,0.0,0
791748992536303,0,0.0,0
792543494959009,0,0.0,0
792595884724996,0,0.0,0
793309705379764,0,0.0,0
794060011508867,0,0.0,0
794258230167364,0,0.0,0
794414379176366,0,0.0,0
794500363067185,0,0.0,0
795491854658541,0,0.0,0
795626584925579,0,0.0,0
795702637629831,0,0.0,0
796069665222098,0,0.0,0
797109035401106,0,0.0,0
798091780070535,0,0.0,0
798560739836329,0,0.0,0
798715000933249,0,0.0,0
798794964804975,0,0.0,0
799145826072960,0,0.0,0
799316632501556,0,0.0,0
799923214642244,0,0.0,0
800249914102884,0,0.0,0
800258321523538,0,0.0,0
800483146351008,0,0.0,0
800571302453348,0,0.0,0
801083274517596,0,0.0,0
801141112572087,0,0.0,0
801148484087036,0,1.0,1
801228367028827,0,0.0,0
801807275587949,0,0.0,0
802850726458801,0,0.0,0
802856488457671,0,0.0,0
803881096606380,0,0.0,0
804207069834661,0,0.0,0
804709227370597,0,0.0,0
804768369072249,0,0.0,0
805030838913756,0,0.0,0
805386926987326,0,0.0,0
805832588118911,0,0.0,0
806087219019220,0,0.0,0
806184311885521,0,0.0,0
806345219379544,0,0.0,0
807055938203053,0,0.0,0
807061878276570,0,0.0,0
807894920093923,0,0.0,0
807899084336848,0,0.0,0
808173177926058,0,0.0,0
810443625254070,0,0.0,0
810561395237684,0,0.0,0
810681092075922,0,0.0,0
810684404259017,0,0.0,0
810873340935221,0,0.0,0
810876408082425,0,0.0,0
811951908684829,0,0.0,0
815258919272343,0,0.0,0
816442807496275,0,0.0,0
816901908431182,0,0.0,0
817873623909290,0,0.0,0
818524661133271,0,0.0,0
819063966988601,0,0.0,0
819988097498721,0,0.0,0
819988400605317,0,0.0,0
820286789232372,0,0.0,0
820944849555240,0,0.0,0
821882992956124,0,0.0,0
822152501852575,0,0.0,0
822159310662585,0,0.0,0
822385646298866,0,0.0,0
822422842555438,0,0.0,0
822426845277728,0,0.0,0
822807050167445,0,0.0,0
822838321046561,0,0.0,0
822970798291877,0,0.0,0
823044537368101,0,0.0,0
823159952957239,0,0.0,0
823167368100974,0,0.0,0
823224466323561,0,0.0,0
823561210413046,0,0.0,0
824040331764870,0,0.0,0
824213472492209,0,0.0,0
824248763411055,0,0.0,0
824249578694187,0,0.0,0
824955066114828,0,0.0,0
825941900768850,0,0.0,0
826542699996327,0,0.0,0
827550042543425,0,0.0,0
827950037599561,0,0.0,0
828574360297484,0,0.0,0
829880656219158,0,0.0,0
830204157814114,0,0.0,0
830209474014765,0,0.0,0
830981150095058,0,0.0,0
831195639339888,0,0.0,0
831932862090189,0,0.0,0
832018562588009,0,0.0,0
832512441754800,0,0.0,0
832998595274918,0,0.0,0
833026298425129,0,0.0,0
834012521064390,0,0.0,0
835485327934515,0,0.0,0
835766035809816,0,0.0,0
835902027658175,0,0.0,0
838024187951333,0,0.0,0
838328978188029,0,0.0,0
838841405724397,0,0.0,0
838946892950235,0,0.0,0
840014255544964,0,1.0,1
840404850903254,0,0.0,0
841142201034296,0,0.0,0
841460236226377,0,0.0,0
841695217976771,0,0.0,0
842231244649562,0,0.0,0
843677423582146,0,0.0,0
844054076127935,0,0.0,0
844150774837246,0,0.0,0
844153300479071,0,0.0,0
844390098941272,0,0.0,0
563316105399814,0,0.0,0
563493555938154,0,0.0,0
563496973311226,0,0.0,0
563672651753153,0,0.0,0
563673606720451,0,0.0,0
564535163135929,0,0.0,0
564685135885885,0,0.0,0
564782136844445,0,0.0,0
565066866698704,0,0.0,0
565376451777880,0,0.0,0
565492562569247,0,0.0,0
566212323308674,0,0.0,0
566217489608866,0,0.0,0
567049592142094,0,0.0,0
567237650238991,0,0.0,0
567423736944939,0,0.0,0
567424588298316,0,0.0,0
568055632362705,0,0.0,0
568272445143065,0,0.0,0
568632731843671,0,0.0,0
568901774383078,0,0.0,0
568959299597647,0,0.0,0
568959675848606,0,0.0,0
569183350502263,0,0.0,0
570015663425588,0,0.0,0
570362480578858,0,0.0,0
570604272273529,0,0.0,0
570969723404932,0,0.0,0
571691798609795,0,0.0,0
572495297198731,0,0.0,0
572786074808122,0,0.0,0
573846122386548,1,1.0,1
574462955426079,0,0.0,0
574694395549403,0,0.0,0
575663226820210,0,0.0,0
575673538309312,0,0.0,0
575698756503131,0,0.0,0
575700127847562,0,0.0,0
576967043995926,0,0.0,0
577044042518734,0,0.0,0
577866772576400,0,0.0,0
578685393171482,0,0.0,0
578698973975625,0,0.0,0
579640021412904,0,0.0,0
579711641823128,0,0.0,0
581447190973659,0,0.0,0
581680317241900,0,0.0,0
582085841917858,0,0.0,0
582092068891101,0,0.0,0
582727021491732,0,0.0,0
582851778933156,0,0.0,0
583426846156381,1,1.0,1
583608205122764,0,0.0,0
585365053642231,0,0.0,0
586528819594251,0,0.0,0
586831005468267,0,0.0,0
587768345529778,0,0.0,0
588973894361988,0,0.0,0
589707673610172,0,0.0,0
589944986977322,0,0.0,0
590739477179925,0,0.0,0
590878751310483,0,0.0,0
591124813029441,0,0.0,0
592228154474723,0,0.0,0
592268349971173,0,0.0,0
592748979553929,0,0.0,0
593386080682089,0,0.0,0
594214299779933,0,0.0,0
595057364769229,0,0.0,0
596940812540707,0,0.0,0
598462670235047,0,0.0,0
598515095577029,0,0.0,0
599754347655187,0,0.0,0
601950248109317,0,0.0,0
601952489428543,0,0.0,0
602311772747495,0,0.0,0
602626852506062,0,0.0,0
602629562620335,0,0.0,0
602834442367680,0,0.0,0
603938657122885,0,0.0,0
604845636624282,0,0.0,0
604947133442726,0,0.0,0
605709021873397,0,0.0,0
605710443611706,0,0.0,0
605710829081715,0,0.0,0
606407995914472,0,0.0,0
606412609767790,0,0.0,0
606684480285484,0,0.0,0
606752861372387,0,0.0,0
606756581779903,0,0.0,0
606802935145127,0,0.0,0
606803917116758,1,1.0,1
608782608513510,0,0.0,0
609002407972161,0,0.0,0
609529427764756,0,0.0,0
610217678433706,0,0.0,0
610281858733211,0,0.0,0
610320403323084,0,0.0,0
610967274195754,0,0.0,0
611624331994347,0,0.0,0
611733373635104,0,0.0,0
612176193963982,0,0.0,0
613461646983422,0,0.0,0
614861821886047,0,0.0,0
615031137088674,0,0.0,0
615336207221451,0,0.0,0
615395429980171,0,0.0,0
615771040258501,0,0.0,0
616098447531869,0,0.0,0
616821742149742,0,0.0,0
617108387630901,0,0.0,0
617109075282169,0,0.0,0
617922915089077,0,0.0,0
618174964343013,0,0.0,0
618566520700588,0,0.0,0
618830810484282,0,0.0,0
619128267652116,0,0.0,0
619133451230073,0,0.0,0
619167808731866,0,1.0,1
619391950877151,0,0.0,0
619395387894150,0,0.0,0
619637578467057,0,0.0,0
619741609178436,0,0.0,0
621305994158155,0,0.0,0
621413497942112,0,0.0,0
621421379591013,0,0.0,0
621965750803979,0,0.0,0
622208077545268,0,0.0,0
622214572072994,0,0.0,0
622529413675835,0,0.0,0
622535902962847,0,0.0,0
622640351897106,0,0.0,0
623535050130172,0,0.0,0
624083298299454,0,0.0,0
624618828052557,0,0.0,0
626863351868903,0,0.0,0
627109517875120,0,0.0,0
627161845831810,0,0.0,0
627342723425494,0,0.0,0
627463499869186,0,0.0,0
627770400871564,0,0.0,0
627770934643051,0,0.0,0
628356393773118,0,0.0,0
628966929276394,0,0.0,0
629570121619315,0,0.0,0
629720464696878,0,0.0,0
629726476849234,0,0.0,0
629908282472483,0,0.0,0
630814895079634,0,0.0,0
632086161734120,0,0.0,0
632093087329408,0,0.0,0
632940841548270,0,0.0,0
633455707988599,0,0.0,0
635125247286605,0,0.0,0
635327697235855,0,0.0,0
635720618983363,0,0.0,0
636378508764170,0,0.0,0
636592714509140,0,0.0,0
636653580020017,0,0.0,0
636840906575218,0,0.0,0
636948745812651,0,0.0,0
638277452140383,0,0.0,0
638366234396057,1,1.0,1
638720242900583,0,0.0,0
639607150613298,0,0.0,0
640090360319009,0,0.0,0
640163901068874,0,0.0,0
640166480670350,0,0.0,0
640583527998374,0,0.0,0
640704431843515,0,0.0,0
641204360489088,0,0.0,0
641539178257672,0,0.0,0
642368104565841,0,0.0,0
643023365998489,1,1.0,1
644120542202983,0,0.0,0
644423317384278,0,0.0,0
645274518903201,0,0.0,0
646996144632503,0,0.0,0
648424466034251,0,0.0,0
648573752180112,0,0.0,0
649848495218318,0,0.0,0
651272652873396,0,0.0,0
651558896038363,0,0.0,0
651587917713573,0,0.0,0
651707926446561,0,0.0,0
653273832845127,0,0.0,0
653274691486458,0,0.0,0
655700559662779,0,0.0,0
655738010801524,0,0.0,0
655903598287416,0,0.0,0
656220799301257,0,0.0,0
656695528482826,0,0.0,0
657137608890346,0,0.0,0
657776394917443,0,0.0,0
657849805294406,0,0.0,0
658748856995871,0,0.0,0
660050907423476,0,0.0,0
660914624580579,0,0.0,0
661280780943729,0,0.0,0
661309558797296,0,0.0,0
661444840861609,0,0.0,0
661912941000695,0,0.0,0
661916852918622,0,0.0,0
662540926291352,0,0.0,0
663190848316559,0,0.0,0
663338662469677,0,0.0,0
663342339349178,0,0.0,0
663695344008344,0,0.0,0
664392268085976,0,0.0,0
664623603021970,0,0.0,0
664626254565781,0,0.0,0
664925148292778,0,0.0,0
665072049610521,0,0.0,0
665079233079503,0,0.0,0
665175462302645,0,0.0,0
665702739286643,0,0.0,0
669386013138607,0,0.0,0
669699619261158,0,0.0,0
670714316830581,0,0.0,0
670831468854772,0,0.0,0
670969619246209,0,0.0,0
671096235669966,0,0.0,0
671277683150344,0,0.0,0
671617136787670,0,0.0,0
672510952651140,0,0.0,0
673337089042505,0,0.0,0
673471359295791,0,0.0,0
673679965591463,0,0.0,0
674497254352051,0,0.0,0
674777324046248,0,0.0,0
674816649566856,1,1.0,1
675179639219890,0,0.0,0
675301632413990,0,0.0,0
675301912277740,0,0.0,0
675709408449601,0,0.0,0
675716491169303,0,0.0,0
675765203928418,0,0.0,0
676040908140365,0,0.0,0
676043752151546,0,0.0,0
676187359111872,0,0.0,0
676197262973567,0,0.0,0
676230710824373,0,0.0,0
676450039019254,0,0.0,0
676519120935247,0,0.0,0
677462764783040,0,0.0,0
677467318578750,0,0.0,0
677473766014809,0,0.0,0
678615199142836,0,0.0,0
678625714083590,0,0.0,0
678652000959248,0,0.0,0
679019813420495,0,0.0,0
679028964138886,0,0.0,0
681402442078233,0,0.0,0
681503923968627,0,0.0,0
681604382680981,0,0.0,0
682875769750454,0,0.0,0
683107859166248,1,1.0,1
683592823074910,0,1.0,1
683744664071034,0,0.0,0
684018270001779,0,0.0,0
684177706317061,0,0.0,0
684327236948767,0,0.0,0
684968915681109,0,0.0,0
685650278930782,0,0.0,0
685685174270838,0,0.0,0
685693923293061,0,0.0,0
686866619153069,0,0.0,0
687814101543453,0,0.0,0
687996598459058,0,0.0,0
688865306558503,0,0.0,0
689515346704312,0,0.0,0
691196451627811,0,0.0,0
691553552159336,0,0.0,0
691628938892547,0,0.0,0
691633725353976,0,0.0,0
691658690851316,0,0.0,0
692040880865576,0,0.0,0
692937171157000,0,0.0,0
694010300751956,0,0.0,0
694342022883758,0,0.0,0
694578913158551,0,0.0,0
694893802782362,0,0.0,0
694920295518534,0,0.0,0
695380801388825,0,0.0,0
695811826792276,0,0.0,0
696552064852228,0,0.0,0
696895596149761,0,0.0,0
697351185978212,0,0.0,0
699190757152611,0,0.0,0
699644139505517,0,0.0,0
699708246080669,0,0.0,0
700070733099677,0,0.0,0
701240880552264,0,0.0,0
701428612816294,0,0.0,0
701491718163585,0,0.0,0
702535937648647,0,0.0,0
703125810172572,0,0.0,0
703129252607908,0,0.0,0
703254290045178,0,0.0,0
703285205963979,0,0.0,0
703286866629684,0,0.0,0
703670729495979,0,0.0,0
705153932454454,0,0.0,0
705237899818857,0,0.0,0
705674205958880,0,0.0,0
706241737684852,0,0.0,0
706378115944636,0,0.0,0
706446093182255,0,0.0,0
707015076883173,0,0.0,0
707525949779870,1,1.0,1
708139579171534,1,1.0,1
709078798768131,0,0.0,0
709421926628473,0,0.0,0
710017698465521,0,0.0,0
710554420686405,0,0.0,0
711230864376894,0,0.0,0
712151728715157,0,0.0,0
712858076874305,0,0.0,0
714427559876630,0,0.0,0
714481531495588,1,1.0,1
715089604205125,0,0.0,0
715638304597627,0,0.0,0
715843081641568,0,0.0,0
715900785901612,0,0.0,0
716187625761765,0,0.0,0
716191601054179,0,0.0,0
717391375653680,0,0.0,0
718192628592155,0,0.0,0
719250629385484,0,0.0,0
719796664672429,0,0.0,0
720059951670942,0,0.0,0
722237474434912,0,0.0,0
722244379551571,0,0.0,0
723487839760619,0,0.0,0
725463010472678,0,0.0,0
725465618618388,0,0.0,0
725968277305715,0,0.0,0
727122583572691,0,0.0,0
727701368428937,0,0.0,0
728107388985709,0,0.0,0
728112827626558,0,0.0,0
728185269036718,0,0.0,0
728643189957627,0,0.0,0
729311079348742,0,0.0,0
729661144315993,0,0.0,0
729666003668134,0,0.0,0
729815757425137,0,0.0,0
729997391514028,0,0.0,0
730972270116306,0,0.0,0
732327642556929,0,0.0,0
732516340823064,0,0.0,0
734778262199905,0,0.0,0
735180535070731,0,0.0,0
735541686871283,0,0.0,0
735544328174094,0,0.0,0
735664088380766,0,0.0,0
736143649912471,0,0.0,0
736379363486492,0,0.0,0
737874902652849,0,0.0,0
738511106276089,0,0.0,0
739066655850499,0,0.0,0
740181860572097,0,0.0,0
741635201187270,0,0.0,0
741942580979438,0,0.0,0
742019643444784,0,0.0,0
742738761024398,0,0.0,0
742896838975110,0,0.0,0
742901215092594,0,0.0,0
742905520726161,0,0.0,0
742908400152807,0,0.0,0
743514630067510,0,0.0,0
743593890988620,0,0.0,0
743676618450903,0,0.0,0
743743243975055,0,0.0,0
743878782251874,1,1.0,1
744265543334654,0,0.0,0
744410662984866,0,0.0,0
744782782937603,0,0.0,0
745658680197580,0,0.0,0
745775153966289,0,0.0,0
745775967823189,0,0.0,0
746532509778998,0,0.0,0
746581060084711,0,0.0,0
747323674312259,0,0.0,0
747832618417726,0,0.0,0
747956512098071,0,0.0,0
748229073876895,0,0.0,0
749328771770096,0,0.0,0
749984118310706,0,0.0,0
750342323019291,1,1.0,1
750827159491551,0,0.0,0
751093349924124,0,0.0,0
751855398743037,0,0.0,0
751858600628592,0,0.0,0
751968396076258,0,0.0,0
752023103094336,0,0.0,0
752125475039959,0,0.0,0
752514399170785,0,0.0,0
752760675982445,0,0.0,0
752923766824678,0,0.0,0
754258805138743,0,0.0,0
754602822815376,0,0.0,0
755132411960988,0,0.0,0
755133324332653,0,0.0,0
755527556800963,0,0.0,0
756177533513398,0,0.0,0
756444501542530,0,0.0,0
756620062663403,0,0.0,0
757903853590891,0,0.0,0
757994501225119,0,0.0,0
758133876173948,0,0.0,0
758853037027407,0,0.0,0
759091046168479,0,0.0,0
759940760059067,0,0.0,0
761264783681154,0,0.0,0
762481748215522,0,0.0,0
764922728274685,0,0.0,0
765521925482543,1,1.0,1
765664627528288,0,0.0,0
766909498780662,0,0.0,0
767127674132843,0,0.0,0
767310451405413,0,0.0,0
767310914192106,1,1.0,1
767425973256842,0,0.0,0
767567925613082,0,0.0,0
767570287710592,0,0.0,0
767572340140242,0,0.0,0
767647696807554,0,0.0,0
768397334407051,0,1.0,1
768401914187390,0,0.0,0
768608249467507,0,0.0,0
768720304513678,0,0.0,0
769039226446952,0,1.0,1
770132265942026,0,0.0,0
770133924403995,0,0.0,0
770163089230898,0,0.0,0
770165326237102,0,0.0,0
770930880437102,0,0.0,0
770931523340050,0,0.0,0
772549328804131,0,0.0,0
772980127035912,0,0.0,0
773676824841445,0,0.0,0
774642722195315,0,0.0,0
774724432129972,0,0.0,0
774814357485696,0,0.0,0
775161906329321,0,0.0,0
776600721253903,1,1.0,1
777535818273306,0,0.0,0
778317649470144,0,0.0,0
778500822522028,0,0.0,0
778502304482150,0,0.0,0
778505356461429,0,0.0,0
779081475137058,0,0.0,0
779807777639076,0,0.0,0
779999467305695,0,0.0,0
781372915598002,0,0.0,0
782275460741217,0,0.0,0
782534988599200,0,0.0,0
782987402234531,0,0.0,0
783115312333088,0,0.0,0
784875709776305,0,0.0,0
785555612099063,0,0.0,0
785920999022134,0,0.0,0
785982495805638,0,0.0,0
785984892809593,0,0.0,0
785989723403012,0,0.0,0
786087523873086,0,0.0,0
786091447498094,0,0.0,0
787120856826271,0,0.0,0
788572845485703,0,0.0,0
788606913908102,0,0.0,0
790246290392157,0,0.0,0
791642066604818,0,0.0,0
792963848411998,0,0.0,0
794476213817787,0,0.0,0
795283095385655,0,0.0,0
795416724115451,0,0.0,0
796054437223282,0,0.0,0
796286747302692,0,0.0,0
796681358036788,0,0.0,0
798194424860233,0,0.0,0
800118091588601,0,0.0,0
803199779281251,0,0.0,0
804307402135175,0,0.0,0
805696598418976,0,0.0,0
806332028418129,0,0.0,0
808931940837192,0,0.0,0
809165945238944,0,0.0,0
810483545647308,0,0.0,0
813010309824018,0,0.0,0
813019562872727,0,0.0,0
814304596717664,0,0.0,0
816255098032112,0,0.0,0
817607425240857,0,0.0,0
817763542592300,0,0.0,0
817830794325460,0,0.0,0
817837156489899,0,0.0,0
817848689139844,0,0.0,0
817922594190809,0,0.0,0
819011083084964,0,0.0,0
819529307934322,0,0.0,0
820571870589007,0,0.0,0
820704127962679,0,0.0,0
820820991023195,0,0.0,0
820850972881287,0,0.0,0
821999452716773,0,0.0,0
822276619623821,0,0.0,0
823483867636272,0,1.0,1
823484111993572,0,0.0,0
823939630949107,0,0.0,0
824723228417859,0,0.0,0
824811594554980,0,0.0,0
824991784133010,0,0.0,0
827193510598779,0,0.0,0
829078235026106,0,0.0,0
829846490419381,0,0.0,0
830168272754591,0,1.0,1
830499782440995,0,0.0,0
830610954830195,0,0.0,0
830712226123633,0,0.0,0
831408905492703,0,0.0,0
832292463530555,0,0.0,0
832723170590288,0,0.0,0
833920450387058,0,0.0,0
834063038996786,0,0.0,0
834150327651571,0,0.0,0
834754555067313,0,0.0,0
834758949393005,0,0.0,0
835423149781589,0,0.0,0
836313825730809,0,0.0,0
836362237812695,0,0.0,0
837099680851281,0,0.0,0
837260452084594,0,0.0,0
838278828410192,0,0.0,0
839493752302194,0,0.0,0
840601977128048,0,0.0,0
840603663063411,0,0.0,0
842313395674932,0,0.0,0
842810451108898,0,0.0,0
842855410842802,0,0.0,0
843822821293982,0,0.0,0
843885307702584,0,0.0,0
563711857805679,0,0.0,0
564464088831110,0,0.0,0
565075424847070,0,0.0,0
565300635486019,0,0.0,0
565568476961326,0,0.0,0
565572041480548,0,0.0,0
565573753555964,0,0.0,0
566669569802722,0,0.0,0
567149498904798,0,0.0,0
567219376543194,0,0.0,0
567710980595545,0,0.0,0
568216141979944,0,0.0,0
569337047461018,0,0.0,0
569343648160538,0,0.0,0
570477176127788,1,1.0,1
570837507952768,0,0.0,0
571882179126670,0,0.0,0
572347326867769,0,0.0,0
572496285832865,0,0.0,0
572500682557903,0,0.0,0
572503066693299,0,0.0,0
572958868260126,0,0.0,0
572959434505828,0,0.0,0
573089935074054,0,0.0,0
573327243804871,0,0.0,0
574044153119797,0,0.0,0
574047222955673,0,0.0,0
575851100209332,1,1.0,1
576625824955666,0,0.0,0
576975802713310,0,0.0,0
577402871763579,0,0.0,0
578074140948616,0,0.0,0
578156228897698,0,0.0,0
578594602727316,0,0.0,0
578744834082099,0,1.0,1
579748332249883,0,0.0,0
580116874728804,0,0.0,0
580847870306646,0,0.0,0
581106132202177,0,0.0,0
581138918948481,0,0.0,0
581591074345083,0,0.0,0
582004578948784,0,0.0,0
583169574187591,0,0.0,0
583387081632003,0,0.0,0
584124567870661,0,0.0,0
584171106081108,0,0.0,0
584245346037568,1,1.0,1
584604377685204,0,0.0,0
585708652964155,0,0.0,0
585714251043815,0,0.0,0
586863023539554,0,0.0,0
586870471117525,0,0.0,0
586872357038924,0,0.0,0
586961537202359,1,1.0,1
586966301307203,0,0.0,0
587708429312691,0,1.0,1
587914280487740,0,0.0,0
588461207708404,0,0.0,0
589143879914274,0,0.0,0
590043890965738,0,0.0,0
590047415507340,0,0.0,0
590958224541849,0,0.0,0
590958871048443,1,1.0,1
591030444128499,0,0.0,0
592583042209999,0,0.0,0
592739190518165,0,0.0,0
593453668574007,0,0.0,0
594574981078662,0,0.0,0
595068499029533,0,0.0,0
597193146277445,0,0.0,0
598085045510291,0,0.0,0
598596169812022,0,0.0,0
600335664548598,0,0.0,0
600423280879866,0,0.0,0
600635745375484,0,0.0,0
600697855654200,0,0.0,0
601022943253853,0,0.0,0
601303134762574,0,1.0,1
601526444680062,0,0.0,0
601652667273632,0,0.0,0
601654828186386,0,0.0,0
603006401117365,0,0.0,0
603010642233366,0,0.0,0
603077885755167,0,0.0,0
603114778669328,0,0.0,0
603905986988031,0,0.0,0
603914583651465,0,0.0,0
603980981265174,1,1.0,1
604077683245507,0,0.0,0
604078148146061,0,0.0,0
605152451638387,0,0.0,0
605927351059832,0,0.0,0
605931131344309,0,0.0,0
605937372210833,0,0.0,0
606009481479405,1,1.0,1
606066226253953,0,0.0,0
606289545935954,0,0.0,0
606293181041940,0,0.0,0
606320769408222,0,0.0,0
606332559681678,0,0.0,0
606776967155005,0,0.0,0
607107971443823,0,0.0,0
607155428944099,0,0.0,0
609740687203537,0,0.0,0
609742947088975,0,0.0,0
610470985986256,0,0.0,0
610473028641514,0,0.0,0
611130531705515,0,0.0,0
611222086519476,0,0.0,0
611224299507393,0,0.0,0
611323105301366,0,0.0,0
611398922417328,0,0.0,0
613038850677569,0,0.0,0
613076979239725,0,0.0,0
613394359655389,0,0.0,0
614391033846225,0,0.0,0
614508831973793,0,0.0,0
615486893511535,0,0.0,0
615608312829871,0,0.0,0
616372062326831,0,0.0,0
618408929336858,0,0.0,0
618625000805951,1,1.0,1
618626732773088,0,0.0,0
620874086209224,0,0.0,0
620979007512919,0,0.0,0
621024163636879,0,0.0,0
621511379781682,0,0.0,0
621619472994071,0,0.0,0
622389265314013,0,0.0,0
622389658526877,0,0.0,0
622505652877279,0,0.0,0
622576681745551,0,0.0,0
622579140799555,0,0.0,0
622705708261245,0,0.0,0
622930849219743,0,0.0,0
623553370903570,0,0.0,0
623762744774883,0,0.0,0
623956002831004,0,0.0,0
623988524532987,0,0.0,0
624124568384776,0,0.0,0
624756789339769,0,0.0,0
625903615089806,0,0.0,0
626458542060460,0,1.0,1
626599393219650,0,0.0,0
626868306743858,0,0.0,0
627060776910973,0,0.0,0
628407346616415,0,0.0,0
628407970076181,0,0.0,0
628416159623263,0,0.0,0
628746865981003,0,0.0,0
628809647898114,0,0.0,0
628861816210494,0,0.0,0
630150361494392,1,1.0,1
630342400057386,0,0.0,0
630350782882313,0,0.0,0
631941784560322,0,0.0,0
632988572042829,0,0.0,0
634491582128996,0,0.0,0
637720718764615,0,0.0,0
637999753866463,0,0.0,0
638110430148465,0,0.0,0
638575977453407,0,0.0,0
638586624987191,0,0.0,0
638717323772830,0,0.0,0
639100752129850,0,0.0,0
639221198407616,0,0.0,0
639553122091132,0,0.0,0
639616751477430,0,0.0,0
640253728012905,0,0.0,0
640610450039359,0,0.0,0
640667283657218,0,0.0,0
640669829229782,0,0.0,0
640696928693187,0,0.0,0
641981094285104,0,0.0,0
642255055030556,0,0.0,0
642532201400247,0,0.0,0
643314509059312,0,1.0,1
643492528819626,0,0.0,0
643664589445579,0,0.0,0
646953048947359,0,0.0,0
648927911990428,0,0.0,0
648989427766003,0,0.0,0
648991177374958,0,0.0,0
649026932973859,0,0.0,0
649065629683842,0,0.0,0
651298521637008,0,0.0,0
651359181701452,0,0.0,0
652970902985180,0,0.0,0
654046097270740,0,0.0,0
655062256224441,0,0.0,0
657335708072341,0,0.0,0
657708115671063,0,0.0,0
658319269413191,0,0.0,0
658948303612374,0,0.0,0
659062473642088,0,0.0,0
659572730174393,0,0.0,0
659852276533365,0,0.0,0
660522578750240,0,0.0,0
661356427056282,0,0.0,0
661357622509058,0,0.0,0
661358037104684,0,0.0,0
661469157742935,0,0.0,0
661760122275969,0,0.0,0
662514989453323,0,0.0,0
662698842690410,0,0.0,0
663323137333437,0,0.0,0
663702800659656,0,0.0,0
664441146112577,0,0.0,0
665655795195453,0,0.0,0
666191533291801,0,0.0,0
666612582831900,1,1.0,1
666637534055514,0,0.0,0
666684494729572,0,0.0,0
667499297253671,0,0.0,0
667780131856957,0,0.0,0
667888416887521,1,1.0,1
668348016511886,0,0.0,0
668657385588714,0,0.0,0
668879574025337,0,0.0,0
669002203683767,0,0.0,0
669997380117567,0,0.0,0
671920963403851,0,0.0,0
672079623483385,0,0.0,0
673589480389261,0,0.0,0
673983519648349,0,0.0,0
676808463870408,0,0.0,0
676995041661084,0,0.0,0
677178860361579,0,0.0,0
677299613953097,0,0.0,0
677489259898253,0,0.0,0
677718061140459,0,0.0,0
677970869551762,0,0.0,0
678098541198841,0,0.0,0
679291185126009,0,0.0,0
679642195597301,0,0.0,0
679756042393145,0,0.0,0
679951287337245,0,1.0,1
680366990838564,0,0.0,0
680929634567387,0,0.0,0
681216105786607,0,0.0,0
681579513836944,0,0.0,0
682136939374611,0,0.0,0
682286572179446,0,0.0,0
683043004743431,0,0.0,0
683110401542684,0,0.0,0
683193564261240,0,0.0,0
685448055280803,0,0.0,0
686573973683424,0,0.0,0
686614982215790,0,0.0,0
686837090475397,0,0.0,0
686945551172655,0,0.0,0
688720964938005,0,0.0,0
689731227198041,0,0.0,0
690058952523095,1,1.0,1
691101967674347,0,0.0,0
691431741210338,0,0.0,0
691864644378883,0,0.0,0
692414167494933,0,0.0,0
693912224487228,0,0.0,0
694465970323957,0,0.0,0
694521779300988,0,0.0,0
694521951140497,0,0.0,0
694956152094870,0,0.0,0
695394453877208,0,0.0,0
695558697728699,0,0.0,0
695767453366848,0,0.0,0
695822068891819,0,0.0,0
695829391720781,0,0.0,0
697058013861962,0,0.0,0
697255909989083,0,0.0,0
697391067185420,0,0.0,0
698189773314352,0,0.0,0
700278018436402,0,0.0,0
700281486219131,0,0.0,0
700421568630324,0,0.0,0
700777099084400,0,0.0,0
700844876812157,0,0.0,0
700860563905823,0,0.0,0
702359677490443,0,0.0,0
702417988745568,0,0.0,0
702501810994974,0,0.0,0
702563336131792,0,0.0,0
703282675779488,0,0.0,0
704161558098077,0,0.0,0
704435401664621,0,0.0,0
704494204625153,0,0.0,0
705024912246596,0,0.0,0
705286863110020,0,0.0,0
707453034027653,0,0.0,0
707758893657414,0,0.0,0
708504797977278,0,0.0,0
708827477184274,0,0.0,0
710632578923430,0,0.0,0
710991787128510,0,0.0,0
711249137596908,0,0.0,0
711305769485730,0,0.0,0
711402053258657,0,0.0,0
711496088888449,0,0.0,0
712618424183427,0,0.0,0
712619278024856,0,0.0,0
712917883135240,0,0.0,0
713362683844698,0,0.0,0
713801268277140,0,0.0,0
714696680832935,0,0.0,0
715402147284785,0,0.0,0
715557338754092,0,0.0,0
715726652839660,0,0.0,0
717983869023598,1,1.0,1
718482027657773,0,0.0,0
719355677987068,0,0.0,0
720922211500554,0,0.0,0
721061080340772,0,0.0,0
721241728480061,0,0.0,0
721276597646032,0,0.0,0
721693511848260,0,0.0,0
722034659511343,0,0.0,0
722158351230697,0,0.0,0
722196122789436,0,0.0,0
722615714679267,0,0.0,0
723217264862731,0,0.0,0
723412566625217,0,0.0,0
724010882551305,0,0.0,0
724286366943338,0,0.0,0
724415539786436,0,0.0,0
724418084244042,0,0.0,0
724472504790061,0,0.0,0
724579553351888,0,0.0,0
724997037698664,0,0.0,0
724997644406304,0,0.0,0
725052176786962,0,0.0,0
725233022587540,0,0.0,0
726046308543457,0,0.0,0
726539075563201,0,0.0,0
727092129272368,0,0.0,0
727143477978530,0,0.0,0
727502909309907,0,0.0,0
727978340573661,0,0.0,0
728678609179477,0,0.0,0
728754177379097,0,0.0,0
729377652979955,0,0.0,0
730411654750180,1,1.0,1
730643461804854,0,0.0,0
730708964887700,0,0.0,0
730770252549439,0,0.0,0
731139085742537,0,0.0,0
731222446371493,0,0.0,0
731809091429917,0,0.0,0
731809411972297,0,0.0,0
732756468420804,0,0.0,0
733124680671313,0,0.0,0
734190223683042,0,0.0,0
734616458446776,0,0.0,0
734740656533074,0,0.0,0
735040285397455,0,0.0,0
735416353293071,0,0.0,0
735799986187073,0,0.0,0
738580229715147,0,0.0,0
738758839755731,0,0.0,0
741602241883673,0,0.0,0
742620724891273,0,0.0,0
743738453028642,0,0.0,0
743787981206066,0,0.0,0
743973551292544,0,0.0,0
745120344174764,0,0.0,0
745151226062337,0,0.0,0
745638396709183,0,0.0,0
745943057757352,0,0.0,0
747721145687775,0,0.0,0
747727754788745,0,0.0,0
749493708647906,0,0.0,0
749562343135938,0,0.0,0
749562930410432,0,0.0,0
749695603156759,0,0.0,0
749956954889532,1,1.0,1
751332015379072,0,0.0,0
752583235530912,0,0.0,0
752845481091725,0,0.0,0
753124182716667,0,0.0,0
753556022934225,0,0.0,0
753592019637373,0,0.0,0
754166958407769,0,0.0,0
754382630391551,0,0.0,0
754782192442950,0,0.0,0
755477385181579,0,0.0,0
757214495052951,0,0.0,0
757775476676895,0,0.0,0
758038639288215,0,0.0,0
758088124744581,0,0.0,0
758523653420149,0,0.0,0
759107260471500,0,0.0,0
759109367689891,0,0.0,0
761812262121429,1,1.0,1
762074846430590,1,1.0,1
762593976676255,0,0.0,0
762812544775835,0,0.0,0
762813736482487,0,0.0,0
763516700233456,0,0.0,0
764314455652818,0,0.0,0
764558200509965,0,0.0,0
764615289856881,0,0.0,0
764663543934676,0,0.0,0
765783289480612,0,0.0,0
768113777480329,0,0.0,0
770998225067751,0,0.0,0
770999627281594,0,0.0,0
771287564313377,0,0.0,0
771800432217738,0,0.0,0
773960223136775,1,1.0,1
773963599072943,0,0.0,0
774185793313583,1,1.0,1
774745523652820,0,0.0,0
776387641880507,0,0.0,0
776388868844354,0,0.0,0
776420075807147,0,0.0,0
776423895610140,0,0.0,0
779084351491927,0,0.0,0
779714150153306,0,0.0,0
780153678620198,0,0.0,0
780370074424106,0,0.0,0
780567132117710,0,0.0,0
783921431838787,0,0.0,0
784076407028180,0,0.0,0
785871933132147,0,0.0,0
786763499898482,0,0.0,0
787577493928055,0,0.0,0
789011477323994,0,0.0,0
789176952565218,0,0.0,0
790774320543007,0,0.0,0
790966339455593,0,0.0,0
792095990757540,0,0.0,0
792384174741415,0,0.0,0
792669588091721,0,0.0,0
792837081173013,0,0.0,0
793144877671558,0,0.0,0
794089302405556,0,0.0,0
795754105911753,0,0.0,0
795827770908519,0,0.0,0
796066243096808,0,0.0,0
798017912458228,0,0.0,0
798061947091842,0,0.0,0
798598479814129,0,0.0,0
798821065602011,0,1.0,1
800877781512433,0,0.0,0
801538215279774,0,0.0,0
801762735730843,0,0.0,0
802033165431586,0,0.0,0
803028221907088,0,0.0,0
803733005673427,0,0.0,0
804568912323202,0,0.0,0
804797484756892,0,0.0,0
805281045768514,0,0.0,0
805324937321758,0,0.0,0
805496344567091,0,0.0,0
806324210117583,0,0.0,0
807019269214258,0,0.0,0
808456620683024,0,0.0,0
808524597992626,0,0.0,0
808602570295698,0,0.0,0
810083431772547,0,0.0,0
810332373896302,0,0.0,0
811041135983026,0,1.0,1
811700916555980,0,0.0,0
812106688690227,0,0.0,0
813217194868042,0,0.0,0
814601359396161,0,0.0,0
814646533427008,0,0.0,0
815316413940873,0,0.0,0
815975204787828,0,0.0,0
815975512699045,0,0.0,0
816265330300888,0,0.0,0
816784112534648,0,0.0,0
816785726618386,0,0.0,0
817893282040754,0,0.0,0
817897102525947,0,0.0,0
818293147215922,0,0.0,0
818982572365845,0,0.0,0
820268563381667,0,0.0,0
822286893268029,0,0.0,0
825341902055909,0,0.0,0
825391278898310,1,1.0,1
827762078756823,0,0.0,0
828244288780159,0,0.0,0
828448070084763,0,0.0,0
828448174772631,0,0.0,0
828744667912323,0,0.0,0
828804403289968,0,0.0,0
829545601179207,0,0.0,0
829715674060975,0,0.0,0
829717824368437,0,0.0,0
829806660262092,0,0.0,0
829883574362196,0,0.0,0
831058893121860,0,0.0,0
832294585778725,0,0.0,0
832415524474137,0,0.0,0
832415985164531,0,0.0,0
832417826968713,0,0.0,0
833210048796294,0,0.0,0
833816870140029,0,0.0,0
834025139365885,0,0.0,0
834424725782449,0,0.0,0
834427841324281,0,0.0,0
834688805707546,0,0.0,0
835066913794482,0,0.0,0
835449178453311,0,0.0,0
835970951726459,0,0.0,0
836695687634481,0,0.0,0
836821155499829,0,0.0,0
837936526366441,0,0.0,0
838187293659485,0,0.0,0
838439856550720,0,0.0,0
838563443434458,0,0.0,0
839314597569838,0,0.0,0
839319543005990,0,0.0,0
839637929968817,0,0.0,0
841160186180986,0,0.0,0
841393950892152,0,0.0,0
841397566020840,0,0.0,0
841909372098839,0,0.0,0
843307190745358,0,0.0,0
843629035241274,0,0.0,0
844400616992076,0,0.0,0
563338786952773,0,0.0,0
564156328013781,0,0.0,0
564570868318159,0,0.0,0
565560866755249,0,0.0,0
566248874865001,0,1.0,1
566644585422686,0,0.0,0
566806981168097,0,0.0,0
566965037903549,1,1.0,1
568343082818433,0,0.0,0
568869106031947,0,0.0,0
569823114038857,0,0.0,0
570317398858637,0,0.0,0
571379912311242,0,0.0,0
571550291812217,0,0.0,0
571554880354592,0,0.0,0
571641551443154,0,0.0,0
573444698148369,0,0.0,0
573672223922736,0,0.0,0
573824044279004,0,0.0,0
574122280355539,0,0.0,0
574123618274147,0,0.0,0
575621892234681,0,0.0,0
575680190286487,0,0.0,0
575817939566118,0,0.0,0
575997369159688,0,0.0,0
576045373569375,0,0.0,0
576048608246937,0,0.0,0
576101417274377,0,0.0,0
576910457278723,0,0.0,0
577607165956124,0,0.0,0
577734945711399,0,0.0,0
577791461141272,0,0.0,0
578163817515025,0,0.0,0
580556022796168,0,0.0,0
580557132866679,0,0.0,0
580624361271395,0,0.0,0
581278860096376,0,0.0,0
581344187323119,0,0.0,0
582060102380981,0,0.0,0
582998765092890,0,0.0,0
583048823320416,0,0.0,0
585202682167466,0,0.0,0
585374007067137,0,0.0,0
585648188130709,0,0.0,0
585829742170405,1,1.0,1
586323128302140,0,0.0,0
587023142586690,0,0.0,0
587932022828287,0,0.0,0
589193005199494,0,0.0,0
589382131480298,0,0.0,0
589383482619413,0,0.0,0
589435643681073,0,0.0,0
589769609961136,0,0.0,0
590447978097613,0,0.0,0
591147564521542,0,0.0,0
591151030356204,0,0.0,0
591674983518872,0,0.0,0
591876355832708,0,0.0,0
593113925045469,0,0.0,0
593539243891910,0,0.0,0
595695829543731,0,0.0,0
595837774447639,0,0.0,0
596289529350031,0,0.0,0
596573755188113,0,0.0,0
597237884593945,0,0.0,0
597458992876892,0,0.0,0
599752367649611,0,0.0,0
600726661103686,0,0.0,0
601081157175133,0,0.0,0
601439561663661,0,0.0,0
603673330892213,0,0.0,0
604063893326821,0,0.0,0
604808572182446,0,0.0,0
605063122252958,0,0.0,0
605375485774096,0,0.0,0
605378672068307,1,1.0,1
605741625426978,1,1.0,1
606058311871822,0,0.0,0
607400752974850,0,0.0,0
608238269811085,1,1.0,1
608353578011917,0,0.0,0
608718841288178,0,0.0,0
609205883517441,0,0.0,0
609608414237275,0,1.0,1
609905754299959,0,0.0,0
609906640833118,0,0.0,0
609960159788095,0,0.0,0
610499392218417,0,0.0,0
612267683370300,0,0.0,0
612371653823774,0,0.0,0
612764360699137,0,0.0,0
612767139712436,1,1.0,1
613989676564081,0,0.0,0
614076233919566,0,0.0,0
615278860453258,0,0.0,0
615596209091981,0,0.0,0
615972404165948,0,0.0,0
616084679921039,0,0.0,0
616563579588058,0,0.0,0
616571425772375,0,0.0,0
617003957429186,0,0.0,0
617160326728699,0,0.0,0
617643992530836,0,0.0,0
617919178216831,0,0.0,0
618396096211339,0,0.0,0
619183235301802,0,0.0,0
619306093346199,0,0.0,0
619560565540110,0,0.0,0
621015706936174,0,0.0,0
621301427017276,0,0.0,0
621479411335579,0,0.0,0
621980342609847,0,0.0,0
622456822304689,0,0.0,0
622573064634648,0,0.0,0
622834206146502,0,0.0,0
623269142473014,0,0.0,0
623574856935722,0,0.0,0
624872012472206,0,0.0,0
626173946934038,0,0.0,0
626729780359470,0,0.0,0
626733386188826,0,0.0,0
628828039117672,0,0.0,0
628897078155547,0,0.0,0
629063645131120,0,0.0,0
630378231257437,0,0.0,0
630464890894265,0,0.0,0
631124889063622,0,0.0,0
631512154494079,0,0.0,0
632094704285557,0,0.0,0
632805504866477,0,0.0,0
633270978109286,0,0.0,0
633546566670137,0,0.0,0
634201956216963,0,0.0,0
634387455892941,0,0.0,0
634939382805583,0,0.0,0
635623409302908,0,0.0,0
635623788886425,0,0.0,0
635623914941189,0,0.0,0
636017913783468,0,0.0,0
636604574062821,0,0.0,0
636843922131151,0,0.0,0
637082914272778,0,0.0,0
637519365043959,0,0.0,0
639069232373847,0,0.0,0
639589834545952,0,0.0,0
640156011999520,0,0.0,0
640622187330460,0,0.0,0
642015117419326,0,0.0,0
642123243950896,0,0.0,0
642457229046192,0,0.0,0
642647931687047,0,0.0,0
643453561666323,0,0.0,0
644595301717015,0,0.0,0
645254715950325,0,0.0,0
646500284815371,0,0.0,0
646575528539510,0,0.0,0
646688489374488,0,0.0,0
647706733256425,0,0.0,0
648680547764726,0,0.0,0
650113296860521,0,0.0,0
650344456328238,0,0.0,0
650449179394053,0,0.0,0
651123976878917,0,0.0,0
651372405760931,0,0.0,0
651996350017013,0,0.0,0
652196006980832,0,0.0,0
653129634199957,0,0.0,0
653365277062595,0,0.0,0
653825923041265,0,0.0,0
654198885046142,0,0.0,0
654378502538997,0,0.0,0
654385419509331,0,0.0,0
654423448449714,0,0.0,0
655116754151377,0,0.0,0
655153204154021,0,0.0,0
655775546985861,0,0.0,0
656194921714334,0,0.0,0
656460682824311,0,0.0,0
656545643258392,0,0.0,0
657554536158673,0,0.0,0
657764913598023,0,0.0,0
657812828906620,0,0.0,0
658663847495106,0,0.0,0
658666965979599,0,0.0,0
659082124110852,0,0.0,0
659366554334171,0,0.0,0
659931486840221,0,0.0,0
659988616052399,0,0.0,0
661204425570912,0,0.0,0
662357683678882,0,0.0,0
662961942372508,0,0.0,0
663002881465542,0,0.0,0
663273661115957,0,0.0,0
663313212602448,0,0.0,0
663330276686467,0,0.0,0
664558496401832,0,0.0,0
664558755690012,0,0.0,0
664619300704302,0,0.0,0
664807498979403,0,0.0,0
664950999174907,0,0.0,0
665313895413760,0,0.0,0
665986180746490,0,0.0,0
666535465660519,0,0.0,0
666857709836573,0,0.0,0
667047550781535,0,0.0,0
667585880305970,0,0.0,0
667637895371803,0,0.0,0
667922893155083,0,0.0,0
668166515196965,0,0.0,0
668283715125011,0,0.0,0
668463171529733,0,0.0,0
668591661607062,0,0.0,0
668640791787927,0,0.0,0
671329414787054,0,0.0,0
671756613403172,0,0.0,0
672762942873202,0,0.0,0
673084778334141,0,0.0,0
673232256861646,0,0.0,0
673453000886248,0,0.0,0
673456736005950,0,0.0,0
673657547258477,0,0.0,0
674544616905017,0,0.0,0
674608895202016,0,0.0,0
674710098294300,0,0.0,0
675332041320803,0,0.0,0
675444203512567,0,0.0,0
675532850919094,0,0.0,0
675607015629403,0,0.0,0
675843441636664,0,0.0,0
675889475569490,0,1.0,1
676012504869935,0,0.0,0
676695343856138,0,0.0,0
676855895347830,0,0.0,0
677522947004572,0,0.0,0
677846962703241,0,0.0,0
678018614820810,0,0.0,0
678241504367361,0,0.0,0
678834358698242,0,0.0,0
678947605672546,0,0.0,0
679228270536198,0,0.0,0
679377195004371,0,0.0,0
679506334814297,0,0.0,0
679818101811806,0,0.0,0
679893114839466,0,0.0,0
680228814509547,0,0.0,0
680451996152324,0,0.0,0
680508210883732,0,0.0,0
680667546690169,0,0.0,0
681194783813974,0,0.0,0
681766801190172,0,0.0,0
682337928970513,0,0.0,0
682497146034015,0,0.0,0
683299361747314,0,0.0,0
683303030753005,0,0.0,0
683714348789908,0,0.0,0
683922568600524,0,0.0,0
684376073847657,0,0.0,0
684555149340204,0,0.0,0
686679499604085,0,0.0,0
687959441023916,0,0.0,0
688107278164688,0,0.0,0
689547064283123,0,0.0,0
689550158143485,0,0.0,0
689799653391946,0,0.0,0
689801292588368,0,0.0,0
689850698450268,0,0.0,0
690386975017520,0,0.0,0
691444809543832,0,0.0,0
691856963948454,0,0.0,0
692021480882261,0,0.0,0
692024038505115,0,0.0,0
692545013326336,0,0.0,0
692588738784826,0,0.0,0
692623525019948,0,0.0,0
693615456041123,0,0.0,0
694117808872276,0,0.0,0
695285862588154,0,0.0,0
696030264232951,0,0.0,0
696218813181409,1,1.0,1
696383482696574,0,0.0,0
696885575547768,0,0.0,0
698208372375586,0,0.0,0
698861977332590,0,0.0,0
700327726802787,0,0.0,0
701606889897002,0,0.0,0
701754382112851,0,0.0,0
701811472243493,0,0.0,0
701883385703161,0,0.0,0
701886372652842,0,0.0,0
704808899006401,0,0.0,0
706080723365737,0,0.0,0
707071753494341,0,0.0,0
707306649329849,0,0.0,0
707910272827265,0,0.0,0
708072028684401,0,0.0,0
708163384866123,0,0.0,0
711059092514516,0,0.0,0
711144447773397,0,0.0,0
712053022452497,0,0.0,0
712411571263409,0,0.0,0
712415245341580,0,0.0,0
712415711289573,0,0.0,0
714193078731104,0,0.0,0
715491686211813,1,1.0,1
716266535797488,0,0.0,0
716789452535798,0,0.0,0
717359207734695,0,0.0,0
717700525534319,0,0.0,0
717700627994112,0,0.0,0
718092816414227,0,0.0,0
718201123520879,0,0.0,0
718262726701260,0,0.0,0
718469498474067,0,0.0,0
718470042626788,0,0.0,0
718522285464967,0,0.0,0
718684155723334,0,0.0,0
718739245137330,0,0.0,0
718740108065978,0,0.0,0
718743630032839,0,0.0,0
719000553643855,0,0.0,0
720213004956234,0,0.0,0
722624859109803,0,0.0,0
722627007621974,0,0.0,0
722627396134232,0,0.0,0
723382325081988,0,0.0,0
723387186751814,0,0.0,0
723912440001889,0,0.0,0
724835416683252,0,0.0,0
725804147870518,0,0.0,0
726741675548863,0,0.0,0
726746895986744,0,0.0,0
728112799153512,0,0.0,0
729781311627713,0,0.0,0
729966190206135,0,0.0,0
731216991296176,0,0.0,0
732455188752005,0,0.0,0
732464905029533,0,0.0,0
732530978590873,0,0.0,0
733101486578234,0,0.0,0
733438153308229,0,0.0,0
738088504520330,0,0.0,0
738144950823997,1,1.0,1
739179599807164,0,0.0,0
739483416530369,0,0.0,0
739538980117075,0,0.0,0
739598378315857,0,0.0,0
740625223197595,0,0.0,0
740748343485351,0,0.0,0
741020149613709,0,0.0,0
741706613383215,0,0.0,0
741711524561092,0,0.0,0
741961872075519,0,0.0,0
742418374898932,0,0.0,0
742878355375892,0,0.0,0
742881327499556,0,0.0,0
743435261158215,1,1.0,1
744066476804196,0,0.0,0
744068364809566,0,0.0,0
744141818918254,0,0.0,0
744419557572888,0,0.0,0
744604439142280,0,0.0,0
744715841330592,0,0.0,0
744716319985347,0,0.0,0
744814582699331,0,0.0,0
745745145671300,0,0.0,0
745864054251268,0,0.0,0
745872378798511,0,0.0,0
748141499966052,0,0.0,0
748501507202962,0,0.0,0
749278080498090,0,0.0,0
749396310190614,0,0.0,0
750279933789979,0,0.0,0
750376598204367,0,0.0,0
751035974774144,0,0.0,0
751586110236433,0,0.0,0
751794308510349,0,0.0,0
752403239441210,0,0.0,0
753430820444227,0,0.0,0
753540438640884,0,0.0,0
754419261717621,0,0.0,0
755986306896807,1,1.0,1
756593725484982,1,1.0,1
756594255970145,0,0.0,0
756803316671842,1,1.0,1
756803910409793,0,0.0,0
758587431092006,0,0.0,0
758654132608273,0,0.0,0
758664708027172,0,0.0,0
758665462355332,0,0.0,0
759586032571728,0,0.0,0
760797082616550,0,0.0,0
761063451494810,0,0.0,0
761125782576544,0,0.0,0
764019971044948,0,0.0,0
765015933743701,0,0.0,0
765023351653030,0,0.0,0
765122330558302,0,0.0,0
765899804756430,0,0.0,0
766005274487264,0,0.0,0
766938113328792,0,0.0,0
767535960806928,0,0.0,0
767564463991307,0,0.0,0
767703162438658,0,0.0,0
768634056506506,0,0.0,0
769120420376649,0,0.0,0
769120668805916,0,0.0,0
770060327040106,0,0.0,0
770661532103050,0,0.0,0
772275892312793,0,0.0,0
772540666731211,0,0.0,0
772842840719992,0,0.0,0
772975492868650,0,0.0,0
773150952456030,0,0.0,0
773659146733559,0,0.0,0
773782894438703,0,0.0,0
774865382963540,0,0.0,0
774866839674197,0,0.0,0
776481822384458,0,0.0,0
776917531932437,0,0.0,0
777109236733330,0,0.0,0
777596606784663,0,0.0,0
777600072172764,0,0.0,0
778005712088461,0,0.0,0
779257957999074,0,0.0,0
779350534293568,0,0.0,0
779354568625717,0,0.0,0
779468722163600,0,0.0,0
780651156497478,0,0.0,0
780655981339467,0,1.0,1
780826691519599,0,0.0,0
781223111000280,0,0.0,0
781943339661336,0,0.0,0
782751041608198,0,0.0,0
782904768440583,0,0.0,0
783074952697499,0,0.0,0
783118142270929,0,0.0,0
784426810840441,0,0.0,0
784533404647936,0,0.0,0
785219403395762,0,0.0,0
785924509908453,0,0.0,0
785963183807490,0,0.0,0
785966134485957,0,0.0,0
787243827240015,0,1.0,1
787324795089090,0,0.0,0
787653384414437,0,0.0,0
787855225465651,0,0.0,0
787855257036513,0,0.0,0
787858920208788,0,0.0,0
788937683124814,0,0.0,0
789007072031344,0,0.0,0
789195397980845,0,0.0,0
789383380609805,0,0.0,0
789474167626790,0,0.0,0
791067503060433,0,0.0,0
791123161898908,0,0.0,0
792247118426099,0,0.0,0
792714603564960,0,0.0,0
793779785684614,0,0.0,0
793814940926719,0,0.0,0
793969081691683,0,0.0,0
794397078825880,0,0.0,0
794727606588925,0,0.0,0
795073294320018,0,0.0,0
795371413212948,0,0.0,0
795500667845081,0,0.0,0
796234778517725,0,0.0,0
796288309970131,0,0.0,0
797654350409626,0,0.0,0
798291183204402,0,0.0,0
798554749957084,0,0.0,0
798623635845136,0,0.0,0
798628991223916,0,0.0,0
798738504291878,0,0.0,0
798817849470948,0,0.0,0
799267824392148,0,0.0,0
800481014173599,0,0.0,0
800541239899781,0,0.0,0
800604340891863,0,0.0,0
801414666087097,0,0.0,0
801439543128734,0,0.0,0
801441160632793,0,0.0,0
801472680816773,0,0.0,0
802004653753057,0,0.0,0
802036573715347,0,0.0,0
802061617977810,0,0.0,0
802063145878609,0,0.0,0
806207417757492,0,0.0,0
807021350829276,0,0.0,0
807134941907770,0,0.0,0
807251903483261,0,0.0,0
809025332733419,0,0.0,0
809143834027619,0,0.0,0
809376624209932,0,0.0,0
809410701675377,0,0.0,0
810043953897020,0,0.0,0
810452706409053,0,0.0,0
810457498669548,0,0.0,0
811358957682452,0,0.0,0
812413086808078,0,0.0,0
812503712052439,0,0.0,0
812762032123523,0,0.0,0
812960825411308,0,0.0,0
813599313198519,0,0.0,0
814917603011955,0,0.0,0
814952064648066,0,0.0,0
815520640990215,0,0.0,0
816087098872835,0,0.0,0
816239428433292,0,0.0,0
816253884064933,0,0.0,0
816338127471475,0,0.0,0
816367593354663,0,0.0,0
816812508714094,0,0.0,0
818243309335905,0,0.0,0
818245384493291,0,0.0,0
818271491545046,0,0.0,0
818273484268785,0,0.0,0
818276217802561,0,0.0,0
818966406895515,0,0.0,0
820178863321273,0,0.0,0
820518932234846,0,0.0,0
821007883969015,0,0.0,0
821046215074587,0,0.0,0
821304176496183,0,0.0,0
821528294143422,0,0.0,0
823915086943984,0,0.0,0
824311421267303,0,0.0,0
824791972597687,0,0.0,0
825256894453004,0,1.0,1
825886355667463,0,0.0,0
825888930939942,0,0.0,0
825962461903148,0,0.0,0
825976819311147,0,0.0,0
825986346438662,0,0.0,0
826519884303856,0,0.0,0
827889512972598,0,0.0,0
828569399287086,0,0.0,0
828676784433936,0,0.0,0
828677992859578,0,0.0,0
829357626458698,0,0.0,0
830068338077842,0,0.0,0
831114361483936,0,0.0,0
832060657349060,0,0.0,0
832110851252431,0,0.0,0
832334916763383,0,0.0,0
832507826456057,0,0.0,0
833043392418518,0,0.0,0
833049984528851,0,0.0,0
833063217272927,0,0.0,0
834089864724940,0,0.0,0
834260410866734,0,0.0,0
834769429651120,0,0.0,0
835975903159431,0,0.0,0
836025568809129,0,0.0,0
836276464601569,0,0.0,0
836305395924359,0,0.0,0
836310422156921,0,0.0,0
837268694875593,0,0.0,0
837793024474033,0,0.0,0
837806313867650,0,0.0,0
837990260258326,0,0.0,0
838112527607892,0,0.0,0
838919065664138,0,0.0,0
839078946011376,0,0.0,0
839335425415192,0,0.0,0
839336628767808,0,0.0,0
840845665014699,0,0.0,0
842099756502710,1,1.0,1
842147721387316,0,0.0,0
843408681677462,0,0.0,0
844239086183394,0,0.0,0
844292155756360,0,0.0,0
563301572322511,0,0.0,0
565525645805388,0,0.0,0
566066683798175,0,0.0,0
566067011896510,0,0.0,0
567265439923234,0,0.0,0
567744315477329,0,0.0,0
568869279695857,0,0.0,0
568941533149735,0,0.0,0
569242350651943,0,0.0,0
569323736388317,0,0.0,0
570556992132100,0,0.0,0
572705985811064,0,0.0,0
572706227576315,0,0.0,0
572823017909978,0,0.0,0
572942401022624,0,0.0,0
573025732420463,0,0.0,0
573135216535670,0,0.0,0
574347550006932,0,0.0,0
574351804063653,0,0.0,0
574723831117035,0,0.0,0
575123318126231,0,0.0,0
575820116112656,0,0.0,0
577119674685177,0,0.0,0
577381703880704,0,0.0,0
577758320462306,0,0.0,0
577796944287085,0,0.0,0
577931115677287,1,1.0,1
579076943936765,0,0.0,0
579176635273883,0,0.0,0
579633187367409,0,0.0,0
579635067332058,0,0.0,0
579664256904289,0,0.0,0
580022419385165,0,0.0,0
582291166016145,0,0.0,0
582965860150045,0,0.0,0
584035666083160,0,0.0,0
585823718531778,0,0.0,0
588121735448556,0,0.0,0
588253828610071,0,0.0,0
589358349873912,0,0.0,0
589409839602497,0,0.0,0
590716019676060,0,0.0,0
591167501709039,0,0.0,0
592423131266570,0,0.0,0
593048449023238,0,0.0,0
593053063393466,0,0.0,0
593485374900715,0,0.0,0
593578021187036,0,0.0,0
594605896433188,0,0.0,0
594612409816871,0,0.0,0
594783959962873,0,0.0,0
595261148303963,0,0.0,0
595899105688164,0,0.0,0
595924095630415,0,1.0,1
596985039578717,0,0.0,0
597109750930460,0,0.0,0
599188497358027,0,0.0,0
599524258720924,0,0.0,0
599542013657082,0,0.0,0
599548898092185,0,0.0,0
599652359821763,0,0.0,0
599655638052713,0,0.0,0
599699968732087,0,0.0,0
599921415747439,0,0.0,0
600227195606225,0,0.0,0
600341785147008,0,0.0,0
600341881032018,0,0.0,0
600891911727535,0,0.0,0
602002204093668,0,0.0,0
602010663399465,0,0.0,0
602280930112373,0,0.0,0
605515020087827,0,0.0,0
605519218361238,0,0.0,0
605595235183621,0,0.0,0
606000262997866,0,0.0,0
607091153100908,0,0.0,0
607720453972721,0,0.0,0
608484719392231,0,0.0,0
609722490498070,0,0.0,0
609914126654302,0,0.0,0
610962714065668,0,0.0,0
610962973196100,0,0.0,0
610965194514797,0,0.0,0
612790603056180,0,0.0,0
613227235808880,0,0.0,0
613228309913597,0,0.0,0
613262629243812,0,0.0,0
613411942991697,0,0.0,0
614240327407040,0,0.0,0
614447588633613,0,0.0,0
615040927518329,0,0.0,0
615077587145655,0,0.0,0
615796487941218,0,0.0,0
616278906611142,0,0.0,0
616762133738450,0,0.0,0
617446534834983,0,0.0,0
618279208488667,0,0.0,0
618769632951105,0,0.0,0
618884878691362,0,0.0,0
619480527638672,0,0.0,0
620004198804205,0,0.0,0
620959656886096,0,0.0,0
621074139949902,0,0.0,0
622026818872088,0,0.0,0
622688018309740,0,0.0,0
622689797736265,0,0.0,0
622874390789660,0,0.0,0
623764553919816,0,0.0,0
625149480245666,0,0.0,0
625611153689008,0,0.0,0
626084401695898,0,0.0,0
627592169706565,0,0.0,0
628534009135251,0,0.0,0
629169535274968,0,0.0,0
629645013768871,0,0.0,0
631887888145821,0,0.0,0
631973609144703,0,0.0,0
632567199505823,0,0.0,0
632571421174454,0,0.0,0
633722777002720,0,0.0,0
634350480213976,1,1.0,1
634357524396648,0,0.0,0
634566513542215,0,0.0,0
634895405626245,0,0.0,0
635318544915712,0,0.0,0
636181026277624,0,0.0,0
636530077969573,0,0.0,0
636750965011856,0,0.0,0
637705555728025,0,0.0,0
638093038082897,0,0.0,0
638484920019476,0,0.0,0
638742066039664,0,0.0,0
639298696400341,0,0.0,0
641013000315926,0,0.0,0
641491921199361,0,0.0,0
641901308717239,0,0.0,0
644375793847502,0,0.0,0
644674681562047,0,0.0,0
645659709759830,0,0.0,0
646811516308045,0,0.0,0
648339452314097,0,0.0,0
648565695669859,0,0.0,0
649192619845418,0,0.0,0
649196149763165,0,0.0,0
649198063737681,0,0.0,0
649556174530387,0,0.0,0
650580808188897,0,0.0,0
650641607265335,0,0.0,0
650815848519195,0,0.0,0
651019787601658,0,0.0,0
651024483220405,0,0.0,0
651149961709671,0,0.0,0
651390885562951,1,1.0,1
652373024668815,0,0.0,0
654290347656876,0,0.0,0
655070209881834,0,0.0,0
655459414613037,0,0.0,0
656741093228891,0,0.0,0
657202399947646,0,0.0,0
657835618913700,0,0.0,0
657836278755926,0,0.0,0
659912011816796,0,0.0,0
660851246205093,0,0.0,0
660990680796136,0,0.0,0
661431530001491,1,1.0,1
662337177362478,0,0.0,0
662912153466693,0,0.0,0
662919355912177,0,0.0,0
664054505208661,0,0.0,0
664213810808547,0,0.0,0
664633014177845,0,0.0,0
665375758794865,0,0.0,0
665587298469327,0,0.0,0
665592078063352,0,0.0,0
666808417189997,0,0.0,0
667742428992467,0,0.0,0
669235258450950,0,0.0,0
669600348252950,0,0.0,0
669641821523598,1,1.0,1
671182863872244,0,0.0,0
672787691557735,0,0.0,0
672956273259084,0,0.0,0
674697894711820,1,1.0,1
674699871931285,0,0.0,0
674995645106944,0,0.0,0
675226756543178,0,0.0,0
675284837839601,0,0.0,0
675333933422824,0,0.0,0
675369575447621,0,0.0,0
675549770207973,0,0.0,0
676296335545452,0,0.0,0
678044769621873,0,0.0,0
678738971178128,0,0.0,0
678798656643394,0,0.0,0
680715950770848,0,0.0,0
681273934677389,0,0.0,0
681857947997324,0,0.0,0
681958233594362,0,0.0,0
682063311188541,0,0.0,0
682607095522134,0,0.0,0
682741443121174,0,0.0,0
682747002572736,0,0.0,0
682755065328882,0,0.0,0
682876938425250,0,0.0,0
683150306170371,0,0.0,0
684090162609341,0,0.0,0
685300792752678,0,0.0,0
686431691266344,0,0.0,0
686675314941273,0,0.0,0
687125029236065,0,0.0,0
687659186809745,0,0.0,0
688720826703891,0,0.0,0
689838877392083,0,0.0,0
689937525133324,0,0.0,0
690576500829168,0,0.0,0
691307914772418,0,0.0,0
692518580521645,0,0.0,0
693643974083270,0,0.0,0
694664852295638,0,0.0,0
695102159782910,0,0.0,0
695454401908120,0,1.0,1
696205082417287,0,0.0,0
696205116277448,0,0.0,0
696205430492601,0,0.0,0
697359163066186,0,0.0,0
697802338765390,0,0.0,0
698408067278157,0,0.0,0
698892484371111,0,0.0,0
698985040973297,0,0.0,0
698988161912644,0,0.0,0
699162031539736,0,0.0,0
699165800949613,0,0.0,0
699198019027115,0,0.0,0
699483303274296,0,0.0,0
699488295939616,0,0.0,0
699780042640887,0,0.0,0
700430293251111,0,0.0,0
700497818065710,0,0.0,0
700801033954301,0,0.0,0
702263113855882,0,0.0,0
703120964762779,0,0.0,0
703764321540595,0,0.0,0
704176651941656,0,1.0,1
704555731685833,0,0.0,0
704679253773037,0,0.0,0
704717326889715,0,0.0,0
706781534446291,1,1.0,1
706782206230151,0,0.0,0
706848346323487,0,1.0,1
708185464791853,1,1.0,1
708580288249707,0,0.0,0
709195605040968,0,0.0,0
709263950316232,0,0.0,0
709446845902395,0,0.0,0
709886645985330,0,0.0,0
709993627223712,0,0.0,0
712356632950057,0,0.0,0
712800282483507,0,0.0,0
713370926287574,0,0.0,0
714107913481006,0,0.0,0
714110046326839,0,0.0,0
714236858878002,0,0.0,0
714386782310619,0,0.0,0
714498593701222,0,0.0,0
715387566924744,0,0.0,0
715393699805248,0,0.0,0
716195888287987,0,0.0,0
716593356431166,0,0.0,0
717065025560396,0,1.0,1
718077776031387,0,0.0,0
718116448767795,0,0.0,0
719404116563539,0,0.0,0
720486625244587,0,0.0,0
720578661687873,0,0.0,0
720737884021243,0,0.0,0
723171199292327,0,0.0,0
723289911589425,0,0.0,0
723292409043063,0,0.0,0
723387252414566,0,0.0,0
723431777036935,0,0.0,0
723935138013251,0,0.0,0
723971175889134,0,0.0,0
724829529527357,0,0.0,0
724864901836247,0,0.0,0
724938490656409,0,0.0,0
725173050428806,0,0.0,0
726311548181320,0,0.0,0
726962708995873,0,0.0,0
726973850804356,0,0.0,0
726974894672931,0,0.0,0
727119726695368,0,0.0,0
727210097308538,0,0.0,0
729662223178757,0,0.0,0
730236173162936,0,0.0,0
730237307934613,0,0.0,0
730453175751177,0,0.0,0
733118154398479,0,0.0,0
733295675809247,0,0.0,0
733850433887691,0,0.0,0
734559759736785,0,0.0,0
734984755877012,0,0.0,0
735118394589813,1,1.0,1
736618145362031,0,0.0,0
736621445735685,0,0.0,0
736725801647888,0,0.0,0
737140779764421,0,0.0,0
737252083377733,0,0.0,0
737323277855059,0,0.0,0
737751533493280,0,0.0,0
738071012789240,0,0.0,0
738073010991857,0,0.0,0
738073611866397,0,0.0,0
738471532155717,0,0.0,0
738475134397183,0,0.0,0
738647449153762,0,0.0,0
738649682758919,0,0.0,0
739920790661401,0,0.0,0
739957260539751,0,0.0,0
740344740314869,0,0.0,0
741040337698749,0,0.0,0
741221139388564,0,1.0,1
741750156801307,0,0.0,0
743844241851941,0,0.0,0
744033603751733,0,0.0,0
745692710679765,0,0.0,0
746264003557889,0,0.0,0
746274222413033,0,0.0,0
746310650811648,0,0.0,0
747138427006099,0,0.0,0
747424809727002,0,0.0,0
747710862255568,0,0.0,0
748139679080646,0,0.0,0
748418259671235,0,0.0,0
748452721238245,0,0.0,0
750780170819995,0,0.0,0
751123410671029,0,0.0,0
751486274850816,0,0.0,0
752127894969015,0,0.0,0
752127952185113,0,0.0,0
753097444755162,0,0.0,0
753973391152248,0,0.0,0
754013363408693,0,0.0,0
754123929155841,0,0.0,0
754976743583226,0,0.0,0
755223186295781,0,0.0,0
756758140434097,0,0.0,0
757031190609570,0,0.0,0
757571723522770,0,0.0,0
757624812813355,0,0.0,0
758492853966965,1,1.0,1
758914282898641,0,0.0,0
759489242414332,0,0.0,0
759830035469794,0,0.0,0
759945579918656,0,0.0,0
760447774260908,0,0.0,0
760747506268481,0,0.0,0
760752114664256,0,0.0,0
760919177023169,0,0.0,0
761491458998827,0,0.0,0
761493325702419,0,0.0,0
761621523890834,0,0.0,0
761656694693413,0,0.0,0
761665122939052,0,0.0,0
763317305558229,0,0.0,0
763375897851078,0,0.0,0
763381626980623,0,0.0,0
763447991546578,0,0.0,0
763864608606091,0,0.0,0
763934604516550,0,0.0,0
764142155555566,0,0.0,0
764301012250601,0,0.0,0
764303603662709,0,0.0,0
765775070692088,0,0.0,0
766765595346810,0,0.0,0
766765954896876,0,0.0,0
767863071059244,0,0.0,0
768151775062540,0,0.0,0
768913078132907,0,0.0,0
769274784204338,0,0.0,0
770779264883799,0,0.0,0
771757303838435,0,0.0,0
772094788761800,0,0.0,0
772802273301464,0,0.0,0
772854141735435,0,0.0,0
773196441496957,0,0.0,0
773257149310376,0,0.0,0
773261136791705,0,0.0,0
773555655693524,0,0.0,0
773850784610317,0,0.0,0
773852055094249,0,0.0,0
775306489059443,0,0.0,0
775653666719045,0,0.0,0
775654188283506,0,0.0,0
775733547044210,0,0.0,0
775737215758271,0,0.0,0
776782779666774,0,0.0,0
777212646719083,0,0.0,0
777265019647760,0,0.0,0
777367786404223,0,0.0,0
777501525575675,0,0.0,0
779730705040848,0,0.0,0
780201975823311,0,0.0,0
780733373208670,0,0.0,0
780988643112950,0,0.0,0
781973152681211,0,0.0,0
782363201189998,0,0.0,0
783096845358186,0,0.0,0
785190072585180,0,0.0,0
785406603713541,0,0.0,0
785520024420118,0,0.0,0
785554567908374,0,0.0,0
785823252797417,0,0.0,0
786004858628284,0,0.0,0
786074373921261,0,0.0,0
786110049934693,0,0.0,0
787896643916632,0,0.0,0
787931756577735,0,0.0,0
787933477534924,0,0.0,0
787938289033581,0,0.0,0
788315627880846,0,0.0,0
788454489450836,0,0.0,0
789271167636204,0,0.0,0
790733316091117,0,0.0,0
791119010170413,0,0.0,0
791498096405880,0,0.0,0
792731723562291,0,0.0,0
792854152943067,0,0.0,0
793575348559664,0,0.0,0
795194782094801,0,0.0,0
795666971718683,1,1.0,1
795670342768787,0,0.0,0
799394038529282,0,0.0,0
801014667500629,0,0.0,0
801596249249829,0,0.0,0
802131856773792,0,0.0,0
802505684347906,0,0.0,0
803771207477387,0,0.0,0
804316518613509,0,0.0,0
804575156685007,0,0.0,0
804797682003742,0,0.0,0
805179911441653,0,0.0,0
805539940924815,0,0.0,0
806146347755303,0,0.0,0
806303899683890,0,0.0,0
806471142032391,0,0.0,0
806583554678007,0,0.0,0
807485711177224,0,0.0,0
808540747403160,0,0.0,0
809588508262466,0,0.0,0
809645570365051,0,0.0,0
811000400908855,0,0.0,0
811055693179609,0,0.0,0
811056555011784,0,0.0,0
811679883854316,0,0.0,0
811783279628488,0,0.0,0
811895181041465,0,0.0,0
812102708686142,0,0.0,0
812364829341169,0,0.0,0
812816798917180,0,0.0,0
813402504548539,0,0.0,0
813510064594439,0,0.0,0
813849696876182,0,0.0,0
813852695350534,0,0.0,0
813855287838414,0,0.0,0
813858964255331,0,0.0,0
814061593970325,1,1.0,1
814143262550214,0,0.0,0
814202962556972,0,0.0,0
814737232371482,0,0.0,0
815775054972667,0,0.0,0
815810420870844,0,1.0,1
816643314593612,0,0.0,0
816693919567813,0,0.0,0
816753328426305,0,0.0,0
817136215417295,0,0.0,0
817189611511769,0,0.0,0
817557681650702,0,0.0,0
820931731994470,0,0.0,0
821158079574805,0,0.0,0
821165539430991,0,0.0,0
821430684432287,0,0.0,0
822041034430343,0,0.0,0
823503899179771,0,0.0,0
823568759507518,0,0.0,0
824020489028690,0,0.0,0
824471989021853,0,0.0,0
824638357962611,1,1.0,1
824991729081396,0,0.0,0
825154589062859,0,0.0,0
826210628589419,0,0.0,0
827552787400771,0,0.0,0
827644705198458,0,0.0,0
827807027454150,0,0.0,0
828142356609940,0,0.0,0
828410370290418,0,0.0,0
828584154427571,0,0.0,0
828693737158722,0,0.0,0
828764183867475,0,1.0,1
829208551304525,0,0.0,0
829233682205522,0,0.0,0
829288223655357,0,0.0,0
831709345917527,0,0.0,0
831968245473245,0,0.0,0
832700522640409,0,0.0,0
832706837820522,0,0.0,0
832741388903584,0,0.0,0
833447081626541,0,0.0,0
834339977325452,0,0.0,0
835624255137066,0,0.0,0
835626579842092,0,0.0,0
837006869167267,0,0.0,0
837320124963210,0,0.0,0
837678377046891,0,0.0,0
838411638728499,0,0.0,0
838533419344202,0,0.0,0
839282105022058,0,0.0,0
839904514551602,0,0.0,0
841267006330863,0,0.0,0
841619314440983,0,0.0,0
842229198551241,0,0.0,0
842229818794110,0,0.0,0
842530770340572,0,0.0,0
842673321151120,0,0.0,0
843434322800688,0,0.0,0
844130218285697,0,0.0,0
563425602077121,0,0.0,0
564572435171755,0,0.0,0
564798275669884,0,0.0,0
567202407625401,0,0.0,0
568587018179634,0,0.0,0
568588593870658,0,0.0,0
568593582698462,0,0.0,0
570162057520506,0,0.0,0
570217931219569,1,1.0,1
570642987747600,0,0.0,0
571673750585200,0,0.0,0
571850679724569,0,0.0,0
572395990797890,0,0.0,0
572400865057464,0,0.0,0
574979830520707,0,0.0,0
576562293778900,0,0.0,0
577098694018769,0,0.0,0
577723678671440,0,0.0,0
578013909535651,0,0.0,0
578023698407372,0,0.0,0
578411136261263,0,0.0,0
578418872803879,0,0.0,0
579456930256154,1,1.0,1
579724144104014,0,0.0,0
579727674839983,0,0.0,0
579951806526292,0,0.0,0
580543320209313,0,0.0,0
581573205055308,0,0.0,0
582247388000705,0,0.0,0
582788805257836,0,0.0,0
583254227052883,0,0.0,0
583256488468674,0,0.0,0
583334445347150,0,0.0,0
583830254544577,0,0.0,0
589821593652402,0,0.0,0
590133391754513,0,0.0,0
590805718877116,0,0.0,0
591016341993259,0,0.0,0
593174270900774,0,0.0,0
593884925220687,0,0.0,0
594103338859901,0,0.0,0
594104221178967,0,0.0,0
594260451382965,0,0.0,0
594268368833648,0,0.0,0
595938836403375,0,0.0,0
596379188750264,0,0.0,0
596664392000273,0,0.0,0
597210688259047,0,0.0,0
597249536369659,0,0.0,0
597384440017813,0,0.0,0
597441682162880,0,0.0,0
597591141463755,0,0.0,0
598260898444995,0,0.0,0
598265009566730,0,0.0,0
599080968794911,0,0.0,0
599503201531192,0,0.0,0
599960897850007,0,0.0,0
600138956996961,0,0.0,0
600386186681408,0,0.0,0
600441541812665,0,0.0,0
600501994570698,0,0.0,0
600507438028617,0,0.0,0
600930025559613,0,0.0,0
601044885033437,0,0.0,0
601280137381050,0,0.0,0
601443911522626,0,0.0,0
601508244795096,0,0.0,0
601509031309341,0,0.0,0
601512273921088,0,0.0,0
601555466883751,0,0.0,0
602187262340038,0,0.0,0
602258180737129,0,0.0,0
602464133199624,0,0.0,0
603844675936728,0,0.0,0
604133728406590,0,0.0,0
606459667621117,0,0.0,0
610880526484046,0,0.0,0
612200184743484,0,0.0,0
613105841482954,0,0.0,0
613507982238478,0,0.0,0
614083306534367,0,0.0,0
614173418792658,0,0.0,0
614605362819901,0,0.0,0
615051036290465,0,0.0,0
615634180771962,0,0.0,0
616165927756288,0,0.0,0
616556302761919,0,0.0,0
617570833419689,0,0.0,0
617855894198125,0,0.0,0
618024177174391,0,0.0,0
618434940805899,0,0.0,0
618975243148955,0,0.0,0
619273171556924,0,0.0,0
619813419194286,0,0.0,0
619949011255035,0,0.0,0
620691780032023,0,0.0,0
621273785588575,0,0.0,0
623246409429572,0,0.0,0
623270886171235,0,0.0,0
623569165325880,0,0.0,0
623857586708874,0,0.0,0
623966135359028,0,0.0,0
623994695017101,0,0.0,0
624382218626543,0,0.0,0
625223491977867,0,0.0,0
625284592822399,0,0.0,0
625362909234487,0,0.0,0
625551254930692,0,0.0,0
625744568593564,0,0.0,0
625749341626168,0,0.0,0
626213746479982,0,0.0,0
628282438873573,0,0.0,0
629093290786155,0,0.0,0
629760290166384,0,0.0,0
630102503928782,0,0.0,0
630591994290288,0,0.0,0
630937904374106,0,0.0,0
631077484817739,0,0.0,0
631744803152355,0,0.0,0
631777895430619,0,0.0,0
631927391486887,0,0.0,0
631928874097102,0,0.0,0
632412029058714,0,0.0,0
632787148800827,0,0.0,0
632830827552615,0,0.0,0
633036335640937,0,0.0,0
633036864609883,0,0.0,0
633349717559386,0,0.0,0
633591780379725,0,0.0,0
633667872511135,0,0.0,0
633902978783685,0,0.0,0
634999959020100,0,0.0,0
636140377284896,0,0.0,0
636323921509259,0,0.0,0
636356097845041,0,0.0,0
636363027807531,0,0.0,0
636488492957092,0,0.0,0
636789204924795,0,0.0,0
637136621042429,0,1.0,1
638191118471926,0,0.0,0
638488238130614,0,0.0,0
638489702390592,0,0.0,0
639429335208023,0,0.0,0
640282003563100,0,0.0,0
640663634070514,0,0.0,0
640670065555946,0,0.0,0
640867288807392,0,0.0,0
640870175965755,0,0.0,0
640926429936800,0,0.0,0
641035757654704,0,0.0,0
641713306291671,0,0.0,0
642005886377166,0,0.0,0
642304096500641,0,0.0,0
643126397154447,0,0.0,0
643606087640248,0,0.0,0
643641652485883,0,0.0,0
645072207199818,0,0.0,0
645148420020738,0,0.0,0
645190355489319,0,0.0,0
645201019979084,0,0.0,0
648875225404792,0,0.0,0
649426452995848,0,0.0,0
650084748074907,0,0.0,0
651734694496842,0,0.0,0
653130607993037,0,0.0,0
653572144653461,0,0.0,0
653733740722344,0,0.0,0
654054682903648,0,0.0,0
654112017617121,0,0.0,0
654390584516815,0,0.0,0
655255419308611,0,0.0,0
656021163005189,0,0.0,0
656345088690504,1,1.0,1
658542409219860,0,0.0,0
659192859713774,0,0.0,0
659195077277386,1,1.0,1
659312781173386,0,0.0,0
659992150463341,0,0.0,0
660438673149034,0,0.0,0
661090290583853,0,0.0,0
662205304328267,0,0.0,0
665115788471469,0,0.0,0
665493968612021,0,0.0,0
665496957585069,0,0.0,0
665968263901451,0,0.0,0
667017722072386,0,0.0,0
667024140567686,0,0.0,0
671492116706983,0,0.0,0
671522667245400,0,0.0,0
671587663094091,0,0.0,0
671591929296256,0,0.0,0
672479735547755,1,1.0,1
672748720491713,0,1.0,1
672951644975192,0,0.0,0
674199700897378,0,0.0,0
674588841591792,0,0.0,0
675214150631408,0,0.0,0
675456582925164,0,0.0,0
676448433849424,0,0.0,0
677389279258794,0,0.0,0
677471160909343,0,0.0,0
677473274552027,0,0.0,0
678043526813497,0,0.0,0
679441093541782,0,0.0,0
679554344010371,0,0.0,0
679609996113506,0,0.0,0
680538143698954,0,0.0,0
680602800853482,0,0.0,0
680929286360291,1,1.0,1
680997163391748,0,0.0,0
681361324975582,0,0.0,0
681771178574475,0,0.0,0
682706491726455,0,0.0,0
683160936131934,0,0.0,0
684929165405768,0,0.0,0
685035906381035,0,0.0,0
685043037645575,0,0.0,0
685045188443172,0,0.0,0
685218165997741,0,0.0,0
686619349659759,0,0.0,0
687104271973342,0,0.0,0
688077889483350,0,0.0,0
688141455543167,0,0.0,0
688223486159881,0,0.0,0
688229796852507,0,0.0,0
688261507873801,0,0.0,0
688288263982731,0,0.0,0
688378798556571,0,0.0,0
688585648109015,0,0.0,0
688732038481026,0,0.0,0
689271308895276,0,0.0,0
689460288061727,0,0.0,0
690061617410300,0,0.0,0
690417489651143,0,0.0,0
690419895889605,0,0.0,0
690863880201609,0,0.0,0
690925113726397,0,0.0,0
690926408318474,0,0.0,0
691335352256477,0,0.0,0
692003822235917,0,0.0,0
692368338536182,0,0.0,0
692675366132388,0,0.0,0
692677904445033,0,0.0,0
693054886937133,0,0.0,0
693607191429523,0,0.0,0
693610779208178,0,0.0,0
693910137802678,0,0.0,0
694477016769236,0,0.0,0
695077032481157,0,0.0,0
695416951034821,0,0.0,0
695517235367860,0,0.0,0
695784857573342,0,0.0,0
696546984645902,0,0.0,0
697439889687138,0,0.0,0
698599624222553,0,0.0,0
698902454459972,0,0.0,0
698989787473146,0,0.0,0
698990723704017,1,1.0,1
699057131622497,0,0.0,0
699190821175488,0,0.0,0
700198193512420,0,0.0,0
702899176283306,0,0.0,0
702902013958551,0,0.0,0
703144245220122,0,0.0,0
703308926794330,0,0.0,0
704140840552136,0,0.0,0
705341364209094,0,0.0,0
705563534904484,0,0.0,0
708892053263318,0,0.0,0
709341042417049,0,0.0,0
710077295952003,0,0.0,0
710758645044301,0,0.0,0
711144436085418,0,0.0,0
713556564190723,0,0.0,0
713558438033325,0,0.0,0
714368442286092,0,0.0,0
714372249639902,0,0.0,0
715121957968985,0,0.0,0
715122083687120,0,0.0,0
715191002187474,0,0.0,0
715711707081693,0,0.0,0
715712846087461,0,0.0,0
715950129247563,0,0.0,0
716400562221183,0,0.0,0
716527582482790,1,1.0,1
717314007512457,0,0.0,0
718451105172591,0,0.0,0
720086554819852,0,0.0,0
720262663902279,0,0.0,0
720960809275450,0,0.0,0
722847528021574,0,0.0,0
723529813442926,0,0.0,0
723533906024863,0,0.0,0
724503674861472,0,0.0,0
724564653696376,0,0.0,0
724796541940671,0,0.0,0
725053865291593,0,0.0,0
726533990556691,0,0.0,0
726792548471775,0,0.0,0
727169711051532,0,0.0,0
728094924735421,0,0.0,0
728843100725337,0,0.0,0
729263858976033,0,0.0,0
729436955246194,0,0.0,0
729437827645076,0,0.0,0
729438482063712,0,0.0,0
729640697412052,1,1.0,1
729753837369905,0,0.0,0
729761363724983,0,0.0,0
729902368296787,0,0.0,0
731038829943898,1,1.0,1
731294282086192,1,1.0,1
731560435869794,0,0.0,0
731990978267136,0,0.0,0
732771757991448,0,0.0,0
733049301689352,0,0.0,0
733088660427689,0,0.0,0
733093183087097,0,0.0,0
734217741944727,0,0.0,0
734513369461386,0,0.0,0
734934540168271,0,0.0,0
735832559169724,0,0.0,0
735962135073964,0,0.0,0
736838243508845,0,0.0,0
736976868634609,0,0.0,0
737325244288662,0,0.0,0
737453225010886,0,0.0,0
737455654151050,0,0.0,0
738741359689401,0,0.0,0
739890942448756,0,0.0,0
740168732815918,0,0.0,0
740477766829528,0,0.0,0
740812096463263,0,0.0,0
741673567708266,0,0.0,0
741712841190552,0,0.0,0
742064076972699,0,0.0,0
742619019297532,0,0.0,0
743237723264894,0,0.0,0
743621983429151,0,0.0,0
744261934683441,0,0.0,0
744931349193291,0,0.0,0
745304731299622,0,0.0,0
745740730111242,0,0.0,0
746354381815322,0,0.0,0
746470436937484,0,0.0,0
748224155670346,0,0.0,0
749285184497372,0,0.0,0
750533649152404,0,1.0,1
750758624894902,0,0.0,0
750888209141387,0,0.0,0
750888678945627,0,0.0,0
752360597584235,0,0.0,0
752893454048205,0,0.0,0
753146802142303,0,0.0,0
754245263294604,0,0.0,0
754854120271628,0,0.0,0
755465051743192,0,0.0,0
755900423746369,0,0.0,0
758244432346438,0,0.0,0
758247793793630,0,0.0,0
758620660492571,0,0.0,0
759865401904653,0,0.0,0
760245787548541,0,0.0,0
760893852647007,0,0.0,0
761106798852916,0,0.0,0
761171585066407,0,0.0,0
762694663788299,0,0.0,0
762902066944908,0,0.0,0
767038373446918,0,0.0,0
767149921579152,0,0.0,0
767273297524512,0,0.0,0
768178597904249,0,0.0,0
768444266891833,0,0.0,0
769867318621325,0,0.0,0
769896993095884,0,0.0,0
770523134908814,0,0.0,0
771889290308438,0,0.0,0
773042317420414,0,0.0,0
773470413571157,0,0.0,0
773846283434555,0,0.0,0
774057053149718,0,0.0,0
775025216901214,0,0.0,0
775174958555669,0,0.0,0
778428020440819,0,0.0,0
778603992327127,0,0.0,0
778945824666042,0,0.0,0
780566475489189,0,0.0,0
780745688588163,0,0.0,0
781000128305678,0,0.0,0
781571888349459,0,0.0,0
781662931661094,0,0.0,0
782409259336193,0,0.0,0
782461780519640,0,0.0,0
782935277595860,0,0.0,0
784286485221860,0,0.0,0
784494419988956,0,0.0,0
785173193288242,0,0.0,0
786306380949235,0,0.0,0
787016075761693,0,0.0,0
787444034659647,0,0.0,0
787961313711190,0,0.0,0
788704716536105,0,0.0,0
788709325324329,0,0.0,0
789593503828466,0,0.0,0
789786835327603,0,0.0,0
790208815830514,0,0.0,0
790209249274408,0,0.0,0
790381490017298,1,1.0,1
790388180559175,0,0.0,0
790748755860166,0,0.0,0
791438520462735,0,0.0,0
791447973081288,0,0.0,0
791450964895253,0,0.0,0
792167128569391,0,0.0,0
792566609626928,0,0.0,0
792636362487950,0,0.0,0
793708695030746,1,1.0,1
793817784743867,0,0.0,0
795278531570750,0,0.0,0
795915080514485,0,0.0,0
797106296634223,0,0.0,0
797569811401871,0,0.0,0
797635776639448,0,0.0,0
799085853057173,0,0.0,0
799146798968615,0,0.0,0
799876786859714,0,0.0,0
800002972062961,0,0.0,0
800009865377456,0,0.0,0
800176670149447,0,0.0,0
800403655863934,0,0.0,0
801457840142820,0,0.0,0
801743252204430,0,0.0,0
802549580500131,0,0.0,0
803073995670839,0,0.0,0
803637143009953,0,0.0,0
804434730416908,0,0.0,0
804567622338429,0,0.0,0
805202379449386,0,0.0,0
805821065077951,0,0.0,0
805885007249945,0,0.0,0
805885270315114,0,0.0,0
805894571745184,0,0.0,0
805927233611219,0,0.0,0
806270552438260,0,0.0,0
808310580871529,0,0.0,0
808380122624389,0,0.0,0
808441966596907,0,0.0,0
809100708186660,0,0.0,0
809693919653189,0,0.0,0
809906823402892,0,0.0,0
810590347586117,0,0.0,0
810694719581569,0,1.0,1
810889461393301,0,0.0,0
810949350884814,0,0.0,0
810956483177539,0,0.0,0
811287446728501,0,0.0,0
811290900425129,0,0.0,0
811346275486121,0,0.0,0
812412967082393,0,0.0,0
813496190767439,0,0.0,0
813760656934287,0,0.0,0
813862750390875,0,0.0,0
813864952339570,0,1.0,1
816455400090750,0,0.0,0
818475942358160,0,0.0,0
818571941180723,0,0.0,0
818698707218366,1,1.0,1
819169611281860,0,0.0,0
819474746536076,0,0.0,0
820286711903524,0,0.0,0
820574637813624,0,0.0,0
820631368451707,0,0.0,0
821512178821919,0,0.0,0
821516001090057,0,0.0,0
822593449581898,0,0.0,0
822594300461713,0,0.0,0
822976270412416,0,0.0,0
822987486046614,0,0.0,0
823091710171760,0,0.0,0
823651928391886,0,0.0,0
823768929086160,0,0.0,0
823770019554871,0,0.0,0
823947756823111,0,0.0,0
824733905389069,0,0.0,0
824998663594529,0,0.0,0
824998813622706,0,0.0,0
825331026940975,0,0.0,0
825411962754305,0,0.0,0
825423814632551,0,0.0,0
825495195375086,0,0.0,0
825553983432084,0,0.0,0
825977624044061,0,0.0,0
826176813222416,0,0.0,0
827479845797353,0,0.0,0
827930981509525,0,0.0,0
827979074185407,0,0.0,0
827980284312624,0,0.0,0
828143493824913,0,0.0,0
828647533211171,0,0.0,0
828923522995053,0,0.0,0
830742934842713,0,0.0,0
831429401520557,0,0.0,0
832908753775499,0,0.0,0
833018314875915,0,0.0,0
834497561869498,0,0.0,0
834869168067900,0,0.0,0
835033685168066,0,0.0,0
835206817299235,0,0.0,0
836761231961827,0,0.0,0
837449290569454,0,0.0,0
837572514390778,0,0.0,0
837634319957969,0,0.0,0
837796902118314,0,0.0,0
838153609236470,0,0.0,0
838154459935017,0,0.0,0
838594373578210,0,0.0,0
838681337476623,0,0.0,0
839176901824099,0,0.0,0
840000864475357,0,0.0,0
840502883400802,0,0.0,0
840867506894327,0,0.0,0
841183834215152,0,0.0,0
842757361385774,0,0.0,0
843038866684114,0,0.0,0
843128104111719,0,0.0,0
843132593064142,0,0.0,0
843133745925858,0,0.0,0
843138652886230,0,0.0,0
843703751377931,0,0.0,0
844225908228029,0,0.0,0
563151205575056,0,0.0,0
563429130270491,0,0.0,0
564131658230493,0,0.0,0
564929444846826,0,0.0,0
566616944565979,0,0.0,0
567176521610733,0,0.0,0
567184183015714,0,0.0,0
569010510296636,0,0.0,0
569868985627806,0,0.0,0
571181859022373,0,0.0,0
572669936937716,0,0.0,0
572677766619384,0,0.0,0
572960256448482,0,0.0,0
573350320226607,0,0.0,0
573700284426552,0,0.0,0
574345539148012,0,0.0,0
575257957328279,0,0.0,0
576786026659809,0,0.0,0
577079213920540,0,0.0,0
577482274423363,0,0.0,0
578011326430267,0,0.0,0
578413970771128,0,0.0,0
579395540464361,0,0.0,0
579569972410175,0,0.0,0
582007304775663,0,0.0,0
583211370396775,0,0.0,0
583649639859440,0,0.0,0
583677129039578,1,1.0,1
584208782275356,0,0.0,0
584560555304638,0,0.0,0
584800654821058,0,0.0,0
585439506349422,0,0.0,0
585560555439437,0,0.0,0
586190859577922,0,1.0,1
586392827364765,0,0.0,0
586869196264687,0,0.0,0
586872130816516,0,0.0,0
586939478480282,0,0.0,0
586994091305389,0,0.0,0
587334977931312,0,0.0,0
587376810953766,0,0.0,0
587726719963827,0,0.0,0
588250238068840,0,0.0,0
589468312700512,0,0.0,0
589786000864403,0,0.0,0
590924259351127,0,0.0,0
591041474034330,0,0.0,0
591488276582964,0,0.0,0
591488730163254,0,0.0,0
591522163895331,0,0.0,0
593074895102486,0,0.0,0
593365262851676,0,0.0,0
593415420376103,0,0.0,0
593416293588551,0,0.0,0
594506291339345,0,0.0,0
594507423212621,0,0.0,0
595663796626220,0,0.0,0
595976528144127,0,0.0,0
596984849035361,0,0.0,0
597222671849423,0,0.0,0
598669940429792,0,0.0,0
598789253936322,0,0.0,0
599470492637301,0,0.0,0
599476365713499,0,0.0,0
599695543176696,0,0.0,0
600943993038677,0,0.0,0
601256105455320,0,0.0,0
601837956373803,0,0.0,0
601872789437834,0,0.0,0
601968066750294,0,0.0,0
602321613509447,0,0.0,0
602378791201058,0,0.0,0
602698927062129,0,0.0,0
602887544030203,0,0.0,0
603001622760386,0,0.0,0
603275310877454,0,0.0,0
603554548108255,0,0.0,0
603558740269641,0,0.0,0
604253521682652,0,0.0,0
605033879853520,0,0.0,0
605764533939233,0,0.0,0
605985093602398,0,0.0,0
606619342203179,0,0.0,0
606991755419613,0,0.0,0
608843497813212,0,0.0,0
610242713200115,0,0.0,0
611109709181293,0,0.0,0
613936814839276,0,0.0,0
614372697514260,0,0.0,0
614455705599439,0,0.0,0
615390797397814,0,0.0,0
615391006227710,0,0.0,0
617523398678181,0,0.0,0
618219746412286,0,0.0,0
618968064454701,0,0.0,0
619336070452657,0,0.0,0
619990919797042,0,0.0,0
620647706591772,0,0.0,0
620700852487470,0,0.0,0
620703787623017,0,0.0,0
620706769007006,0,0.0,0
620731852653929,0,0.0,0
620839615826986,0,1.0,1
620921152175239,0,0.0,0
621260513088635,0,0.0,0
622148315462411,0,0.0,0
622152699131199,0,0.0,0
622154652019117,0,0.0,0
622333477253898,0,0.0,0
622338750050259,0,0.0,0
622775750151687,0,0.0,0
622780356507224,0,0.0,0
623284430338825,0,0.0,0
623611346866643,0,0.0,0
624033285609399,0,0.0,0
624438272907985,0,0.0,0
624624314100560,0,0.0,0
624841326423862,0,0.0,0
625161355011025,0,0.0,0
625163367995222,0,0.0,0
627406976535663,0,0.0,0
627701917566351,0,0.0,0
628655500220680,0,0.0,0
628739729307961,0,0.0,0
628886239718910,0,0.0,0
629254709853297,0,0.0,0
629282578002725,0,0.0,0
629566911816215,0,0.0,0
630314918831708,0,0.0,0
630727353799681,0,0.0,0
630791089048361,0,0.0,0
630886947104093,0,0.0,0
631470629046553,0,0.0,0
631942527313278,0,0.0,0
632587464581860,0,0.0,0
632591486937628,0,0.0,0
633083064279721,0,0.0,0
633085693012857,0,0.0,0
633526261060655,0,0.0,0
633945293936037,0,0.0,0
636729007212216,0,0.0,0
637443944747119,0,0.0,0
637493576784232,0,0.0,0
638165118601252,0,0.0,0
638497808973646,0,0.0,0
638667595082377,0,0.0,0
638742422594134,0,0.0,0
640106587335895,0,0.0,0
640591964867836,0,0.0,0
640658608082017,0,0.0,0
640665021624686,0,0.0,0
640766119499948,0,0.0,0
640799998276269,0,0.0,0
642246108307068,0,0.0,0
642780303128886,0,0.0,0
643497431718073,0,0.0,0
646332551434291,0,0.0,0
649011767809026,0,0.0,0
649155014888388,0,0.0,0
649280646695989,0,0.0,0
650354030676818,0,0.0,0
650661435313077,0,0.0,0
650665462661981,0,0.0,0
651005528553027,0,0.0,0
651175576443122,0,0.0,0
651457068861245,0,0.0,0
651463473989100,0,0.0,0
652287970097843,0,0.0,0
652290006091823,0,0.0,0
653105218442469,0,0.0,0
653180986074955,0,0.0,0
653329615145048,0,0.0,0
653646418327602,1,1.0,1
654014296418327,0,0.0,0
654799924223701,0,0.0,0
656543155909176,0,0.0,0
656890550847696,0,0.0,0
658673848932628,0,0.0,0
658852190728854,0,0.0,0
658954622161918,0,0.0,0
659804767658233,0,0.0,0
659812466493343,0,0.0,0
661221278328995,0,0.0,0
661221662950712,0,0.0,0
661303978746459,0,0.0,0
661366500382661,0,0.0,0
662323539981599,0,0.0,0
662325322973909,0,0.0,0
663923849760402,0,0.0,0
664509462401469,0,0.0,0
665203214485349,0,0.0,0
665258874652790,0,0.0,0
665303536825281,0,0.0,0
665629848267835,0,0.0,0
665635421391581,0,0.0,0
665879888180856,0,0.0,0
665885947247656,0,0.0,0
665952856865600,0,0.0,0
666127387407015,0,0.0,0
668325070240959,0,0.0,0
668634817338026,0,0.0,0
668893172898393,0,0.0,0
669102528040480,0,0.0,0
669103211827988,0,0.0,0
669545243835949,0,0.0,0
669778275333529,0,0.0,0
670607988862754,0,0.0,0
670614552952162,0,0.0,0
670797936004673,0,0.0,0
670962117233567,0,0.0,0
672068326575849,0,0.0,0
673702739991209,0,0.0,0
674638193674713,0,0.0,0
675242935403293,0,0.0,0
675247789749271,0,0.0,0
675370875404677,0,0.0,0
676299503178360,0,0.0,0
677279373111720,0,0.0,0
677383281612350,0,0.0,0
677649079099595,0,0.0,0
678608734237552,0,0.0,0
678972480645073,0,0.0,0
679663292881626,0,0.0,0
680108964807166,0,0.0,0
680117946148962,0,0.0,0
681368329978271,0,0.0,0
682155730877863,0,0.0,0
682276507240621,0,0.0,0
682339441200067,0,0.0,0
682346157202350,0,0.0,0
684165100050610,0,0.0,0
684167478575143,0,0.0,0
684207795021412,0,0.0,0
685571455141039,0,0.0,0
686498199907919,0,0.0,0
687021932721016,0,0.0,0
688951878307493,0,0.0,0
689838703531376,0,0.0,0
690107254217174,0,0.0,0
692486562469958,0,0.0,0
693428924875615,0,0.0,0
693752855589984,0,0.0,0
694354135867550,0,0.0,0
694588806792117,0,0.0,0
694855439346613,0,0.0,0
695522777001288,0,0.0,0
696366789188059,0,0.0,0
697515158344743,0,0.0,0
698580939294565,0,0.0,0
699640676768667,0,0.0,0
699647672295450,0,0.0,0
700094078087658,0,0.0,0
700099021223880,0,0.0,0
700230599288945,0,0.0,0
700459517430064,0,0.0,0
701365233524011,0,0.0,0
701367264391370,0,0.0,0
703286858562749,0,0.0,0
703290314790175,0,0.0,0
704519171001999,0,0.0,0
705411237108140,0,0.0,0
706835798284904,0,0.0,0
709589620193114,0,0.0,0
709659497664587,0,0.0,0
710028815246653,1,1.0,1
713151847912662,0,0.0,0
714199923090327,1,1.0,1
714833013064866,0,0.0,0
714999499350274,0,0.0,0
715212957816910,0,0.0,0
715294688519854,0,0.0,0
717377170521657,0,0.0,0
718049984032293,0,0.0,0
718050464382896,0,0.0,0
718158557160778,0,0.0,0
718159580286535,0,0.0,0
719939168503303,0,0.0,0
722599847312614,0,0.0,0
723016434418699,0,0.0,0
723068255723919,0,0.0,0
724625850925117,0,0.0,0
727011520008883,0,0.0,0
727012204295226,1,1.0,1
727052308732530,0,0.0,0
728493152586647,0,0.0,0
729014316943001,0,0.0,0
729827680131308,0,0.0,0
729862836533963,0,0.0,0
731279050984608,0,0.0,0
732138725988938,0,0.0,0
732664908408096,0,0.0,0
732892164750316,0,0.0,0
732954528353323,0,0.0,0
733351044382187,0,0.0,0
733364711422760,0,0.0,0
733752393918530,0,0.0,0
733759323965505,0,0.0,0
735276812016917,0,0.0,0
737166521064361,0,0.0,0
737750076920266,0,0.0,0
739145835607026,0,0.0,0
739269483978392,0,0.0,0
739662561772364,0,0.0,0
739668264103665,0,0.0,0
741011732569814,0,0.0,0
741014546838871,0,0.0,0
741100094087016,0,0.0,0
741231452228530,0,0.0,0
742792803748586,0,0.0,0
742839756884935,0,0.0,0
743171905259171,0,0.0,0
743172245714075,0,0.0,0
744069236132328,0,0.0,0
745093601282867,0,0.0,0
746077464610719,0,0.0,0
746156868210567,0,0.0,0
746778173057947,0,0.0,0
747268977545032,0,0.0,0
747277787900256,0,0.0,0
747283922333731,0,0.0,0
747434449160221,0,0.0,0
748919930807289,0,0.0,0
749660426160896,0,0.0,0
750524178103827,0,0.0,0
750935506391605,0,0.0,0
751330757566722,0,0.0,0
751980089432197,0,0.0,0
752881841829712,0,0.0,0
754465057880038,0,0.0,0
755130761180015,0,0.0,0
755501623480428,1,1.0,1
756303908704475,0,0.0,0
758859509146191,0,0.0,0
759034272813926,0,0.0,0
760924917706198,0,0.0,0
761579564997705,0,0.0,0
762091140428012,0,0.0,0
765188001884127,0,0.0,0
765472244461386,0,0.0,0
769180457161998,0,0.0,0
770624784615387,0,0.0,0
770625453262743,0,0.0,0
770709587596857,0,0.0,0
772368679367943,0,0.0,0
773069934094513,0,0.0,0
774119596136063,0,0.0,0
775004041957734,0,0.0,0
776056159539375,0,0.0,0
776180828655137,0,0.0,0
776421589715616,0,0.0,0
777686436200070,0,0.0,0
777916410786552,0,0.0,0
778158818141623,0,0.0,0
779638702268321,0,0.0,0
779814532798905,0,0.0,0
780026800225679,0,0.0,0
781603701886496,0,0.0,0
782271098990885,1,1.0,1
784754224296693,0,0.0,0
785132936264279,0,0.0,0
785406243429740,0,0.0,0
785464192615313,0,0.0,0
785465149445825,0,0.0,0
785465966921986,0,0.0,0
785524523582400,0,0.0,0
785679634364538,0,0.0,0
785734285235729,0,0.0,0
785884149536273,0,0.0,0
786099333319220,0,0.0,0
786568353752741,0,0.0,0
789226263592323,0,0.0,0
789296208535624,0,0.0,0
789298473345827,0,0.0,0
792246863372233,0,0.0,0
794540314047408,0,0.0,0
796491482905340,0,0.0,0
797540934972706,0,0.0,0
798809416911828,0,0.0,0
799346224626762,0,0.0,0
799607378952605,0,0.0,0
799622577415407,0,0.0,0
799969311292809,0,0.0,0
800216147001666,0,0.0,0
801377657259925,0,0.0,0
802207743235368,0,0.0,0
803207949999513,0,0.0,0
804586963080868,0,0.0,0
804891137227682,0,0.0,0
804896140622021,0,0.0,0
805779766958329,0,0.0,0
807105451057516,0,0.0,0
808332456255302,0,0.0,0
808523865109290,0,0.0,0
809736388228086,0,0.0,0
809802593311038,0,0.0,0
811090754206519,0,0.0,0
811351370310858,0,0.0,0
811810050342123,0,0.0,0
813325863507571,0,0.0,0
815356729774484,0,0.0,0
815414297689644,0,0.0,0
815745408548577,0,0.0,0
815803723187510,0,0.0,0
815865176333425,0,0.0,0
815939329748735,0,0.0,0
816885951564424,0,0.0,0
816889266823915,0,0.0,0
817662580982097,0,0.0,0
819159882483847,0,0.0,0
819895183889002,0,0.0,0
820193886907603,0,0.0,0
821255091521289,0,0.0,0
822167269910085,1,1.0,1
823850981937520,0,0.0,0
827007981123045,0,0.0,0
827065701121367,0,0.0,0
827177636065025,0,0.0,0
828337167718168,0,0.0,0
829998211091054,0,0.0,0
830057212675090,0,0.0,0
830258737532864,0,0.0,0
831376269572415,0,0.0,0
832762271770646,0,0.0,0
833556837194494,0,0.0,0
834242919454263,0,0.0,0
836429993990372,0,0.0,0
837435673035905,0,0.0,0
837703813638822,0,0.0,0
837708158530097,0,0.0,0
837883457157962,0,0.0,0
838517112334033,0,0.0,0
838803007986129,0,0.0,0
840254611185528,0,0.0,0
840256476569219,0,0.0,0
842904342526514,0,0.0,0
843974536087069,0,0.0,0
844243446629258,0,0.0,0
564524961782188,0,0.0,0
565181750011995,0,0.0,0
565848598502629,0,0.0,0
565935869865767,0,0.0,0
566137432021115,0,0.0,0
566701886927440,0,0.0,0
566792458613420,0,0.0,0
566875296305502,0,0.0,0
567641467420737,0,0.0,0
569994190796534,0,0.0,0
570938162838895,0,0.0,0
571707765155637,0,0.0,0
572262971672744,0,0.0,0
572332861370765,0,0.0,0
572505666830522,0,0.0,0
572804618858543,0,0.0,0
573149750960571,0,0.0,0
573932237145289,0,0.0,0
573934785704449,0,0.0,0
573990633463720,0,0.0,0
574460134001640,0,0.0,0
574527064289824,0,0.0,0
574712535455874,0,0.0,0
574820890424308,0,0.0,0
575516614170969,0,0.0,0
577344465044489,0,0.0,0
577349348811226,0,0.0,0
578073755210139,0,0.0,0
578194608846529,0,0.0,0
578736451979576,0,0.0,0
579459983521732,0,0.0,0
579846306663120,0,0.0,0
580059789395559,0,0.0,0
580061831236776,0,0.0,0
581291385342752,0,0.0,0
581781360123983,0,0.0,0
583675799365454,0,0.0,0
584081067235134,0,0.0,0
584846350958101,0,0.0,0
584938722518583,0,0.0,0
585372392223042,0,0.0,0
585589569410947,0,0.0,0
586282729707219,0,0.0,0
589258818836870,0,0.0,0
589903093078541,0,0.0,0
590925708497325,0,0.0,0
593074769094723,0,0.0,0
593180032628265,0,0.0,0
593750003053317,0,0.0,0
593958271530949,0,0.0,0
595070687740099,1,1.0,1
595986680651602,0,0.0,0
596131938867340,0,0.0,0
596603547167360,0,0.0,0
596894754638800,0,0.0,0
597413598327810,0,0.0,0
597415721096323,0,0.0,0
597562624383065,0,0.0,0
597912430237350,0,0.0,0
598220712084248,0,0.0,0
599197942703369,0,0.0,0
599523999470288,0,0.0,0
599890820893854,0,0.0,0
600005240485069,0,0.0,0
600488465593324,0,0.0,0
601046617160930,0,0.0,0
601718692427880,0,0.0,0
602204361091331,1,1.0,1
603919827216637,0,0.0,0
604843926417620,0,0.0,0
604850199936395,0,0.0,0
605865624132024,0,0.0,0
609010694984987,0,0.0,0
610869140426999,0,0.0,0
610871907927440,0,0.0,0
611849994742026,0,0.0,0
613411519151045,0,0.0,0
614573855731399,0,0.0,0
614631326926063,0,0.0,0
614698838294465,0,0.0,0
615001263433583,0,0.0,0
616570478181437,0,0.0,0
617072745070429,0,0.0,0
617300001743626,0,0.0,0
617425360191264,0,0.0,0
617793769594593,0,0.0,0
618627934729018,0,0.0,0
618688847484519,0,0.0,0
620280533963867,0,0.0,0
620439868595776,0,0.0,0
623035407660385,0,0.0,0
624246395807462,0,0.0,0
624248113039589,0,0.0,0
624971981838548,0,0.0,0
624973405275219,0,0.0,0
625073678663510,0,0.0,0
626313530494185,0,0.0,0
626996031286543,1,1.0,1
627278835337035,0,0.0,0
627496223144810,0,0.0,0
627611859382046,0,0.0,0
628974989452220,0,0.0,0
631072635608979,0,0.0,0
631133488860581,0,0.0,0
631136555856531,0,0.0,0
632184092582271,0,0.0,0
632632519777472,0,0.0,0
633106113033999,0,0.0,0
636427572583089,0,0.0,0
636717966459941,0,0.0,0
639843709046881,0,0.0,0
640424329456349,0,0.0,0
642046613689011,0,0.0,0
643192625188816,0,0.0,0
643412945302311,0,0.0,0
644344501149653,0,0.0,0
644520079037714,0,0.0,0
647145238957060,0,0.0,0
648377284593284,0,0.0,0
648657445577528,0,0.0,0
648725416350915,1,1.0,1
649960541551434,0,0.0,0
651015273165215,0,0.0,0
651991035898627,0,0.0,0
652492219377774,0,0.0,0
652543002837407,0,0.0,0
652911999164062,0,0.0,0
653345925940264,0,0.0,0
653482680305131,0,0.0,0
656406573028560,0,0.0,0
656873230260868,0,0.0,0
657023754281881,0,0.0,0
657550760216719,0,0.0,0
659092506176239,0,0.0,0
662500227695629,0,0.0,0
662841771806030,0,0.0,0
665349617226016,0,0.0,0
665943465856272,0,0.0,0
667838825314678,0,0.0,0
668309820075000,0,0.0,0
668749552516082,0,0.0,0
668819791421503,0,0.0,0
669358769891150,0,0.0,0
669737531826266,0,0.0,0
669982398413646,0,0.0,0
672863573028580,0,0.0,0
672866193461565,0,0.0,0
673691222448062,0,0.0,0
673807063669804,0,0.0,0
674963861850200,0,0.0,0
675663035446698,0,0.0,0
675847081569799,0,0.0,0
675911598782379,0,0.0,0
677393406389086,0,0.0,0
677430534911634,0,0.0,0
678592879152498,0,0.0,0
678676845785472,0,0.0,0
679006069312084,0,0.0,0
679056305002292,0,0.0,0
679063603515319,0,0.0,0
679261412746673,0,0.0,0
679913538549804,0,0.0,0
680366119329676,0,0.0,0
680847827214323,0,0.0,0
680851541950346,0,0.0,0
681131936299404,0,0.0,0
682619307198529,0,0.0,0
683041357749138,0,0.0,0
683042247948180,0,0.0,0
683116416276062,0,0.0,0
684827102772025,0,0.0,0
685309600693628,1,1.0,1
685387953465853,0,0.0,0
685654729153717,0,0.0,0
685703339681949,0,1.0,1
686302806674716,0,0.0,0
686515204317653,0,0.0,0
686628175903113,0,0.0,0
686632787395411,0,0.0,0
686705598599045,0,0.0,0
688564061211802,0,0.0,0
688681967165536,0,0.0,0
688759742004434,0,0.0,0
688821923624812,0,0.0,0
689355876027397,0,0.0,0
690104636084327,0,0.0,0
690281498598597,0,0.0,0
690912257826379,0,0.0,0
691367890958768,1,1.0,1
691447568038072,0,0.0,0
692763958578702,0,0.0,0
692832361502012,0,0.0,0
692894656168211,0,0.0,0
693153875374072,0,0.0,0
693561673742945,0,0.0,0
693566120045477,0,0.0,0
693692119682779,0,0.0,0
694725940915609,0,0.0,0
696312045018289,0,0.0,0
696316548452357,0,0.0,0
696988280484282,0,0.0,0
698848302171441,0,0.0,0
699003467473600,0,0.0,0
699182090103312,0,0.0,0
700324166808165,0,0.0,0
701942628177584,0,0.0,0
702165235117922,0,0.0,0
702239331463005,0,0.0,0
702682417632193,0,0.0,0
703555658326056,0,0.0,0
705820345598032,0,0.0,0
705881639975338,0,0.0,0
706731113312491,0,0.0,0
708531426127978,0,0.0,0
710533858383187,0,0.0,0
710535595968178,0,0.0,0
712148505473786,0,0.0,0
712515755441447,0,0.0,0
712941884377585,1,1.0,1
714080793978640,0,0.0,0
714625478505306,0,0.0,0
715102688382454,0,0.0,0
715908666779612,0,0.0,0
716711693099077,0,0.0,0
717097660812323,0,0.0,0
720210541673246,0,0.0,0
720770846822065,0,0.0,0
721636205862753,0,0.0,0
721643855771851,0,0.0,0
721645666951536,0,0.0,0
722269546252926,0,0.0,0
723298199584309,0,0.0,0
723446970496368,0,0.0,0
723546923410034,0,0.0,0
724574870719543,0,0.0,0
724669284950861,0,0.0,0
724949534843417,0,0.0,0
725021882042705,0,0.0,0
725023205700110,0,0.0,0
726280153335678,0,0.0,0
726508882474333,0,0.0,0
727070576626238,0,0.0,0
727656681998057,0,0.0,0
727992615988285,0,0.0,0
728213527584636,0,0.0,0
728791246150240,0,0.0,0
732246551911580,0,0.0,0
732302650667431,0,0.0,0
732526137540552,0,0.0,0
732703943014990,0,0.0,0
733147855595356,0,0.0,0
733404676323203,0,0.0,0
733410922189426,0,0.0,0
734299857632921,0,0.0,0
734988798132108,0,0.0,0
735991999989524,1,1.0,1
736117930880515,0,0.0,0
736176790547996,0,0.0,0
736954356457753,0,0.0,0
737556176041466,0,0.0,0
738233510442721,0,0.0,0
738303361377733,0,0.0,0
738469177427756,0,0.0,0
738898030266795,0,0.0,0
738899001410664,0,0.0,0
739767583837970,0,0.0,0
741305925065020,0,0.0,0
741914317759343,0,1.0,1
743444690008620,0,0.0,0
744134490371678,0,0.0,0
744338772439564,0,0.0,0
744804977338097,0,0.0,0
745151570936582,0,0.0,0
745232729076574,0,0.0,0
745330691770998,0,0.0,0
746385512921365,0,0.0,0
746753391640259,0,0.0,0
747537490137184,0,0.0,0
748127318826093,0,0.0,0
748231114201455,0,0.0,0
748237714364219,0,1.0,1
748722929623858,0,0.0,0
749291944543280,0,0.0,0
749913011599430,0,0.0,0
750192669754927,0,0.0,0
750695638359774,0,0.0,0
751042933042431,0,0.0,0
751132481910417,0,0.0,0
751195655231336,0,0.0,0
751314977405769,0,0.0,0
751571844715785,0,0.0,0
751822091013318,0,0.0,0
752276908933399,0,0.0,0
753527006778969,0,0.0,0
754441514488125,0,0.0,0
754540781987864,0,0.0,0
755478374501988,0,0.0,0
756485418533366,0,0.0,0
756992776119743,0,0.0,0
757047991401722,0,0.0,0
758704591570597,0,0.0,0
759845483773958,0,0.0,0
760318443250812,0,0.0,0
760321102367677,0,0.0,0
760443001242124,0,0.0,0
761094736388255,0,0.0,0
761479779938792,0,0.0,0
761971087241451,0,0.0,0
763680308092196,0,0.0,0
764575179020970,0,0.0,0
765765717957874,0,0.0,0
765768223813789,0,0.0,0
766661125997856,0,0.0,0
767017463077739,0,0.0,0
768775919018486,0,0.0,0
769847060748370,0,0.0,0
769968461064181,0,0.0,0
770262362908127,0,0.0,0
770538496862600,0,0.0,0
770804466114111,0,0.0,0
770806836714303,0,0.0,0
771493106033815,0,0.0,0
771496277251287,0,0.0,0
772080214900027,0,0.0,0
773528082928747,0,0.0,0
773580440077049,0,0.0,0
773747601957925,0,0.0,0
773860927332237,0,0.0,0
774186314746637,0,0.0,0
774313426531652,0,0.0,0
775099310781253,0,0.0,0
775359758475682,0,0.0,0
775794592113944,0,0.0,0
776377028621715,0,0.0,0
776628300930609,0,0.0,0
776690400529774,0,0.0,0
778180350350261,0,0.0,0
779031311827440,0,0.0,0
779619202944035,0,0.0,0
780993125647534,0,0.0,0
781410503363033,0,0.0,0
784718850780510,0,0.0,0
784724017556457,0,0.0,0
784747097079756,0,0.0,0
785974587106146,0,0.0,0
788484086736436,0,0.0,0
789170666225362,0,0.0,0
790538269383703,0,0.0,0
790894510685343,0,0.0,0
791793055683721,0,0.0,0
791796111239335,0,0.0,0
793299426671860,0,0.0,0
793747027002298,0,0.0,0
795092350331526,0,0.0,0
795267663267543,0,0.0,0
797381272122083,0,0.0,0
798700507383391,0,0.0,0
799914350923418,0,0.0,0
801313565972289,0,0.0,0
801585986836751,0,0.0,0
801883095945295,0,0.0,0
804061236416278,0,0.0,0
805466139482119,0,0.0,0
805598944005271,0,0.0,0
805612143077604,0,0.0,0
805858676003318,0,0.0,0
805862142031059,0,0.0,0
806254230297772,0,0.0,0
806806120460173,0,0.0,0
807218251033000,0,1.0,1
807219910415073,0,0.0,0
807647064130047,0,0.0,0
808078397133176,0,0.0,0
809080199181388,0,0.0,0
809565013467664,0,0.0,0
810636605492426,0,0.0,0
810642463543810,0,0.0,0
811102843638343,0,0.0,0
811916825923554,0,0.0,0
811919462847658,0,0.0,0
811924771867658,0,0.0,0
812350342519057,0,0.0,0
812356364126481,0,0.0,0
812574501388728,0,0.0,0
813390865967898,0,0.0,0
813609765962255,0,0.0,0
813962516144240,0,0.0,0
813970737714988,0,0.0,0
814768428820347,0,0.0,0
817146000552295,0,0.0,0
817255319736230,0,0.0,0
817332345992034,0,0.0,0
817956644879497,0,0.0,0
818298446952382,0,0.0,0
818965393901372,0,0.0,0
819166938392820,0,0.0,0
819725448170772,0,0.0,0
820274242801137,0,0.0,0
821522072075816,0,0.0,0
821525885902663,0,0.0,0
822797589582933,0,0.0,0
822852666747199,0,0.0,0
822893429466841,0,0.0,0
823060712464971,0,0.0,0
823376892714727,0,0.0,0
824338598340154,0,0.0,0
825063688284390,0,0.0,0
826087056924078,1,1.0,1
826678011900068,0,0.0,0
827720430341410,0,0.0,0
830864620014104,0,0.0,0
834050394731732,0,0.0,0
835433105363452,0,0.0,0
835701774625404,0,0.0,0
836522386239074,0,0.0,0
838420796181712,0,0.0,0
838656205290926,0,0.0,0
838657308603557,0,0.0,0
840119009973375,0,0.0,0
840800708242883,0,0.0,0
840887306869527,0,0.0,0
840888312635321,0,0.0,0
841365491981265,0,0.0,0
843368248783343,0,0.0,0
843864797325611,0,0.0,0
563243563143115,0,0.0,0
565094880852348,0,0.0,0
565095357289631,0,0.0,0
566453971500060,0,0.0,0
566889121656264,0,0.0,0
567219604966662,0,0.0,0
567340237877169,0,0.0,0
569278651169155,0,0.0,0
570160852417207,0,0.0,0
570409192529483,0,0.0,0
570822653768207,0,0.0,0
571047080953200,0,0.0,0
571113608292649,0,0.0,0
571221897574886,0,0.0,0
571386936765334,0,0.0,0
571533345734971,1,1.0,1
571934229139104,0,0.0,0
573817405833045,0,0.0,0
574303843174769,0,0.0,0
574556099202823,0,0.0,0
574873787766303,0,0.0,0
576364199749811,0,0.0,0
578115138632309,0,0.0,0
578792592282120,0,0.0,0
578859616411282,0,0.0,0
579759124767327,0,0.0,0
580347146814859,0,0.0,0
580686996343701,0,0.0,0
581895718863505,0,0.0,0
583314698926552,0,0.0,0
583426652594378,0,0.0,0
584635703026411,0,0.0,0
585168866269516,0,0.0,0
586282511356918,0,0.0,0
586382320030359,0,0.0,0
586605230918900,0,0.0,0
587739372303623,0,0.0,0
587936586632844,0,0.0,0
592366772747189,0,0.0,0
592583361379480,0,1.0,1
592654410907420,0,0.0,0
592658676829854,0,0.0,0
593086976083719,0,0.0,0
593150403128547,0,0.0,0
593889320751751,0,0.0,0
594468026486166,0,0.0,0
594765384920550,0,0.0,0
596672432574502,0,0.0,0
597122490885922,0,0.0,0
597541708989523,0,0.0,0
597547757127299,0,0.0,0
597549866281030,0,0.0,0
597744729560292,0,0.0,0
597967308556996,0,0.0,0
598054995240894,0,0.0,0
598969843517658,0,0.0,0
599710342728635,0,0.0,0
599935795706653,0,0.0,0
600389694662671,0,0.0,0
600721147903389,0,0.0,0
600762211746021,0,0.0,0
600854187653587,0,0.0,0
601068047293187,0,0.0,0
601520717403916,0,0.0,0
601566322542388,0,0.0,0
601751047878561,0,0.0,0
602678380506435,0,0.0,0
602685266112494,0,0.0,0
605031835201550,0,1.0,1
605577294415941,0,0.0,0
605929255823360,0,0.0,0
606038076591749,0,0.0,0
606046445577754,0,0.0,0
606119815161969,0,0.0,0
607544998264338,0,0.0,0
607546334084200,0,0.0,0
608446861881157,0,0.0,0
608450802440657,0,0.0,0
608559204090598,0,0.0,0
608564878134502,0,0.0,0
608805508956948,0,0.0,0
609429749802414,0,0.0,0
609527862347640,0,0.0,0
609666484966119,0,0.0,0
611076932880691,0,0.0,0
611253672784601,0,0.0,0
611298726838024,0,0.0,0
611306595659376,0,1.0,1
612111713227367,0,0.0,0
612587892711628,0,0.0,0
613001381626632,0,0.0,0
613710168678922,0,0.0,0
614548690875498,0,0.0,0
615038967848326,0,0.0,0
615078738387920,0,0.0,0
616306473566777,0,0.0,0
616603374547016,0,0.0,0
616668635885080,0,0.0,0
616719763401490,0,0.0,0
617685492005824,1,1.0,1
618524643305691,0,0.0,0
618528883168895,0,0.0,0
618541787957308,0,0.0,0
618930233780165,0,0.0,0
619550195510320,0,0.0,0
620286824348169,0,0.0,0
620289328072843,0,0.0,0
620960734266645,0,0.0,0
623232902110762,0,0.0,0
623510320177120,0,0.0,0
624083683531187,0,0.0,0
624150519458792,0,0.0,0
624409526640030,0,0.0,0
624620710273474,0,0.0,0
627307578387489,0,0.0,0
628790980754752,0,0.0,0
630006724136631,0,0.0,0
630960030857404,0,0.0,0
631563227966949,0,0.0,0
631811826245593,0,0.0,0
633448047503110,0,0.0,0
633766670363089,0,0.0,0
634797938634447,0,0.0,0
635732638290053,0,0.0,0
635732795751318,0,0.0,0
844680540636906,0,0.0,0
844683303347736,0,0.0,0
845079033372793,0,0.0,0
845831274546496,0,0.0,0
845832303653001,0,0.0,0
846122245365135,0,0.0,0
846151863864347,0,0.0,0
846226856215682,0,0.0,0
846344935014258,0,0.0,0
846455258626381,0,0.0,0
846513971186265,0,0.0,0
846613726912146,0,0.0,0
847174212568956,0,0.0,0
848358774528138,1,1.0,1
848464406625789,0,0.0,0
849141837542107,1,1.0,1
849214293870603,0,0.0,0
852342810949139,1,1.0,1
852425453717986,0,0.0,0
853313737257122,0,0.0,0
854264405159978,0,0.0,0
854264767180219,0,0.0,0
854297088557713,0,0.0,0
855770442116212,0,0.0,0
856344892512462,0,0.0,0
856552580139522,0,0.0,0
856732508481895,0,0.0,0
857867699688972,0,0.0,0
857930285422559,0,0.0,0
858137252309106,0,0.0,0
858706778395886,0,0.0,0
859056609667059,0,0.0,0
859335219225262,0,0.0,0
859478300217045,0,0.0,0
860431031516365,0,0.0,0
860576010403310,0,0.0,0
863037816063631,0,0.0,0
863862098296685,0,0.0,0
864499832759894,0,0.0,0
865304487324333,0,0.0,0
865359314895736,0,0.0,0
869008117558826,0,0.0,0
870006597649893,0,0.0,0
870080604048317,0,0.0,0
870509136898309,0,0.0,0
870510648883762,0,0.0,0
870919283550752,0,0.0,0
872568877920251,0,0.0,0
873186401146338,0,1.0,1
873191301439169,0,0.0,0
873415497142645,0,0.0,0
873423931264404,0,1.0,1
873868328810973,0,0.0,0
875256116869911,0,0.0,0
876633330525309,0,0.0,0
876804633492207,0,0.0,0
877668448041914,0,0.0,0
879283987040636,0,0.0,0
879353043063473,0,0.0,0
879680143715405,0,0.0,0
881808198225376,0,0.0,0
881914750244466,0,0.0,0
884014879455658,0,0.0,0
884019250772866,0,0.0,0
884519663098385,0,0.0,0
884684470712462,0,0.0,0
884943645997504,0,0.0,0
885037914220002,0,0.0,0
885119065261749,0,0.0,0
886886845691420,0,0.0,0
887697800581787,0,0.0,0
888413997537698,0,0.0,0
889380032941002,0,0.0,0
889599705897741,0,0.0,0
890394348715121,0,0.0,0
890466626187645,0,0.0,0
890857093201001,0,0.0,0
891346140428715,0,0.0,0
892305524871255,0,0.0,0
893710709617405,0,0.0,0
893813919337834,0,0.0,0
894144023078721,0,0.0,0
894465974866848,0,0.0,0
895507148295417,0,0.0,0
895508157407943,0,0.0,0
896404981672561,0,0.0,0
896405443650604,0,0.0,0
896412637121409,0,0.0,0
898799700457819,0,0.0,0
900491107336685,0,0.0,0
901642652524186,0,0.0,0
901745559971545,1,1.0,1
902170453087719,0,0.0,0
903594929659387,0,0.0,0
903898105460078,0,0.0,0
903903379108858,0,0.0,0
904950342644877,0,0.0,0
905415423037348,0,0.0,0
905420010991969,0,0.0,0
905456141004913,0,0.0,0
905674557109249,0,0.0,0
907057837669246,0,0.0,0
908187577128431,0,0.0,0
908305724989338,0,0.0,0
908481902280149,0,0.0,0
908487464068078,0,0.0,0
908522723955900,0,0.0,0
908622313301902,0,0.0,0
909096797511631,0,0.0,0
909165957206932,0,0.0,0
909207221735690,0,0.0,0
909562293059266,0,0.0,0
909749652830805,0,0.0,0
910379889502253,0,0.0,0
911699898202994,0,0.0,0
913636706692823,0,0.0,0
913738355596639,0,0.0,0
915456663200000,0,0.0,0
916203142954457,0,0.0,0
917192134616096,0,0.0,0
917195594632942,0,0.0,0
917761170298866,0,0.0,0
918096186037109,0,0.0,0
918191918864375,0,0.0,0
918195528793293,0,0.0,0
918316663513889,0,0.0,0
918438931978731,0,0.0,0
919890400330717,0,0.0,0
920067515202965,0,0.0,0
920464455437706,0,0.0,0
920569778860457,0,0.0,0
920654172664111,0,0.0,0
921243438317486,0,0.0,0
921243748359334,0,0.0,0
921246704040663,0,0.0,0
921668411135670,0,0.0,0
921734997115971,0,0.0,0
921901107471434,0,0.0,0
922963951337475,0,0.0,0
923001546247725,0,0.0,0
923419661828547,0,0.0,0
923475246000996,0,0.0,0
923479386595029,0,0.0,0
924353578526964,0,0.0,0
924411262015061,0,0.0,0
924710983041437,1,1.0,1
924937794907716,0,0.0,0
924996009730329,0,0.0,0
926241401443414,0,0.0,0
926242830249892,0,0.0,0
926270900246145,0,0.0,0
929028017965476,0,0.0,0
929081834003099,0,0.0,0
929469258868406,0,0.0,0
929856681212995,0,0.0,0
930775354996606,0,0.0,0
931076602609864,0,0.0,0
931132427669640,0,0.0,0
931587594856449,0,0.0,0
931682626619754,0,0.0,0
933740900010168,0,0.0,0
933914047628303,0,0.0,0
935601018768690,0,0.0,0
935764142561150,0,0.0,0
936310438982471,0,0.0,0
936660744588875,0,0.0,0
937388355769663,0,0.0,0
938701288780917,0,0.0,0
939217278806860,0,0.0,0
939305688773638,0,0.0,0
939309620814354,0,0.0,0
939596792342439,0,0.0,0
940078837506450,0,0.0,0
941789702705559,0,0.0,0
942254024098273,0,0.0,0
944719973285229,0,0.0,0
945360766152347,0,0.0,0
946008641828796,0,0.0,0
950780372207893,0,0.0,0
950983647777418,0,0.0,0
951103613508616,0,0.0,0
952397057907501,0,0.0,0
952525865855769,0,0.0,0
954461021544901,0,0.0,0
954557365492142,0,0.0,0
956269352813549,0,0.0,0
957924601817961,0,0.0,0
958586208462344,0,0.0,0
959356058516391,0,0.0,0
959544391958644,0,0.0,0
959760221245427,0,0.0,0
959762131771781,0,0.0,0
959925974236834,0,0.0,0
960332909698868,0,0.0,0
961532175662399,0,0.0,0
962343260019651,0,0.0,0
963404665706797,0,0.0,0
963952277366565,0,0.0,0
965197654396437,0,0.0,0
966400982137166,0,0.0,0
966402787670059,0,0.0,0
966807603864481,0,0.0,0
967046170486578,0,0.0,0
968374695293770,0,0.0,0
969140823734835,0,0.0,0
970140835561280,0,0.0,0
970929789953082,0,0.0,0
971057395895275,0,0.0,0
971254274103210,0,0.0,0
972363812385830,0,0.0,0
972812298139951,0,0.0,0
972812832419745,0,0.0,0
972843699889289,0,0.0,0
972903742406855,0,0.0,0
972937529444711,0,0.0,0
973450999783799,0,0.0,0
973887674513277,0,0.0,0
974492634775001,0,0.0,0
974971852272184,0,0.0,0
975542151730247,0,0.0,0
975615916126895,0,0.0,0
976104738962798,0,0.0,0
976163466709443,0,0.0,0
976218819432683,0,0.0,0
979143240629193,0,0.0,0
979744731996055,0,0.0,0
980373083093954,0,0.0,0
981304557971467,0,0.0,0
981823414319669,0,0.0,0
983302816798652,0,0.0,0
984202409756375,0,0.0,0
984265676773309,0,0.0,0
984509451722523,0,0.0,0
986876966773085,0,0.0,0
986985420727475,0,0.0,0
986994275224564,0,0.0,0
987521900485943,0,0.0,0
987952784666319,0,0.0,0
988002462459624,0,0.0,0
988172866685007,0,0.0,0
988430029919966,0,0.0,0
988602407819872,0,0.0,0
988633781488299,0,0.0,0
990625048629396,0,0.0,0
990955001660652,0,0.0,0
991377416396735,0,0.0,0
992574452511510,0,0.0,0
992691094964681,0,0.0,0
993436079614079,0,0.0,0
993686703249730,0,0.0,0
994386970351522,0,0.0,0
994704778821752,0,0.0,0
994766948498341,0,0.0,0
995115128208472,0,0.0,0
995120060316341,0,1.0,1
995639082533287,0,0.0,0
995786575473963,0,0.0,0
996578735287044,0,0.0,0
997952198821338,0,0.0,0
998336841946364,0,0.0,0
998550453183009,0,0.0,0
999053935196163,0,0.0,0
1000713728054149,0,0.0,0
1000753920969157,0,0.0,0
1000909701795301,0,0.0,0
1001126372422930,0,0.0,0
1001440636220716,0,0.0,0
1001446098107663,0,0.0,0
1001446639947832,0,0.0,0
1001737959635484,0,0.0,0
1002234488388163,0,0.0,0
1002548626742978,0,0.0,0
1003080663368792,0,0.0,0
1003687405177553,0,0.0,0
1004387652942360,0,0.0,0
1005965211044812,0,0.0,0
1006088811901943,0,0.0,0
1006589848314958,0,0.0,0
1007273887156579,0,0.0,0
1007507460460621,0,0.0,0
1008269394645764,0,0.0,0
1008337688945737,0,0.0,0
1008448779366541,0,0.0,0
1010815711091399,0,0.0,0
1011093990961334,0,0.0,0
1011219829343931,0,0.0,0
1011626907399596,0,0.0,0
1012947934980608,0,0.0,0
1013003854222707,0,0.0,0
1013208951732913,0,0.0,0
1013633290813607,0,0.0,0
1014008941664288,0,0.0,0
1014331575578366,1,1.0,1
1016365648812033,0,0.0,0
1016985008750733,1,1.0,1
1017678401401307,0,0.0,0
1018223838357129,0,0.0,0
1018967872389529,0,0.0,0
1020488351250626,0,0.0,0
1022617873097837,0,1.0,1
1023128034736683,0,0.0,0
1023627180156390,0,0.0,0
1023975325571461,0,0.0,0
1024519221655880,0,0.0,0
1025040123969572,0,0.0,0
1025809813148869,0,0.0,0
1026255004846520,0,0.0,0
1026693061332244,0,0.0,0
1027544817345600,0,0.0,0
1027990733530927,0,0.0,0
1028598840803376,1,1.0,1
1028824153261506,0,0.0,0
1029450163879134,1,1.0,1
1030186242319604,0,0.0,0
1031332445334153,0,0.0,0
1031614414637494,0,0.0,0
1031679814043748,0,0.0,0
1031866653077812,0,0.0,0
1033326291084512,0,0.0,0
1033808654282871,0,0.0,0
1034028985359279,0,0.0,0
1034034740122400,0,0.0,0
1036743708327682,0,0.0,0
1036859320749920,0,0.0,0
1036920730727725,0,0.0,0
1037524131592239,0,0.0,0
1037588733242942,0,0.0,0
1037984087296575,0,0.0,0
1038357800651587,0,0.0,0
1039870735823698,0,0.0,0
1039928388020164,0,0.0,0
1040849360725529,0,0.0,0
1041200892267534,0,0.0,0
1041604489682434,0,0.0,0
1042073887926359,0,0.0,0
1042888042707755,0,0.0,0
1042917172710715,0,0.0,0
1043196698351944,0,0.0,0
1043365809871809,0,0.0,0
1044177057246981,0,0.0,0
1044207065118639,0,0.0,0
1044465249258563,0,0.0,0
1044474679724690,0,0.0,0
1048286372848776,0,0.0,0
1048886432726748,0,0.0,0
1049090860001400,0,0.0,0
1049095763848507,0,0.0,0
1049381073368001,0,0.0,0
1049381140081525,0,0.0,0
1049533357285169,0,0.0,0
1049607884969071,0,0.0,0
1050534379490050,0,0.0,0
1050611102479567,0,0.0,0
1050651355955131,0,0.0,0
1050653576073532,0,0.0,0
1050896146003855,0,0.0,0
1050956455423602,0,0.0,0
1052309416986285,0,0.0,0
1053001801562358,0,0.0,0
1053781779632930,0,0.0,0
1054771491297401,0,0.0,0
1054774348730343,1,1.0,1
1056528189490767,0,0.0,0
1056528367648872,0,0.0,0
1056705328629263,0,0.0,0
1057615200231601,0,0.0,0
1057928063384030,0,0.0,0
1057930811008649,0,0.0,0
1058288045239881,0,0.0,0
1062776326451990,0,0.0,0
1063055432978461,0,0.0,0
1063863930867159,0,0.0,0
1064097558118293,0,0.0,0
1065279440239218,0,0.0,0
1067368136530173,0,0.0,0
1067971837362682,0,0.0,0
1069937638473141,0,0.0,0
1071759830915029,0,0.0,0
1073252526425621,0,0.0,0
1073332818426808,0,0.0,0
1073396366313515,0,0.0,0
1073527643801917,0,0.0,0
1074201884523687,0,0.0,0
1074332435554447,0,0.0,0
1074337686588804,0,0.0,0
1074843206960440,0,0.0,0
1074898254514717,0,0.0,0
1075331643625760,0,0.0,0
1075396821109317,0,0.0,0
1075650700512371,0,0.0,0
1075745454952585,0,0.0,0
1075820901268079,0,0.0,0
1075821914252994,0,0.0,0
1076222352640716,0,0.0,0
1076224562729155,0,0.0,0
1076231293911280,0,0.0,0
1076355212863232,0,0.0,0
1076882722593177,0,0.0,0
1078741157837109,0,0.0,0
1079354023511239,0,0.0,0
1079366593281883,0,0.0,0
1079773081764699,0,0.0,0
1080269660371035,0,0.0,0
1080274311613845,0,0.0,0
1080331825423563,0,0.0,0
1080399215762485,0,0.0,0
1082797757074479,0,0.0,0
1082894347603045,0,0.0,0
1083866992670970,0,0.0,0
1084872655462439,0,0.0,0
1085246708757503,0,0.0,0
1086295456001250,0,0.0,0
1086498882517665,0,0.0,0
1086754381410712,0,0.0,0
1086886800321725,0,0.0,0
1087572108311334,0,0.0,0
1087575480404379,0,0.0,0
1087630608791387,0,0.0,0
1087637898525569,0,0.0,0
1087667392112058,1,1.0,1
1088192451206121,0,0.0,0
1088528380244031,0,0.0,0
1088529312862255,0,0.0,0
1088889086156779,0,0.0,0
1088956774796329,0,0.0,0
1089493729218367,1,1.0,1
1089677077512365,0,0.0,0
1092514085585241,0,0.0,0
1093408846860724,0,0.0,0
1093452848363385,0,0.0,0
1093454266544568,0,0.0,0
1093661289153755,0,0.0,0
1093866321945760,0,0.0,0
1094769460163881,0,0.0,0
1094840997474860,0,0.0,0
1096207861190360,0,0.0,0
1097273370811905,0,0.0,0
1097395052421347,0,0.0,0
1097802658395942,0,0.0,0
1099021495375185,0,0.0,0
1099152584465818,0,0.0,0
1099459825301452,0,0.0,0
1100831090416573,0,0.0,0
1102111120719796,1,1.0,1
1103482344515255,0,0.0,0
1103879005590718,0,0.0,0
1103885702235882,0,0.0,0
1103890679023448,0,0.0,0
1106353541441662,0,0.0,0
1106572480111601,0,0.0,0
1106831048118479,0,0.0,0
1109866892529117,0,0.0,0
1110081943319437,0,0.0,0
1111238032228064,0,0.0,0
1111856710047732,0,0.0,0
1111914113640346,0,0.0,0
1112702020596609,0,0.0,0
1113251707676301,1,1.0,1
1113488169373017,0,0.0,0
1113914158664922,0,0.0,0
1114682988947511,1,1.0,1
1114686452876210,0,0.0,0
1114778286071184,0,0.0,0
1114781103407674,1,1.0,1
1115578099996047,0,0.0,0
1116369005054398,0,0.0,0
1116849044514453,0,0.0,0
1117047388231530,0,0.0,0
1117050848635193,0,0.0,0
1117321636029597,0,0.0,0
1117732950699400,0,0.0,0
1117882717178868,0,0.0,0
1118204833456865,0,0.0,0
1118290856523483,0,0.0,0
1118299272959862,0,0.0,0
1118795728826069,1,1.0,1
1119610635052995,0,0.0,0
1120999373325930,0,0.0,0
1121006531576691,0,0.0,0
1121472228002098,0,0.0,0
1121502420167101,0,0.0,0
1123790593191905,0,0.0,0
845211774764264,0,0.0,0
846090202021774,0,0.0,0
846728561923890,0,0.0,0
847086521521837,0,0.0,0
847888414997876,0,0.0,0
848491057028243,0,0.0,0
848573968786253,0,0.0,0
849766078965170,0,0.0,0
850712151761712,0,0.0,0
850785430783591,0,0.0,0
850932861439472,0,0.0,0
851641818900956,0,0.0,0
853731253263656,0,0.0,0
853841877790637,0,0.0,0
853895849160507,0,0.0,0
854049272769675,0,0.0,0
854364444999084,0,0.0,0
854518956014250,0,0.0,0
854566383630297,0,0.0,0
854997374298767,0,0.0,0
855523849230241,0,0.0,0
855644145173165,0,0.0,0
856161702925717,0,0.0,0
856809958062066,0,0.0,0
857236323205461,0,0.0,0
858095625178720,0,0.0,0
859177511120690,0,0.0,0
859545210057145,0,0.0,0
859702761740724,0,0.0,0
861507678260450,0,0.0,0
862347001883591,0,0.0,0
863890179142915,0,0.0,0
863892547362066,0,0.0,0
865187213434821,0,0.0,0
865266428026807,0,0.0,0
865378143085385,0,0.0,0
865660467947668,0,0.0,0
865821312692827,1,1.0,1
866096409020637,0,0.0,0
868172560681215,0,0.0,0
868913615246363,0,0.0,0
869194156473105,0,0.0,0
869197267608668,0,0.0,0
869202482565323,0,0.0,0
869968082100885,0,0.0,0
870372971530004,0,0.0,0
871615459514361,0,0.0,0
871618333740704,0,0.0,0
871620160405774,0,0.0,0
873020486398043,0,0.0,0
873054039856508,1,1.0,1
873222449826074,0,0.0,0
873937276149830,0,0.0,0
874258933636471,0,0.0,0
874642665685762,0,0.0,0
874642921937073,0,0.0,0
876380532728112,0,0.0,0
877546477009878,0,0.0,0
878884460038274,1,1.0,1
880387335607563,0,0.0,0
880447337121101,0,0.0,0
880872085626412,0,0.0,0
881554209297298,0,0.0,0
882370175136087,0,0.0,0
882667876061718,0,0.0,0
882825707978893,0,0.0,0
884037904758550,0,0.0,0
884153531747467,0,0.0,0
884840813370528,0,0.0,0
885854229408220,0,0.0,0
888068999621496,0,0.0,0
889619743122064,0,0.0,0
892424173932229,0,0.0,0
892481298325995,0,0.0,0
893445528850831,0,0.0,0
893505731551877,0,0.0,0
894802261822999,0,0.0,0
895501847684385,0,0.0,0
896891727473086,0,0.0,0
897156617233564,0,0.0,0
897162308941632,0,0.0,0
898221256203158,0,0.0,0
898721356098880,0,0.0,0
898937435889017,0,0.0,0
899590427569389,0,0.0,0
899894922710938,0,0.0,0
901339406388288,0,0.0,0
903418323244950,1,1.0,1
905090269847224,0,0.0,0
909834923122177,0,1.0,1
910672995551735,0,0.0,0
910953656577569,0,0.0,0
911079213736957,0,0.0,0
911832823414199,0,0.0,0
912586268709940,0,0.0,0
913200409054797,1,1.0,1
913205149955597,0,0.0,0
913353682517124,0,0.0,0
913922419746322,0,0.0,0
914267998407393,0,0.0,0
914568292162852,0,0.0,0
918855125271747,0,0.0,0
918859316461403,0,0.0,0
920024003369568,0,0.0,0
921347763070846,0,0.0,0
921414204262321,0,0.0,0
921519468559064,0,0.0,0
923992435984298,0,0.0,0
925890350891127,0,0.0,0
926007579428943,0,0.0,0
926162651237267,0,0.0,0
927556282440272,0,0.0,0
929163854835181,0,0.0,0
929697227779478,0,0.0,0
930472879082732,0,0.0,0
930503377697573,0,0.0,0
930505058931860,0,0.0,0
930812125071569,0,0.0,0
931002622620069,0,0.0,0
931358483308958,0,0.0,0
932381275891975,0,0.0,0
933164805746985,0,0.0,0
933470062682929,0,0.0,0
934364318347589,0,0.0,0
934934405197967,0,0.0,0
935033355392672,0,0.0,0
936002759675789,0,0.0,0
936287077687474,0,0.0,0
936839016206538,0,0.0,0
937022485510094,0,0.0,0
937319276619940,0,0.0,0
937320276290093,0,0.0,0
937501982862000,0,0.0,0
937599421202946,0,0.0,0
938327865253206,0,0.0,0
938388196381773,0,0.0,0
938811372466994,0,0.0,0
938987116905629,0,0.0,0
939837289498945,0,0.0,0
940596962129367,0,0.0,0
940837124416893,0,0.0,0
941133985007703,0,0.0,0
941181115148059,1,1.0,1
941932105018104,0,0.0,0
942367168809459,0,0.0,0
943684824673744,0,0.0,0
944725583119189,0,0.0,0
945385603150346,0,0.0,0
945844420905526,0,0.0,0
946243753679084,0,0.0,0
946566334205281,0,0.0,0
946745489777395,0,0.0,0
947905288780700,0,0.0,0
948816643402993,0,0.0,0
950200084649420,0,0.0,0
950435074997605,0,1.0,1
950745520831456,0,0.0,0
950982040914078,0,0.0,0
951082232207094,0,0.0,0
951082272916473,0,0.0,0
951635989911611,1,1.0,1
951646245301746,1,1.0,1
951904606021279,0,0.0,0
953043299417865,0,0.0,0
953043494363263,0,0.0,0
953420744135800,0,0.0,0
953422551116670,0,0.0,0
953907486386157,0,0.0,0
954085505195709,0,0.0,0
954230755143247,0,0.0,0
954632929543089,0,0.0,0
954702413117854,0,0.0,0
954959504541218,0,0.0,0
955243641099456,0,0.0,0
955443301649619,0,0.0,0
958111507760693,0,0.0,0
959670852886363,0,0.0,0
959854044136535,0,0.0,0
959860246508990,0,0.0,0
961252039098820,0,0.0,0
961256081361503,0,0.0,0
962146302771174,0,0.0,0
962149069730712,0,1.0,1
962285423757810,0,0.0,0
962754948731002,0,0.0,0
964141853318723,0,0.0,0
964520880714523,0,0.0,0
965167939578522,0,0.0,0
965567331864191,0,0.0,0
965978995291839,0,0.0,0
966013358225390,0,0.0,0
966296288548305,0,0.0,0
966351375421041,0,0.0,0
966640723531803,0,0.0,0
966848991379092,0,0.0,0
968107025930985,0,0.0,0
968137270549522,0,0.0,0
969201680349067,0,0.0,0
971250985356106,0,0.0,0
972131313860633,0,0.0,0
972304362457351,0,0.0,0
973608179994102,0,0.0,0
974125641713543,0,0.0,0
974132201229621,0,0.0,0
974197551043484,0,0.0,0
975036525049101,0,0.0,0
975803601643283,0,0.0,0
975831507056589,0,0.0,0
975965277554266,0,0.0,0
976512587081630,0,0.0,0
977587186037973,0,0.0,0
978590755551619,0,0.0,0
979926098774302,0,0.0,0
980112670743680,0,0.0,0
982250400903758,0,0.0,0
983565279174099,0,0.0,0
985930290876039,0,0.0,0
986145971343230,0,0.0,0
986887307475922,0,0.0,0
987020780717357,0,0.0,0
987058621893048,0,0.0,0
987152424694852,0,0.0,0
988210506470662,0,0.0,0
988212280591611,0,0.0,0
989450407206606,0,0.0,0
989718916238717,0,0.0,0
989731716510818,0,0.0,0
990767115539431,0,0.0,0
991202027919493,0,0.0,0
991465582744500,0,0.0,0
991853761777892,0,0.0,0
992102373192276,0,0.0,0
992110281837714,0,0.0,0
993471072528268,0,0.0,0
993535267226361,0,0.0,0
993674916302233,0,0.0,0
994987393554203,0,0.0,0
994987661371362,0,0.0,0
996811962494378,0,0.0,0
996865074723859,0,0.0,0
997105760422805,0,0.0,0
998984530835411,0,0.0,0
998987684080225,0,0.0,0
999480689150998,0,0.0,0
1000006725205568,0,0.0,0
1000008111725566,0,0.0,0
1000013338976725,0,0.0,0
1000092284121083,0,0.0,0
1000162891049233,0,0.0,0
1000172990190456,0,0.0,0
1000366714835649,0,0.0,0
1000373729539707,0,0.0,0
1002551062306478,0,0.0,0
1002552708879692,0,0.0,0
1003425594969578,0,0.0,0
1004256691433482,0,0.0,0
1006544361764635,0,0.0,0
1009920246382859,0,0.0,0
1009922391205461,0,0.0,0
1010297130417116,0,0.0,0
1010929287988142,0,0.0,0
1011000457113423,0,0.0,0
1011062322654314,0,0.0,0
1012285811539818,0,1.0,1
1012893641331869,0,0.0,0
1015847563161797,0,0.0,0
1017061675185180,0,0.0,0
1018696000409253,0,0.0,0
1018773071800287,0,0.0,0
1019939652441255,0,0.0,0
1021211528721698,0,0.0,0
1021215718481008,0,0.0,0
1021328612961298,0,0.0,0
1021844500037051,0,0.0,0
1022363062356873,0,0.0,0
1022892061605528,0,0.0,0
1024629538391714,0,0.0,0
1025668636260390,0,0.0,0
1025831027125751,0,0.0,0
1025869732392638,0,0.0,0
1027801115549365,0,0.0,0
1027890381545871,0,0.0,0
1029797229439911,0,0.0,0
1029798836015481,0,0.0,0
1030013882371034,0,0.0,0
1031014327371117,0,0.0,0
1033560290096868,0,0.0,0
1033611432719183,1,1.0,1
1035289624766859,0,0.0,0
1035349329144748,0,0.0,0
1035353469634995,0,0.0,0
1035487057465005,0,0.0,0
1036235755220397,0,0.0,0
1036353565360236,0,0.0,0
1036768780200666,0,0.0,0
1037724712508537,0,0.0,0
1037857548370533,0,0.0,0
1037859918146358,0,0.0,0
1037862168925699,0,0.0,0
1038922865061511,0,0.0,0
1039088814852036,0,0.0,0
1039138093520479,0,0.0,0
1039960542248244,0,0.0,0
1040780760284721,0,0.0,0
1042146016247158,0,0.0,0
1042692450172124,0,0.0,0
1043438816888737,0,0.0,0
1043443760725300,0,0.0,0
1044962372540192,0,0.0,0
1046094660797638,0,0.0,0
1046247698378458,0,0.0,0
1046801545210914,0,0.0,0
1046881912962969,1,1.0,1
1047309066257230,0,0.0,0
1047802173102628,0,0.0,0
1048780997375737,0,0.0,0
1050748625613285,0,0.0,0
1050751429267695,0,0.0,0
1051006122907495,0,0.0,0
1051780572500552,0,0.0,0
1052053802438956,0,0.0,0
1052106682538401,0,0.0,0
1052653696179768,0,0.0,0
1052662867509911,0,0.0,0
1052668842520223,0,0.0,0
1052767990428611,0,0.0,0
1053062217996889,0,0.0,0
1053105807321019,0,0.0,0
1053753360466032,0,0.0,0
1057549257246546,0,0.0,0
1057825710212802,0,0.0,0
1059082423375177,0,0.0,0
1059731643458122,0,1.0,1
1060631206175151,0,0.0,0
1063735825032078,0,0.0,0
1064004878235871,0,1.0,1
1064198985371671,0,0.0,0
1064201373544962,0,0.0,0
1064986652811949,0,0.0,0
1065518824379565,0,0.0,0
1065592746654982,0,0.0,0
1065762565460726,0,0.0,0
1066724310945216,0,0.0,0
1067295833383655,0,0.0,0
1068838963760692,0,0.0,0
1069692025510594,0,0.0,0
1070484968241633,0,0.0,0
1070584733620450,0,0.0,0
1071712053349956,0,0.0,0
1072403261811638,0,0.0,0
1073202853578756,0,0.0,0
1073254968598234,0,0.0,0
1073783332816035,0,0.0,0
1073825991138246,0,0.0,0
1073837608080475,0,0.0,0
1074023420341212,0,0.0,0
1074590852735789,0,0.0,0
1077097551999724,0,0.0,0
1077498470677392,0,0.0,0
1077557957875903,0,0.0,0
1078662705392607,0,0.0,0
1079874538530707,0,0.0,0
1080452975951663,0,0.0,0
1080591661022113,0,0.0,0
1080592265211304,0,0.0,0
1081145427506905,0,0.0,0
1085023901918413,0,0.0,0
1085026560484145,0,0.0,0
1085142301863215,0,0.0,0
1086401174442972,0,0.0,0
1087301037141751,0,0.0,0
1087593267960012,0,0.0,0
1089314964910359,0,0.0,0
1089705560125743,0,0.0,0
1089850968461163,0,0.0,0
1091689622555461,0,0.0,0
1091953274659108,0,1.0,1
1093093996403717,0,0.0,0
1093099186547285,0,0.0,0
1094698415500843,0,0.0,0
1094760735878050,0,0.0,0
1095691238660771,0,0.0,0
1095696290861798,0,0.0,0
1095697512596257,0,0.0,0
1095778008534612,0,0.0,0
1096805930374608,0,0.0,0
1097957411224594,0,0.0,0
1098233928069060,0,0.0,0
1098484867367779,0,0.0,0
1098750328069668,0,0.0,0
1100058555606211,0,0.0,0
1100538653578139,0,0.0,0
1100994052476058,0,0.0,0
1101469439753954,0,0.0,0
1102255369587775,0,0.0,0
1102255380808809,0,0.0,0
1102411825487336,0,0.0,0
1102826813956859,0,0.0,0
1103415285385800,0,0.0,0
1103965003039775,0,0.0,0
1104347549756972,0,0.0,0
1104446246416783,0,0.0,0
1105875208527245,0,0.0,0
1106307184630135,0,0.0,0
1106370348167173,0,0.0,0
1106861143153432,0,0.0,0
1107936097857147,0,0.0,0
1108007743147251,0,0.0,0
1110373626820613,0,0.0,0
1110473638880746,0,0.0,0
1110475800046243,0,0.0,0
1110575538871398,0,0.0,0
1111350968219881,0,0.0,0
1111567317951409,0,0.0,0
1113653426225378,0,0.0,0
1113678721195548,0,0.0,0
1113685732701879,0,0.0,0
1114276363082877,0,0.0,0
1114830694733399,0,0.0,0
1115505223042211,0,0.0,0
1115940923849881,0,0.0,0
1116166243404381,0,0.0,0
1118372727439795,0,0.0,0
1119538768878417,0,0.0,0
1119648776900601,0,0.0,0
1122610526716899,0,0.0,0
1123310044837741,0,0.0,0
1124254845495047,0,0.0,0
1124256732581522,0,0.0,0
1124263145681336,0,0.0,0
1124982730934685,0,0.0,0
845283487643386,0,0.0,0
845556498332798,1,1.0,1
847291294590999,0,0.0,0
852874641835864,0,0.0,0
855499847196496,0,0.0,0
855501421345607,0,0.0,0
856563120042510,0,0.0,0
856814293830679,0,0.0,0
857378164987261,0,0.0,0
857409150212496,0,0.0,0
858254042639723,0,0.0,0
858616843265751,0,0.0,0
858617799934235,0,0.0,0
859506237017402,0,0.0,0
861539371220871,0,0.0,0
862651023309906,0,0.0,0
862854464439167,0,0.0,0
865222105572077,0,0.0,0
865695053473069,0,0.0,0
865696770589274,0,0.0,0
866372507234430,0,0.0,0
866374512681821,0,0.0,0
866376697749943,0,0.0,0
868125315639415,0,0.0,0
868130534130836,0,0.0,0
871188885646587,0,0.0,0
871302177650854,0,0.0,0
873013986636382,0,0.0,0
875162776851205,0,0.0,0
876994588605739,0,0.0,0
877405563329967,0,0.0,0
877845006515679,0,0.0,0
882364588495649,0,0.0,0
883005062232420,0,0.0,0
885496134173659,0,0.0,0
886135610535305,0,0.0,0
886265814100720,0,0.0,0
886580006183048,0,0.0,0
887434269407073,0,0.0,0
887436290588371,0,0.0,0
888256677795638,0,0.0,0
889818045809327,0,0.0,0
889909063862440,1,1.0,1
890012498820607,0,0.0,0
890211230939672,0,0.0,0
890408946533536,0,0.0,0
891644320016457,0,0.0,0
891648066671934,0,0.0,0
892248864121170,0,0.0,0
892637924407574,0,0.0,0
893330904557053,0,0.0,0
893448084665329,0,0.0,0
893823389075203,0,0.0,0
894472669498731,0,0.0,0
894900523350694,0,0.0,0
894949753600304,0,0.0,0
895608857830547,0,0.0,0
897633820423031,0,0.0,0
898025738921143,0,0.0,0
898558539664482,0,0.0,0
898652000502167,0,0.0,0
899408145814078,0,0.0,0
899886941180218,0,0.0,0
900588084931425,0,0.0,0
901331100704420,0,0.0,0
901597071923359,0,0.0,0
901875476955962,0,0.0,0
901966202955224,0,0.0,0
902195573160571,0,0.0,0
902621857618469,0,0.0,0
903360156550476,0,0.0,0
905193745518817,0,0.0,0
906458391731963,0,0.0,0
906912907552919,0,0.0,0
907527272338567,0,0.0,0
907534243950762,0,0.0,0
908463719335682,0,0.0,0
909012585759309,0,0.0,0
911108786850690,0,0.0,0
911606299666864,0,0.0,0
911700097630754,0,0.0,0
911813107192360,0,0.0,0
912036751526192,0,0.0,0
912413298651285,0,0.0,0
912968487717181,0,0.0,0
913405216626163,0,0.0,0
913908523046521,0,0.0,0
914835591759160,0,0.0,0
915812855325090,0,0.0,0
916469778660352,0,0.0,0
916542536914575,0,0.0,0
916566694259268,0,0.0,0
918871381530344,0,0.0,0
919504334726376,0,0.0,0
919539427191743,0,1.0,1
919786750261081,0,0.0,0
919956666045723,0,0.0,0
919961877559964,0,0.0,0
920189219775673,0,0.0,0
921428874616738,0,0.0,0
926810314186426,0,0.0,0
926811226249240,0,0.0,0
926816693998478,0,0.0,0
927993211387274,0,0.0,0
929420459688458,0,0.0,0
931235825871017,0,0.0,0
931855711626418,0,0.0,0
934137367983708,0,0.0,0
934402896718720,0,0.0,0
934475074953579,0,0.0,0
934555612496618,0,0.0,0
935782749866928,0,0.0,0
936286774705348,0,1.0,1
936290160695501,0,0.0,0
936290591249254,0,0.0,0
936297738515890,0,0.0,0
936747807702037,0,0.0,0
936833968671065,0,0.0,0
938663356935008,0,0.0,0
938906708544521,0,0.0,0
938988219590655,0,0.0,0
938992386269509,0,0.0,0
939200069790908,0,0.0,0
940514019260367,0,0.0,0
940532339015528,0,0.0,0
941659309938837,0,0.0,0
944271237713006,0,0.0,0
944348177131205,0,0.0,0
944647403392799,0,0.0,0
945403157833839,0,0.0,0
946112017846233,0,0.0,0
946506346698767,0,0.0,0
946786672902603,0,0.0,0
947486942902721,0,0.0,0
947577083237305,0,0.0,0
948151483158695,0,0.0,0
948753100544060,0,0.0,0
950680800124222,0,0.0,0
950750091178118,0,0.0,0
950801376581250,0,1.0,1
951163295266756,0,0.0,0
952137566585402,0,0.0,0
954567982108406,0,0.0,0
956236710630914,0,0.0,0
956918611761417,0,0.0,0
956948032313379,0,0.0,0
957616028663211,0,0.0,0
959437653672480,0,0.0,0
959439961419867,0,0.0,0
959519047261963,0,0.0,0
960510131354850,0,0.0,0
962982366685864,0,0.0,0
964014481713175,0,0.0,0
964160778993693,0,0.0,0
965385472568614,0,1.0,1
965398079556976,0,0.0,0
966261061707259,0,0.0,0
972033236870156,0,0.0,0
972947650903858,0,1.0,1
973056704710878,0,0.0,0
973059835834250,0,0.0,0
973405327062763,0,0.0,0
973762985436718,0,0.0,0
973970715130847,0,0.0,0
974967507247506,1,1.0,1
975194238019683,0,0.0,0
975864118643722,0,0.0,0
977460999766402,0,0.0,0
977512502841629,0,0.0,0
977754874901433,0,0.0,0
977759538811139,0,0.0,0
979105418909844,0,0.0,0
979741496383461,0,0.0,0
980053756953690,0,0.0,0
980951773368211,0,0.0,0
981145951483211,0,0.0,0
981825169207748,0,0.0,0
982529017649113,0,0.0,0
982772285726068,0,0.0,0
983343493690450,0,0.0,0
983344489587825,0,0.0,0
983345832431552,0,0.0,0
984116824250875,0,0.0,0
984127053317113,0,0.0,0
985008988996698,0,0.0,0
985051050588307,0,0.0,0
985257359214730,0,0.0,0
985361737321583,0,0.0,0
985427254237986,0,0.0,0
985431358617269,1,1.0,1
985462607857332,0,0.0,0
986363897295033,1,1.0,1
986691115197237,0,0.0,0
987723578108422,0,0.0,0
987848519467416,0,0.0,0
987858725538431,0,0.0,0
987929529746532,0,0.0,0
988080258900495,0,0.0,0
988519197083971,0,0.0,0
989755356482925,0,0.0,0
989935570332466,0,0.0,0
989942845623098,0,0.0,0
990210799537910,0,0.0,0
990407053605879,0,0.0,0
990793651494238,0,0.0,0
991046359023408,0,0.0,0
993010661720807,0,0.0,0
993119402782547,0,0.0,0
993426218466879,1,1.0,1
995285060377379,0,0.0,0
995736453618765,0,0.0,0
995881234620471,0,0.0,0
996927648935714,0,0.0,0
997306682678252,0,0.0,0
998525387487918,0,0.0,0
998529607863123,0,0.0,0
999168151537483,0,0.0,0
999963153314660,0,0.0,0
1000535475444266,0,0.0,0
1000971257852796,1,1.0,1
1001757205926124,0,0.0,0
1001769571675623,0,0.0,0
1002626140067154,0,0.0,0
1002955608970527,0,0.0,0
1004386175620995,0,0.0,0
1005344375254033,1,1.0,1
1005475983054213,0,0.0,0
1005960640094913,0,0.0,0
1005999339599076,0,0.0,0
1006329453383386,0,0.0,0
1006573086382929,0,0.0,0
1006703316612414,0,0.0,0
1006756953707105,0,0.0,0
1007182875418673,0,0.0,0
1007415885247372,0,0.0,0
1007630711584602,0,0.0,0
1007766347958851,0,0.0,0
1010006664995739,0,0.0,0
1010489383459454,1,1.0,1
1010684121348480,0,0.0,0
1012427439886393,0,0.0,0
1012882965162688,0,0.0,0
1013523758722016,0,0.0,0
1013888255363619,0,0.0,0
1014303329228409,0,0.0,0
1014832832215361,0,0.0,0
1015272389167341,0,0.0,0
1015324676173136,0,0.0,0
1015329114327032,0,0.0,0
1015398256964703,0,0.0,0
1015725545007528,0,0.0,0
1016293785163157,0,0.0,0
1018293555548730,0,0.0,0
1019990998435299,0,0.0,0
1023829846386871,0,0.0,0
1023860464392660,0,0.0,0
1023864890463303,0,0.0,0
1023901372382745,0,0.0,0
1024031012188442,0,0.0,0
1024147272907958,0,0.0,0
1024318212013332,0,0.0,0
1025739397422608,0,0.0,0
1026890271322134,0,0.0,0
1027635993179800,0,0.0,0
1028552497457253,0,0.0,0
1029560298332318,0,0.0,0
1029910503261359,0,0.0,0
1030140998353439,0,0.0,0
1032136631654193,0,0.0,0
1032526873325194,0,0.0,0
1034998534665234,0,0.0,0
1035715684178024,0,0.0,0
1036849161203639,0,0.0,0
1037845180328221,0,0.0,0
1039836743749491,0,0.0,0
1039904107185319,0,0.0,0
1040164040374154,0,0.0,0
1043666330980461,0,0.0,0
1043810373440503,0,0.0,0
1044317596176195,0,0.0,0
1044449042255674,0,0.0,0
1044661251379060,0,0.0,0
1045062019719637,0,0.0,0
1045902370222726,0,0.0,0
1045908811774656,0,0.0,0
1046867965801120,0,0.0,0
1047397252267276,0,0.0,0
1049047609700612,0,0.0,0
1050310063066242,0,0.0,0
1051009750353941,0,0.0,0
1051010672993099,0,0.0,0
1051274529812956,0,0.0,0
1052671441300732,0,0.0,0
1054452093653506,0,0.0,0
1056375777270148,0,0.0,0
1056621484307085,0,0.0,0
1056798086332141,1,1.0,1
1057132147375598,0,0.0,0
1057185858412800,0,0.0,0
1059069636452833,0,0.0,0
1059308906216481,0,0.0,0
1059823731752060,0,0.0,0
1063944045744866,0,0.0,0
1065917161402460,0,0.0,0
1065988177332225,0,0.0,0
1066174202400274,0,0.0,0
1068171550382756,0,0.0,0
1068236647910986,0,0.0,0
1069338779906670,0,0.0,0
1069411027090440,0,0.0,0
1070292701752644,0,0.0,0
1070299110959357,0,0.0,0
1071096695129867,0,0.0,0
1072762806536229,0,0.0,0
1072878489016848,0,0.0,0
1077087660549266,0,0.0,0
1078203867313209,0,0.0,0
1078208085751828,0,0.0,0
1079003465611962,0,0.0,0
1079088021951053,0,0.0,0
1079354609511444,0,0.0,0
1079386082543809,0,0.0,0
1082488124915151,0,1.0,1
1083039896044504,0,0.0,0
1084501505104760,0,0.0,0
1084715579043022,0,0.0,0
1086119430394295,1,1.0,1
1086956886638348,0,0.0,0
1087411402782048,0,0.0,0
1088397385991286,0,0.0,0
1089249991960304,0,0.0,0
1089479015863220,0,1.0,1
1089669845548709,0,0.0,0
1089736369105897,0,0.0,0
1091456241380377,0,0.0,0
1092698718509480,0,0.0,0
1095625143568848,0,0.0,0
1095877400924004,0,0.0,0
1096206759523305,0,0.0,0
1096539869262023,0,0.0,0
1096764578870948,0,0.0,0
1097212879434386,0,0.0,0
1098570549130037,0,0.0,0
1099169472904692,0,0.0,0
1099586011654997,0,0.0,0
1101668692020744,1,1.0,1
1101927571159233,0,0.0,0
1102422964546166,0,0.0,0
1103348326189570,0,0.0,0
1103439670122597,0,0.0,0
1103909303304341,0,0.0,0
1104630936535354,0,0.0,0
1106003273648116,0,0.0,0
1107506512984574,0,0.0,0
1107679094273378,0,0.0,0
1107807235894016,0,0.0,0
1108104772730054,0,0.0,0
1109017757009776,0,0.0,0
1111243193218674,0,0.0,0
1111367517115635,0,0.0,0
1111615871346047,0,0.0,0
1112317679101617,0,0.0,0
1112321640260929,0,0.0,0
1113379650120182,0,0.0,0
1113507834885543,0,0.0,0
1114247244332185,0,0.0,0
1114774324676267,0,0.0,0
1116823121872339,0,0.0,0
1118142465588985,0,0.0,0
1120002472179432,0,0.0,0
1120428671503546,0,0.0,0
1121404627939526,0,0.0,0
1124121801397029,0,0.0,0
1124313465537913,0,0.0,0
1124678671248873,0,0.0,0
1124805285408127,0,0.0,0
1124812956969156,0,0.0,0
1125563197001457,0,0.0,0
1125773181802472,0,0.0,0
844534865046735,0,0.0,0
845893190442246,0,0.0,0
846977193037734,0,0.0,0
847493560995180,1,1.0,1
847494827457855,0,0.0,0
847874323345076,0,0.0,0
849314601027164,0,0.0,0
850042644688325,0,0.0,0
850049655217937,0,0.0,0
850962124727114,0,0.0,0
850999377579833,0,0.0,0
851068646973262,0,0.0,0
851099793509880,0,0.0,0
851106010166276,0,0.0,0
851269433464181,0,0.0,0
852036657539436,0,0.0,0
852041211319418,0,0.0,0
852140803247237,0,0.0,0
852185707837673,0,0.0,0
853249853669234,0,0.0,0
855046281140416,0,0.0,0
855272010064208,0,0.0,0
856821857703635,0,0.0,0
856852024816874,0,0.0,0
857346289233339,1,1.0,1
857750475505801,1,1.0,1
858264357265250,0,0.0,0
858265758996631,0,0.0,0
858643070840590,1,1.0,1
859455523427949,0,0.0,0
859461765594522,0,0.0,0
859496278020744,1,1.0,1
859655775140404,0,0.0,0
859659880992326,0,0.0,0
860505175315075,0,0.0,0
861478065284700,0,0.0,0
861770290683443,0,1.0,1
863323449979590,0,0.0,0
863835045991635,0,0.0,0
863842532154063,0,0.0,0
864761442254616,0,0.0,0
865056958871171,1,1.0,1
865760759419366,0,0.0,0
865917473737791,0,0.0,0
866058994887473,0,0.0,0
866244252189858,0,0.0,0
867374784367397,0,0.0,0
868094981569336,0,0.0,0
869874197276784,0,0.0,0
869926339745877,0,0.0,0
870388882409122,0,0.0,0
871255213602134,0,0.0,0
871490118578698,0,0.0,0
872093147631099,0,0.0,0
872733288679880,0,0.0,0
873083801018132,0,0.0,0
874152373561195,0,0.0,0
875093533664985,0,0.0,0
875151831008790,0,0.0,0
875296512365415,0,0.0,0
875369576378133,0,0.0,0
875648482496275,0,0.0,0
875680529486018,0,0.0,0
875686274487694,0,0.0,0
875751765768755,0,0.0,0
875863543533307,0,0.0,0
876024748202968,0,0.0,0
877002182686323,0,0.0,0
877771234258605,0,0.0,0
877923086029370,0,0.0,0
877977411501026,0,0.0,0
877980062365840,0,0.0,0
877988336865130,0,0.0,0
878222972584599,0,0.0,0
878885410120244,1,1.0,1
878887345240264,0,0.0,0
879364175296010,0,0.0,0
880222053404522,0,0.0,0
880592720898597,0,0.0,0
881023619747327,0,0.0,0
881081553106983,0,0.0,0
882024210421750,0,0.0,0
883022034938211,0,0.0,0
884010698419652,0,0.0,0
884018158498445,0,0.0,0
884029701826291,0,0.0,0
884558438780305,0,0.0,0
885253757793917,0,0.0,0
886101973886577,0,0.0,0
886107091767612,0,0.0,0
886185197083472,0,0.0,0
886191444677922,0,0.0,0
887640104670752,0,0.0,0
887701968167933,0,0.0,0
889520804905180,0,0.0,0
889584514870764,0,0.0,0
890030787811386,0,0.0,0
890593843191764,0,0.0,0
890716903529995,0,0.0,0
890724018112959,0,0.0,0
890724188027773,0,0.0,0
891416570084950,0,0.0,0
891421320723946,0,0.0,0
893235717011572,0,0.0,0
893295148318103,0,0.0,0
894114554608201,0,0.0,0
894325798949289,0,0.0,0
894659704973412,0,0.0,0
895095329136143,0,0.0,0
895201321565414,0,0.0,0
896577757684376,0,0.0,0
896654934524856,0,0.0,0
896799567131865,0,0.0,0
898149899872091,0,0.0,0
898546935244672,0,0.0,0
898958591406976,0,0.0,0
899028102421648,0,0.0,0
901042815568627,0,0.0,0
901379609617714,0,1.0,1
901794280412094,0,0.0,0
901800356808739,0,0.0,0
901804902229722,0,0.0,0
902595961648121,0,0.0,0
902596559229922,0,0.0,0
902778301889331,0,0.0,0
905367253069480,0,0.0,0
906398910529082,0,0.0,0
906592777746500,0,0.0,0
906699483832112,0,0.0,0
906926616488480,0,0.0,0
907657833399992,0,0.0,0
909331489240364,0,0.0,0
909636325467004,0,0.0,0
911143453872940,0,0.0,0
912436404755931,0,0.0,0
914515900261466,0,0.0,0
915277720410415,0,0.0,0
915282493656604,0,0.0,0
915884226250168,0,0.0,0
917039161589464,0,0.0,0
917178211354577,0,0.0,0
917453286154366,0,0.0,0
918725886512750,0,0.0,0
919479750391177,0,0.0,0
920079614652983,0,0.0,0
920257052942271,0,0.0,0
920567479092510,0,0.0,0
921043407681492,0,0.0,0
921135952339458,0,0.0,0
921203476187408,0,0.0,0
921662775781520,0,0.0,0
921962030967783,0,0.0,0
922154333555814,0,0.0,0
922288997356731,0,0.0,0
922558069546074,0,0.0,0
922715791078686,0,0.0,0
923334863556232,0,0.0,0
923729642430118,0,0.0,0
925166089341636,0,0.0,0
925654673974668,0,0.0,0
926658856172844,0,0.0,0
926700111413983,0,0.0,0
926781677851262,0,0.0,0
927776184209048,0,0.0,0
931567028216143,0,0.0,0
932095940219772,0,0.0,0
934287156782648,1,1.0,1
935183190253130,0,0.0,0
935325445096845,0,0.0,0
936814398482112,0,0.0,0
937440371828949,0,0.0,0
937536484024509,0,0.0,0
937987542126172,0,0.0,0
938150602306554,0,0.0,0
938750819433096,0,0.0,0
939342334613522,0,0.0,0
939487222489768,0,0.0,0
941179486249256,0,0.0,0
941180645693803,0,0.0,0
942475247770890,0,0.0,0
942477058484395,0,0.0,0
943815539439962,0,0.0,0
944031508578502,0,0.0,0
944885674751674,0,0.0,0
944949430976244,1,1.0,1
944957389243695,0,0.0,0
946846117694217,0,0.0,0
947573073164466,0,0.0,0
947802062582008,0,0.0,0
948098002186184,0,0.0,0
948981434203850,0,0.0,0
949041832803022,0,0.0,0
949424591839906,0,0.0,0
949625813533652,0,0.0,0
951696800771414,1,1.0,1
952761358008927,0,0.0,0
953560794463487,0,0.0,0
953613357313888,0,0.0,0
953910773283317,0,0.0,0
953947516909822,0,0.0,0
955439476293037,0,0.0,0
955638189207281,0,0.0,0
955771263112875,0,0.0,0
956919756191341,0,0.0,0
957044791743290,0,0.0,0
957521145087722,0,0.0,0
959603162848890,0,0.0,0
959754727852718,0,0.0,0
959940716857335,0,0.0,0
960474831491126,0,0.0,0
960475870107695,0,0.0,0
960540425625857,0,0.0,0
961163180790970,0,0.0,0
962829655560386,0,0.0,0
963740371742570,0,0.0,0
963846116819634,0,0.0,0
963898958771200,0,0.0,0
964754448117913,0,0.0,0
965207201968648,0,0.0,0
965835003128819,0,0.0,0
967027642539077,0,0.0,0
967835169161857,0,0.0,0
968094141516822,0,0.0,0
968129261275406,0,0.0,0
968970882502553,0,0.0,0
969047602501677,0,0.0,0
969085894699010,0,0.0,0
969353956072711,0,0.0,0
969624617841681,0,0.0,0
969837309101784,0,0.0,0
970023144535693,0,0.0,0
970030610059170,0,0.0,0
970737630477167,0,0.0,0
972378990676324,0,0.0,0
972806437178140,0,0.0,0
974021563752108,1,1.0,1
974926894804904,0,0.0,0
974963454709401,0,0.0,0
974965065757760,0,0.0,0
975031153437332,0,0.0,0
976292615101500,0,0.0,0
976353348763367,0,0.0,0
976610564331502,0,0.0,0
976748613011108,0,0.0,0
979221521373085,0,0.0,0
979571468961974,0,0.0,0
979828896342412,0,0.0,0
979890710464179,0,0.0,0
980000935381155,0,0.0,0
980004105775656,0,0.0,0
980155073842406,0,0.0,0
980945226405299,0,0.0,0
981454655707277,0,0.0,0
982413785935781,0,0.0,0
984397474444427,0,0.0,0
984669491313656,0,0.0,0
984671041861062,1,1.0,1
984853460720660,0,0.0,0
985916979758349,0,0.0,0
987992140132860,0,0.0,0
987999372439837,0,0.0,0
989660228916452,0,0.0,0
989763659147629,0,0.0,0
990217361442697,0,0.0,0
990526711013449,0,0.0,0
990619930580760,0,0.0,0
990656800320938,0,0.0,0
990692272292453,0,0.0,0
991485740437936,0,0.0,0
992199193939292,0,0.0,0
994649149354372,0,0.0,0
997336538085054,0,0.0,0
998088803563470,0,1.0,1
999656469427942,0,0.0,0
999657063607186,0,0.0,0
999661184774959,0,0.0,0
1000189281683910,0,0.0,0
1000303316707244,0,0.0,0
1000310537265438,0,0.0,0
1001161095423835,0,0.0,0
1001192260251385,0,0.0,0
1002915500141871,0,0.0,0
1002921904574114,0,0.0,0
1004503450797543,0,0.0,0
1005615643274817,0,0.0,0
1005617848702101,0,0.0,0
1005619172467248,0,0.0,0
1005819718832706,0,0.0,0
1005983315264171,0,0.0,0
1006636971726302,0,0.0,0
1006637590548019,0,0.0,0
1008236208922116,0,0.0,0
1008595652850410,0,0.0,0
1008650979664905,0,0.0,0
1009872436039565,0,0.0,0
1010383099464266,0,0.0,0
1010384445149733,0,0.0,0
1010801783193067,0,0.0,0
1011100028524613,0,0.0,0
1011161386957796,0,0.0,0
1011331030990234,0,0.0,0
1012007242575615,0,0.0,0
1014513475948921,0,0.0,0
1014683830494270,0,0.0,0
1014991960659296,0,0.0,0
1015290435700197,0,1.0,1
1017577006569964,0,0.0,0
1018245027038688,0,0.0,0
1018545130615630,0,0.0,0
1019270144810068,0,0.0,0
1019275042254310,0,0.0,0
1019679304090912,0,0.0,0
1020278735067443,0,0.0,0
1021010377588359,0,0.0,0
1023125399464544,0,0.0,0
1023214843863497,0,0.0,0
1023463911545260,0,0.0,0
1024138499263504,0,0.0,0
1024400094035660,0,0.0,0
1024625134069424,0,0.0,0
1027642964406902,0,0.0,0
1028318444795561,0,0.0,0
1029470828601838,0,0.0,0
1030587764273202,0,0.0,0
1032477432962291,0,0.0,0
1032760665572668,0,0.0,0
1033605166839099,0,0.0,0
1033754138106686,0,0.0,0
1034357473987474,0,0.0,0
1034848977247371,0,0.0,0
1035018260001153,0,0.0,0
1035735350248642,0,0.0,0
1035841003385211,0,1.0,1
1036432831040246,0,0.0,0
1036549001628909,0,0.0,0
1037006123266894,0,0.0,0
1037839049010089,0,0.0,0
1038281507600699,0,0.0,0
1038640848606669,0,0.0,0
1038649804353992,0,0.0,0
1038922688165445,0,0.0,0
1039345339726049,0,0.0,0
1039440256324059,0,0.0,0
1039858965491861,0,0.0,0
1039860471922083,0,0.0,0
1039865762865011,0,0.0,0
1039955959445229,0,0.0,0
1041007754560887,0,0.0,0
1041454931846926,0,0.0,0
1042054434190157,0,0.0,0
1043279355506360,0,0.0,0
1043395457290835,0,0.0,0
1043677000235145,0,0.0,0
1044391147488149,0,0.0,0
1045013923839213,0,0.0,0
1045943844263156,0,0.0,0
1045947988092813,0,0.0,0
1046269578250806,0,0.0,0
1050147531663297,0,0.0,0
1050149381107755,0,0.0,0
1050154464961445,0,0.0,0
1050491241974611,0,0.0,0
1051324793736574,0,0.0,0
1051877436534774,0,0.0,0
1053201087582273,0,0.0,0
1053247962829582,0,0.0,0
1054048626268197,0,0.0,0
1055841371399457,0,0.0,0
1055905403273409,0,0.0,0
1056173964462942,0,0.0,0
1056604596678453,0,0.0,0
1056995333679087,0,0.0,0
1057433046413694,0,0.0,0
1058045754318103,0,0.0,0
1064154199537189,0,0.0,0
1064697382046936,0,0.0,0
1066076452695635,0,0.0,0
1067409710852557,0,0.0,0
1067509962374846,0,0.0,0
1067571593057181,0,0.0,0
1067862042538565,0,0.0,0
1068352833651127,0,0.0,0
1068739608259804,0,0.0,0
1068941516231549,0,1.0,1
1069539228430180,0,0.0,0
1070254273155622,0,0.0,0
1070444395083994,0,0.0,0
1070726674522120,0,0.0,0
1071033071666804,0,0.0,0
1073342972528795,0,0.0,0
1073343589259356,0,0.0,0
1074419783241154,0,0.0,0
1074767080866285,0,0.0,0
1075347416985524,0,0.0,0
1081144601064608,0,0.0,0
1081192918370736,0,0.0,0
1081258795445897,0,0.0,0
1081261085315784,0,0.0,0
1083452534597710,0,0.0,0
1083943320149822,0,0.0,0
1084176876438529,0,0.0,0
1084302233521235,0,0.0,0
1085620827053628,0,0.0,0
1086697025899762,0,0.0,0
1086747231453866,0,0.0,0
1088007772783712,0,0.0,0
1088097371437582,0,0.0,0
1088614862901599,0,0.0,0
1089310909766716,0,0.0,0
1089354281511996,0,0.0,0
1089361190112477,0,0.0,0
1089527426658407,0,0.0,0
1089626306168724,0,0.0,0
1089658557440693,0,0.0,0
1091946255777602,0,0.0,0
1092016679682272,0,0.0,0
1093101654137379,0,0.0,0
1093539520596007,0,0.0,0
1093597951713632,0,0.0,0
1093921077801902,0,0.0,0
1093979164944976,0,0.0,0
1094094024097219,0,0.0,0
1094194765885020,0,0.0,0
1094201187364687,0,0.0,0
1094203698299358,0,0.0,0
1094366379481639,0,0.0,0
1094371037130979,0,0.0,0
1094909410993211,0,0.0,0
1094910751938920,0,0.0,0
1097574750061060,0,0.0,0
1098098826270733,0,0.0,0
1099618139127882,0,0.0,0
1102612530910132,0,0.0,0
1103607782828533,0,0.0,0
1104309032333079,0,0.0,0
1104310643531206,0,0.0,0
1104799302033142,0,0.0,0
1105800347973647,0,0.0,0
1106985668453009,0,0.0,0
1107936306623247,0,0.0,0
1107971909344676,1,1.0,1
1108085552564999,0,0.0,0
1108735820791593,0,0.0,0
1111583436679982,0,0.0,0
1111646011680411,0,0.0,0
1111774859056893,0,0.0,0
1112105539454581,0,0.0,0
1113380950155941,0,0.0,0
1113552028001491,0,1.0,1
1113800767151235,0,0.0,0
1113889370297747,0,0.0,0
1114995616939893,0,0.0,0
1115501649591056,0,0.0,0
1115853754276475,0,0.0,0
1116716226612288,0,0.0,0
1117469486901281,0,0.0,0
1118023898312077,0,0.0,0
1118544987487309,0,0.0,0
1118653442962498,0,0.0,0
1118732758354171,0,0.0,0
1119068445392669,0,0.0,0
1119068640495278,0,0.0,0
1119215785658786,1,1.0,1
1119274499062506,0,0.0,0
1119681449615411,0,0.0,0
1119686791323134,0,0.0,0
1119721669956372,0,0.0,0
1120058065463188,0,0.0,0
1121549015604880,0,0.0,0
1121961173754573,0,0.0,0
1122465439630336,0,0.0,0
1122625760949226,0,0.0,0
1123184104261807,0,0.0,0
1123368404811832,0,0.0,0
1123876951540704,0,0.0,0
1124027537371118,0,0.0,0
1124178704781023,0,0.0,0
1124435759085032,0,0.0,0
1125257391083101,0,0.0,0
1125528676047911,0,0.0,0
844471961029490,0,0.0,0
845728090087050,1,1.0,1
845742985806750,0,1.0,1
847220318521389,0,0.0,0
849245940537066,0,0.0,0
850292073240645,0,0.0,0
851498689506712,0,0.0,0
852233159263911,0,0.0,0
853634121828908,0,0.0,0
854661959307717,0,0.0,0
855043560561107,0,0.0,0
855100998236112,0,0.0,0
855171391132878,0,0.0,0
864567131648228,0,0.0,0
866579028604778,0,0.0,0
867205574469086,0,0.0,0
867632184541854,0,0.0,0
868605099541216,0,0.0,0
870175459828369,0,0.0,0
870332683852452,0,0.0,0
870810092683017,0,0.0,0
871035473080195,0,0.0,0
871092075844297,0,0.0,0
872317262808328,0,0.0,0
872323804110428,0,0.0,0
872423690852568,0,0.0,0
872706574894862,0,0.0,0
873532429510503,0,0.0,0
875093867233347,0,0.0,0
875344616562356,0,0.0,0
876003222600758,0,0.0,0
876078131164017,0,0.0,0
877550079136696,0,0.0,0
878623530825317,0,0.0,0
878628463191203,0,0.0,0
878629055395672,0,0.0,0
878740900292975,0,0.0,0
881105649312706,0,0.0,0
881669809212238,0,0.0,0
883681094379154,0,0.0,0
885246406386986,0,0.0,0
885865120126291,0,0.0,0
887682454831369,0,0.0,0
888134456593245,0,0.0,0
889078315267966,0,0.0,0
889195097575892,0,0.0,0
890389985739748,0,0.0,0
890426521940776,0,0.0,0
891258194723900,0,0.0,0
891335760017810,0,0.0,0
891392141881094,0,0.0,0
892429137087878,1,1.0,1
893103126329453,0,0.0,0
893393960501003,0,0.0,0
894978037820734,0,0.0,0
894980510602558,0,0.0,0
896773291723953,0,0.0,0
897346107725650,0,0.0,0
899575910803921,0,0.0,0
900749777174830,0,0.0,0
901120126187761,0,0.0,0
902255749561678,0,0.0,0
902876576811964,0,0.0,0
903485338332040,0,0.0,0
903536344898250,0,0.0,0
903954864613512,0,0.0,0
903963286420903,0,0.0,0
904923294385409,0,0.0,0
906399378782346,0,0.0,0
906865230440004,0,0.0,0
909219566280338,0,0.0,0
910316382048996,0,0.0,0
910318361703342,0,0.0,0
910679259378136,0,0.0,0
910968431819730,0,0.0,0
911169939022366,0,0.0,0
911367402038305,0,0.0,0
911868759149057,0,0.0,0
912832443855802,0,0.0,0
914308185808289,0,0.0,0
914839187562881,0,0.0,0
915472486376251,0,0.0,0
915474108906254,0,0.0,0
915913786396437,0,0.0,0
917120438238376,0,0.0,0
917738386073464,0,0.0,0
917766267139058,0,0.0,0
917819241870266,0,0.0,0
918079494479087,0,0.0,0
918718844011910,0,0.0,0
919138790615859,0,0.0,0
919419881564599,0,0.0,0
919776358250750,0,0.0,0
920358718442582,0,0.0,0
920668540004568,0,0.0,0
920677103937751,0,0.0,0
920701598727822,0,1.0,1
921761119195919,0,0.0,0
923480301654486,0,0.0,0
923918594302771,0,0.0,0
923922336265728,0,0.0,0
924555140564648,0,0.0,0
924625618255898,0,0.0,0
924631921615927,0,0.0,0
924632320036593,0,0.0,0
925159326964798,0,0.0,0
925968899757874,0,0.0,0
926480730983552,0,0.0,0
926785534954448,0,0.0,0
927489893112285,0,0.0,0
929342537024045,0,0.0,0
929768417458484,0,0.0,0
929837712649432,0,0.0,0
929838512029050,0,0.0,0
930297501523611,0,0.0,0
931341947230634,0,0.0,0
931540060240682,0,0.0,0
932013484456815,0,0.0,0
933734342678785,0,0.0,0
934084465248106,0,0.0,0
934226201186818,0,0.0,0
934456693508260,0,0.0,0
935012815394221,0,0.0,0
935690706128559,0,0.0,0
936116570647390,0,1.0,1
936550687423342,0,0.0,0
938022643721034,0,0.0,0
939384919006279,0,0.0,0
939531932913804,0,0.0,0
939720755457887,0,0.0,0
940534173581612,0,0.0,0
940816596393301,0,0.0,0
940881391923316,0,0.0,0
941296136618671,0,0.0,0
943233992698912,0,0.0,0
946135522694275,0,0.0,0
946478276087794,0,0.0,0
947002969145577,0,0.0,0
947471795653696,0,0.0,0
949827526291461,0,0.0,0
950027716353542,0,0.0,0
950080338170081,0,0.0,0
950168457572055,0,0.0,0
950623068712026,0,0.0,0
950835461743882,0,0.0,0
951863946800104,0,0.0,0
952604249465170,0,0.0,0
952694725633065,0,0.0,0
952695644723301,0,0.0,0
952733771495400,0,0.0,0
952735113263796,0,0.0,0
952929600863350,0,0.0,0
953411503439983,0,0.0,0
954424667893562,0,1.0,1
954559600041547,0,0.0,0
955430487921159,0,0.0,0
955765330316013,0,0.0,0
955828340951631,0,0.0,0
955945817829886,0,0.0,0
956372078969438,0,0.0,0
957542716093345,0,0.0,0
957742813261444,0,0.0,0
958376960204749,0,0.0,0
958425840475117,0,0.0,0
958842274879588,0,0.0,0
959794607145521,0,0.0,0
961154954284068,0,0.0,0
961868925959485,0,0.0,0
962501844173098,0,0.0,0
963312713103466,0,0.0,0
964236477362397,0,0.0,0
964268927180169,0,0.0,0
964439327564306,0,0.0,0
964884529304389,0,0.0,0
965885041792305,0,0.0,0
966009579552563,0,0.0,0
966911313863797,0,0.0,0
966976449125500,0,0.0,0
967558859049879,1,1.0,1
968260650189468,0,0.0,0
968725906679434,0,0.0,0
968956364410693,0,0.0,0
970858916807448,0,0.0,0
970918080667976,0,0.0,0
971742307501844,0,0.0,0
971771418110875,0,0.0,0
972360056161828,0,0.0,0
974123331674072,0,0.0,0
974160274791363,0,0.0,0
974339512497724,1,1.0,1
974559164699814,0,0.0,0
974560926355904,0,0.0,0
975215367343269,0,0.0,0
975273655327377,0,0.0,0
975451379779723,0,0.0,0
975519954837344,0,0.0,0
975926423964246,0,0.0,0
976373673677624,1,1.0,1
977411267198472,0,0.0,0
977412991605859,0,0.0,0
980649829167063,0,0.0,0
982637158753835,0,0.0,0
984957080204205,0,0.0,0
985063900928700,0,0.0,0
985312627630705,0,0.0,0
986369987772705,0,0.0,0
989921825138126,0,0.0,0
991710312848121,0,0.0,0
991793596995541,0,0.0,0
991849032963397,0,0.0,0
991850522990026,0,0.0,0
991850972761512,0,0.0,0
991925124149213,0,0.0,0
992115686347976,0,0.0,0
993276609541998,0,0.0,0
994155994569681,0,0.0,0
994313117136901,0,0.0,0
994372857312340,0,0.0,0
995028449787430,0,0.0,0
995158386145921,0,0.0,0
995197539452454,0,0.0,0
995203768300080,0,0.0,0
995204144882958,0,0.0,0
995705170651788,0,0.0,0
995747754498743,1,1.0,1
995803681300965,0,0.0,0
995828101358927,0,0.0,0
995834619552147,0,0.0,0
996172564323954,0,0.0,0
996607732534845,0,0.0,0
997083007279171,1,1.0,1
1000086964791982,0,0.0,0
1002683762406466,0,0.0,0
1002685716260133,0,0.0,0
1002687539215855,0,0.0,0
1002688288567117,0,0.0,0
1002907408214614,0,0.0,0
1002974316624072,0,0.0,0
1002977851461298,0,0.0,0
1002979850930977,0,0.0,0
1004089467415184,0,0.0,0
1005240706613213,0,0.0,0
1005905668558178,0,0.0,0
1007126812555927,0,0.0,0
1007224540790819,0,0.0,0
1007715310728434,0,0.0,0
1007918554025254,0,0.0,0
1008090111051736,0,0.0,0
1009425472724848,0,0.0,0
1010645493552780,0,0.0,0
1010645863038531,0,0.0,0
1010982166560995,0,0.0,0
1011494372404876,0,0.0,0
1011720377186820,0,0.0,0
1013454192788618,0,0.0,0
1015688324517367,0,0.0,0
1016614889638947,0,0.0,0
1016649311426815,0,0.0,0
1017728591377246,1,1.0,1
1018428816239775,0,0.0,0
1018564571155783,0,0.0,0
1018651223780529,0,0.0,0
1018652887250880,0,0.0,0
1019227299663728,0,0.0,0
1019309767061246,0,0.0,0
1019341624193147,0,0.0,0
1019584314799069,0,0.0,0
1019751793258855,0,0.0,0
1020005669181536,0,0.0,0
1020007251314734,0,0.0,0
1020398089179332,0,0.0,0
1020667071187598,0,0.0,0
1020672874837735,0,0.0,0
1021392679798483,0,0.0,0
1021840299009864,0,0.0,0
1021997608384653,0,0.0,0
1022582019448929,0,0.0,0
1023352289037707,0,0.0,0
1023734718329371,0,0.0,0
1023998422429986,0,0.0,0
1024046332515075,0,0.0,0
1024980023781512,0,0.0,0
1025805926676965,0,0.0,0
1026189925864808,0,0.0,0
1026499889908081,0,0.0,0
1028014744504498,0,0.0,0
1028502584898958,0,0.0,0
1028663218280823,0,0.0,0
1028840495632350,0,0.0,0
1028840897134586,0,0.0,0
1030186693275159,0,0.0,0
1030244333445017,0,0.0,0
1031092867240331,0,0.0,0
1031803360133168,0,0.0,0
1031978578403196,0,0.0,0
1032130318668546,0,0.0,0
1032274901362126,0,0.0,0
1033200170774844,0,0.0,0
1033202071580706,1,1.0,1
1033492216617573,0,0.0,0
1034672333281109,0,0.0,0
1034935320493639,0,0.0,0
1034937079827834,0,0.0,0
1034940375913523,0,0.0,0
1035739267033662,0,0.0,0
1035910328316236,0,0.0,0
1036628981523552,0,0.0,0
1036763037211264,0,0.0,0
1039757711716131,0,0.0,0
1041369995894635,0,0.0,0
1041616163418129,0,0.0,0
1042078189794354,0,0.0,0
1044772543031168,0,0.0,0
1045366016027083,0,0.0,0
1045378900205878,0,0.0,0
1045449677244120,0,0.0,0
1045740750349186,0,0.0,0
1046410893771975,0,0.0,0
1046628530583695,0,0.0,0
1047418069389174,0,0.0,0
1048063761382725,0,0.0,0
1048603671024969,0,0.0,0
1048896220075972,0,0.0,0
1049312485679323,0,0.0,0
1049698449571088,0,1.0,1
1050011495504697,0,0.0,0
1050099058316735,0,0.0,0
1050708952678803,0,0.0,0
1052008238904690,0,0.0,0
1052383436199106,0,0.0,0
1052660389155584,0,0.0,0
1053631591326111,0,0.0,0
1053743080306477,0,0.0,0
1055105919168459,0,0.0,0
1055558422259059,0,0.0,0
1057279405180750,0,0.0,0
1058075087970381,0,0.0,0
1059269471004100,0,0.0,0
1059631285609116,1,1.0,1
1059873315906415,0,0.0,0
1060130478220975,0,0.0,0
1061207529225987,0,0.0,0
1064136774354863,0,0.0,0
1064211554392928,0,0.0,0
1064282246954215,0,0.0,0
1064704674888619,0,0.0,0
1064747992860952,0,0.0,0
1064751828559751,0,0.0,0
1065010682503990,0,0.0,0
1065183713596941,0,0.0,0
1065247418294862,0,0.0,0
1065459319281632,0,0.0,0
1065895428954454,0,0.0,0
1067085184127875,0,0.0,0
1067194833027281,0,0.0,0
1067237841640627,0,0.0,0
1067373344513314,0,0.0,0
1067373648938491,0,0.0,0
1067911674315943,0,0.0,0
1070629677096376,0,0.0,0
1071131295825687,0,0.0,0
1071971526998852,0,0.0,0
1072071103577803,0,0.0,0
1074758748299878,0,0.0,0
1074894635943661,0,0.0,0
1076454054766528,0,0.0,0
1078278503354625,0,0.0,0
1078281706988604,0,0.0,0
1078677504440176,0,0.0,0
1078746937366295,0,0.0,0
1078916557798570,0,0.0,0
1080409643323437,0,0.0,0
1080897742429459,0,0.0,0
1081748615586745,0,0.0,0
1083792945719378,0,0.0,0
1084042331705663,0,0.0,0
1084588184125319,0,0.0,0
1084847747609809,0,0.0,0
1085078810042680,0,0.0,0
1085996325801110,0,0.0,0
1086378500057676,0,0.0,0
1087520909420328,0,0.0,0
1087897889038213,0,0.0,0
1089491693202248,0,0.0,0
1091571485612913,0,0.0,0
1091742079942694,0,1.0,1
1096183417175283,0,0.0,0
1097837642264776,0,0.0,0
1097839115923363,0,0.0,0
1099464368075821,0,0.0,0
1100009335487491,0,0.0,0
1100276926586845,0,0.0,0
1100893822890801,0,0.0,0
1100956967327978,0,0.0,0
1101245580084786,0,0.0,0
1101539354055864,0,0.0,0
1102106876866921,0,0.0,0
1103160490318842,0,0.0,0
1104109240117578,0,0.0,0
1104294916975268,0,0.0,0
1105303306630883,0,0.0,0
1105423665487330,0,0.0,0
1106303740986729,0,0.0,0
1108086714197590,1,1.0,1
1108551159591707,0,0.0,0
1108914822250437,0,0.0,0
1109237689472905,0,0.0,0
1110255578483036,0,0.0,0
1110579095612501,0,0.0,0
1113135045249539,0,0.0,0
1113419254235782,0,0.0,0
1114279489822838,0,0.0,0
1114577813470304,0,0.0,0
1114685417121160,0,0.0,0
1116777148548396,0,0.0,0
1118204985249163,0,0.0,0
1118205676536024,0,0.0,0
1119118810839696,0,0.0,0
1119276013765791,0,0.0,0
1119389779245725,1,1.0,1
1119995672094631,0,0.0,0
1122381303074685,0,0.0,0
1122467197650952,0,0.0,0
1123737042310090,0,0.0,0
1124290807659560,0,0.0,0
844564712759515,0,0.0,0
846662435686054,0,0.0,0
846750804792436,0,0.0,0
846759888485156,0,0.0,0
847475253984221,0,0.0,0
847801368082725,0,0.0,0
847801593912516,0,0.0,0
847884127404632,0,0.0,0
848932106639514,0,0.0,0
849439347376950,0,0.0,0
849441244476335,0,0.0,0
850508957077359,0,0.0,0
850771156009793,0,1.0,1
851221149661596,0,0.0,0
851419417029223,0,0.0,0
851654077916627,0,0.0,0
851818981126118,0,0.0,0
851956630478513,0,0.0,0
852115560306154,0,0.0,0
852706012949208,0,0.0,0
852768065774282,0,0.0,0
854386654828540,1,1.0,1
854777853297812,0,0.0,0
856697752660718,1,1.0,1
857431151392924,0,0.0,0
858157355870672,0,0.0,0
858206233512280,0,0.0,0
858938756080245,1,1.0,1
860439325025657,0,0.0,0
860556882679862,0,0.0,0
860652835867069,0,0.0,0
860768249649915,0,0.0,0
863347862761059,0,0.0,0
864254962670642,0,0.0,0
865554944950042,0,0.0,0
865556931680516,0,0.0,0
865622883776104,0,0.0,0
866394027078316,0,0.0,0
867138595633860,0,0.0,0
868558949478519,0,0.0,0
869153835559949,0,1.0,1
869159740688437,0,0.0,0
869165222608372,0,0.0,0
869438376419443,0,0.0,0
870515154481912,0,0.0,0
870624211768156,0,0.0,0
872824837863921,0,0.0,0
875082457280380,0,0.0,0
875157753501742,0,0.0,0
875158756354468,1,1.0,1
875710222626611,0,0.0,0
877039119213339,0,0.0,0
877086193337860,0,0.0,0
877744223069646,0,0.0,0
878336260213909,0,0.0,0
878629365748234,0,0.0,0
880348647523745,0,0.0,0
880349238025318,0,0.0,0
881200674898448,0,0.0,0
881537018708351,0,0.0,0
881825779927969,0,0.0,0
882198826658584,1,1.0,1
882396714812791,0,0.0,0
882729809677075,0,0.0,0
883449639818245,0,0.0,0
885426506527608,0,0.0,0
885516434636967,0,0.0,0
886175125354590,0,0.0,0
886932656551711,0,0.0,0
887260892759721,0,1.0,1
887511955318444,0,0.0,0
891023174807367,0,0.0,0
891481660243388,0,0.0,0
892967563260211,0,0.0,0
893965304081885,0,0.0,0
894437247424727,0,0.0,0
894771751853615,0,0.0,0
895638965602624,0,0.0,0
895747995128078,0,0.0,0
895911592376237,0,0.0,0
896797627116153,0,0.0,0
897192859769672,0,0.0,0
897518397239640,0,0.0,0
897581299459047,0,0.0,0
898519677050657,0,0.0,0
898763875085320,0,0.0,0
898826783947556,0,0.0,0
903990105617774,0,0.0,0
903990770247715,0,0.0,0
904175240138217,0,0.0,0
904295860731800,0,0.0,0
906153422309739,0,0.0,0
906906241192692,1,1.0,1
908332451546638,1,1.0,1
908409792972993,0,0.0,0
908952541151663,0,0.0,0
909453939324639,0,0.0,0
910503561215144,0,0.0,0
910862154707592,0,0.0,0
910864581936414,0,0.0,0
911580554864178,0,0.0,0
911581280772439,0,0.0,0
911651727252453,0,0.0,0
912681752505191,0,0.0,0
912682090310359,0,0.0,0
913446399677474,0,0.0,0
913577898801821,0,0.0,0
913851814028484,0,0.0,0
914510370364833,0,0.0,0
914994079331207,0,0.0,0
918352754411881,0,0.0,0
918358047518279,0,0.0,0
919312494978240,0,0.0,0
919383618310963,0,0.0,0
919389014494094,0,0.0,0
922371047601525,0,0.0,0
922486248250383,0,0.0,0
924363954640169,0,0.0,0
926025366746573,1,1.0,1
926138655946827,0,0.0,0
927763884227846,0,0.0,0
928287261419873,0,0.0,0
928555475975990,0,0.0,0
928605746201510,0,0.0,0
929104855944751,0,0.0,0
930001302101827,0,0.0,0
930004003547065,0,0.0,0
931982767450571,0,0.0,0
932445753634347,0,0.0,0
933552124496702,0,0.0,0
933620136622296,0,0.0,0
934171108879027,0,0.0,0
934253221964531,0,0.0,0
934944540262470,0,0.0,0
934995775992066,0,0.0,0
936280839864142,0,0.0,0
936353121263607,0,0.0,0
937514644148788,0,0.0,0
937692033142890,0,0.0,0
937698651438356,0,0.0,0
938021659423241,0,0.0,0
940102524113320,0,0.0,0
941285617391091,0,0.0,0
941917057649484,0,0.0,0
942473964343066,0,0.0,0
943252773075280,0,0.0,0
944109777286402,0,0.0,0
946589975420072,0,0.0,0
946767999899229,0,0.0,0
947383971829250,0,0.0,0
947388031988273,0,0.0,0
947546886059920,0,0.0,0
948560014290646,0,0.0,0
948684196009672,0,0.0,0
949109825466265,0,0.0,0
949166317374880,0,0.0,0
949167943760495,0,0.0,0
949659818980464,0,0.0,0
949830268894597,0,0.0,0
951158900022296,0,0.0,0
951447541471829,0,0.0,0
952508027210482,0,0.0,0
952923719360076,0,0.0,0
954000703994295,0,0.0,0
956070139364521,0,0.0,0
956887625543206,0,0.0,0
957009103494224,0,0.0,0
958293716218733,0,0.0,0
959421592491734,0,0.0,0
960587653268960,0,0.0,0
960677337229340,0,0.0,0
962442816869991,0,0.0,0
963033245631089,0,0.0,0
963385580065991,0,0.0,0
963860448935005,0,0.0,0
965339968365473,0,0.0,0
965343300877425,0,0.0,0
966572345800242,0,0.0,0
967023915905072,0,0.0,0
967175774502127,0,0.0,0
967412709146510,0,0.0,0
968542006396483,0,0.0,0
968603818849320,0,0.0,0
968677271054456,0,0.0,0
969481654218876,0,0.0,0
971082260745564,0,0.0,0
971230840492689,0,0.0,0
972592374323353,0,0.0,0
973140318168959,0,0.0,0
973737415895601,0,0.0,0
973928210569798,0,0.0,0
974483415163080,0,0.0,0
975113891097763,0,0.0,0
977275676870113,0,0.0,0
977607542301034,0,0.0,0
978180313215149,0,0.0,0
978226390478374,0,0.0,0
978408974104971,0,0.0,0
979216892566312,0,0.0,0
979603227159161,0,0.0,0
979606150965242,0,0.0,0
979745486684923,0,0.0,0
980528208418991,0,0.0,0
981970330019943,1,1.0,1
982654536861677,0,0.0,0
982690032848590,0,0.0,0
982826245011260,0,0.0,0
983091650925443,0,0.0,0
983592813520655,0,0.0,0
984262164300270,0,0.0,0
984392540929348,0,0.0,0
984392944620458,0,0.0,0
984571395811717,0,1.0,1
984662465030853,1,1.0,1
984866809937502,0,0.0,0
984965774148530,0,0.0,0
985378531757105,0,0.0,0
986439659972776,0,0.0,0
986521814600708,0,0.0,0
986554485520674,0,0.0,0
986557938387856,0,0.0,0
986709997816153,0,0.0,0
987130679492796,0,0.0,0
987951003693819,0,0.0,0
988032486563882,0,0.0,0
988034299924046,0,0.0,0
988042007437481,0,0.0,0
988461789193037,0,0.0,0
988794124110366,0,0.0,0
989150265637649,1,1.0,1
989257512960549,0,0.0,0
989352863055592,0,0.0,0
989695600357890,0,0.0,0
990922270210784,0,0.0,0
991208196487799,0,0.0,0
991992725553698,0,0.0,0
992102489562636,0,0.0,0
992349504631918,0,0.0,0
992488379421134,0,0.0,0
992612622436519,0,0.0,0
993063868339329,0,0.0,0
993165632221550,0,0.0,0
993301252972750,0,0.0,0
993364759555041,0,0.0,0
993432117792453,0,0.0,0
993769889181991,0,0.0,0
994221791358402,0,0.0,0
995815777688794,0,0.0,0
995819648954434,0,0.0,0
996112871873564,0,0.0,0
996117860753920,0,0.0,0
996587367068085,1,1.0,1
997932866459394,0,0.0,0
998448551143868,0,0.0,0
998727287199009,0,0.0,0
999048651288828,0,0.0,0
999438528194189,0,0.0,0
1002780751409393,0,0.0,0
1002993753137526,0,0.0,0
1003337437797533,0,0.0,0
1003431259091289,0,0.0,0
1003775192637444,0,0.0,0
1004402968825371,0,0.0,0
1004465098574779,0,0.0,0
1004960179409874,0,0.0,0
1005201829706220,0,0.0,0
1005318545372542,0,0.0,0
1005470404365623,0,0.0,0
1006296887213419,0,0.0,0
1006671809072921,0,0.0,0
1007936094248890,0,0.0,0
1008928225696959,0,0.0,0
1010527517420367,0,0.0,0
1010680568342663,0,0.0,0
1010683894116538,0,0.0,0
1010788151171519,0,0.0,0
1010798367475498,0,0.0,0
1010959462400298,0,0.0,0
1012121667561954,0,0.0,0
1012766013788165,0,0.0,0
1013629432630325,0,0.0,0
1014001717095140,0,0.0,0
1014247471084701,0,0.0,0
1014983516019064,0,0.0,0
1016583572758141,0,0.0,0
1017511221744549,0,0.0,0
1017512623736271,0,0.0,0
1017519608871848,0,0.0,0
1017874160571356,0,0.0,0
1018026082742398,0,0.0,0
1020153589637288,0,0.0,0
1024516676067327,0,0.0,0
1024517268574476,0,0.0,0
1024520328977874,0,0.0,0
1025750325125449,0,0.0,0
1025754503423260,1,1.0,1
1025861201341216,0,0.0,0
1025901153431095,0,0.0,0
1028271930484302,0,0.0,0
1028753737009715,0,0.0,0
1030399121056556,0,0.0,0
1031764704319501,0,0.0,0
1031819538085658,0,0.0,0
1031895054264951,0,0.0,0
1032149674570730,0,0.0,0
1032630222893030,0,0.0,0
1032719665249408,0,0.0,0
1033306410532163,0,0.0,0
1035705027685498,0,0.0,0
1037150432043379,0,0.0,0
1037673723211840,0,0.0,0
1037733548226714,0,0.0,0
1037787513638268,0,0.0,0
1038279331151323,1,1.0,1
1038750234690135,0,0.0,0
1038754623484777,0,0.0,0
1038795075895843,0,0.0,0
1039192110939380,0,0.0,0
1039536785340301,0,0.0,0
1040177119056047,0,0.0,0
1040699193504618,0,0.0,0
1040932969431362,0,0.0,0
1040934572947313,0,0.0,0
1041536605858913,0,0.0,0
1042701712910245,0,0.0,0
1043060926956415,0,0.0,0
1043213158729102,0,0.0,0
1044703627691622,0,0.0,0
1045015701003510,0,0.0,0
1045475962123443,0,0.0,0
1046355650862289,0,0.0,0
1046794692033395,0,0.0,0
1046826448887204,0,0.0,0
1046948436554705,0,0.0,0
1046996912697369,0,0.0,0
1047320408813001,0,0.0,0
1047325842868040,0,0.0,0
1047707780381336,0,0.0,0
1047807701463132,0,0.0,0
1050824835547614,0,0.0,0
1051773390663475,0,0.0,0
1051898807819563,0,0.0,0
1051904962345592,0,0.0,0
1051948744237664,0,0.0,0
1052015181106568,0,0.0,0
1052022037339488,0,0.0,0
1054296076583829,1,1.0,1
1054688624927856,0,0.0,0
1056168720807236,0,0.0,0
1056360203688464,0,0.0,0
1056419953956542,0,0.0,0
1056424470483440,0,0.0,0
1057763742351826,0,0.0,0
1059360112769207,0,0.0,0
1060904437381663,0,0.0,0
1061466367245428,0,0.0,0
1061731396643215,0,0.0,0
1062984728120151,0,0.0,0
1063054148393808,0,0.0,0
1063900986473513,0,0.0,0
1065386128357356,0,0.0,0
1065599854179190,0,0.0,0
1068948281983046,0,0.0,0
1069750888691115,0,0.0,0
1070127393076875,0,0.0,0
1070493000123266,0,0.0,0
1072358139880268,0,0.0,0
1072779231648848,0,0.0,0
1076125468081243,0,0.0,0
1076523491210809,0,0.0,0
1076539060574523,0,0.0,0
1079469297480007,0,0.0,0
1080466109860461,0,0.0,0
1085005966223391,0,0.0,0
1085480330168680,0,0.0,0
1086005267710311,0,0.0,0
1086810198295663,0,0.0,0
1088304415815160,0,0.0,0
1090655883725097,0,0.0,0
1091353803859082,0,0.0,0
1092963177654865,0,0.0,0
1095242578684159,0,0.0,0
1095249729195969,0,0.0,0
1095426434672925,0,0.0,0
1096024818762593,0,0.0,0
1097096392328105,0,0.0,0
1097306079680040,0,0.0,0
1097368697968839,0,0.0,0
1098506438626161,0,0.0,0
1099782560089355,0,0.0,0
1100404761288076,0,0.0,0
1100836494328027,0,0.0,0
1101195042664317,0,0.0,0
1102019237697328,0,0.0,0
1102604141850585,0,0.0,0
1103447169367605,0,0.0,0
1103615798195264,0,0.0,0
1103741731414823,0,0.0,0
1105219209736989,0,0.0,0
1105992029947479,0,0.0,0
1106570648667885,0,0.0,0
1107148332922574,0,0.0,0
1107505397257828,0,0.0,0
1107512966034883,0,0.0,0
1108156089174168,0,0.0,0
1108372995429732,0,0.0,0
1109249595034901,0,0.0,0
1109530640147038,0,0.0,0
1109927669582090,0,0.0,0
1110508222422604,0,0.0,0
1110858846243467,1,1.0,1
1111165932925894,0,0.0,0
1112505170507683,0,0.0,0
1112596159095574,0,0.0,0
1114285127748768,0,0.0,0
1115103727351174,0,0.0,0
1115484643033135,0,0.0,0
1115657183187534,0,0.0,0
1116549203410625,0,0.0,0
1119588262120503,0,0.0,0
1120349983707031,0,0.0,0
1120748699896372,0,0.0,0
1122128018638445,1,1.0,1
1124137119804933,0,0.0,0
845163831145454,0,0.0,0
847020372978612,0,0.0,0
847131280766787,0,0.0,0
847300615199131,0,0.0,0
847616684265405,0,0.0,0
847898470032963,0,0.0,0
847955524524468,0,0.0,0
848964524450704,0,0.0,0
849017450605296,0,0.0,0
849188966322617,0,0.0,0
850566090389569,0,0.0,0
852251710337067,0,0.0,0
852328014559333,0,0.0,0
852727930559097,0,0.0,0
853340977916899,0,0.0,0
853602783752159,0,0.0,0
853908160164316,0,0.0,0
854239887297359,0,0.0,0
854534891985215,0,1.0,1
855112957826333,0,0.0,0
855165863123300,0,0.0,0
855795084565433,0,0.0,0
855939529706796,0,0.0,0
856357817667921,0,0.0,0
856419868172282,0,0.0,0
856696290622752,0,0.0,0
856699619420960,0,0.0,0
857646356051127,0,0.0,0
858062578930847,0,0.0,0
858063948684481,0,0.0,0
858187277497542,0,0.0,0
858916918431157,0,0.0,0
859344744067541,0,0.0,0
859405381146123,0,0.0,0
859876962332375,0,0.0,0
861621583773137,0,0.0,0
862258234150298,0,0.0,0
862632092800737,0,0.0,0
863299972782997,0,0.0,0
863449203621878,0,0.0,0
864252366895465,0,0.0,0
865191270887769,0,0.0,0
865889123807207,0,0.0,0
869553040693940,0,0.0,0
869756211636587,0,0.0,0
871026313157039,0,0.0,0
872319548455037,0,0.0,0
872963346504315,0,0.0,0
872997833716751,0,0.0,0
873243188163003,0,0.0,0
873632925654510,0,0.0,0
876809352109644,0,0.0,0
878170963178782,0,0.0,0
878609233165476,0,0.0,0
879424273642805,0,0.0,0
880320639426305,0,0.0,0
881510640445852,0,0.0,0
881896966563282,0,0.0,0
887920818108599,0,0.0,0
888031340526206,0,0.0,0
888032815628658,0,0.0,0
888529224950076,0,0.0,0
888642205639842,0,0.0,0
888646792937311,0,0.0,0
888681504369858,0,0.0,0
888752772737367,0,0.0,0
890066586409170,0,0.0,0
890119095817813,0,0.0,0
890122753909191,0,0.0,0
890480385476371,0,0.0,0
891390599878307,0,0.0,0
893793055611960,0,0.0,0
893796831621821,0,0.0,0
894529297803396,0,0.0,0
895059808039619,0,0.0,0
895665207134032,0,0.0,0
895901087918072,0,0.0,0
896392089737965,0,0.0,0
896457614894798,0,0.0,0
896670992321250,0,0.0,0
897751400947674,0,0.0,0
897993277659086,0,0.0,0
898302856700910,0,0.0,0
898670127474948,0,0.0,0
899619422466190,0,0.0,0
900221121062744,0,0.0,0
900224948363425,0,0.0,0
900229128764732,0,0.0,0
900231609298848,0,0.0,0
900375955588075,0,0.0,0
901024407152266,0,1.0,1
901099561625054,0,0.0,0
901704190594909,0,0.0,0
901743866540271,0,0.0,0
902313311383733,0,0.0,0
902491886256125,0,0.0,0
902772671735913,0,0.0,0
902778315119045,0,0.0,0
904919155457705,0,0.0,0
905107304588587,0,0.0,0
905447676444311,1,1.0,1
905448166314923,0,0.0,0
908438588238120,0,0.0,0
908443998419438,0,0.0,0
908569845818799,0,0.0,0
908825828462643,0,0.0,0
909323136862857,0,0.0,0
909767799138317,0,0.0,0
910660821916033,0,0.0,0
910664164269607,0,0.0,0
911742828878718,0,0.0,0
912446827781773,0,0.0,0
914204176245024,0,0.0,0
914471089315444,0,0.0,0
914852280684114,0,0.0,0
915117951258807,0,0.0,0
915607291169300,0,0.0,0
915749240177927,0,0.0,0
916178995174064,0,0.0,0
916217961875354,0,0.0,0
918926356974795,0,0.0,0
919175287741210,0,0.0,0
919705950832458,0,0.0,0
920125937756244,0,0.0,0
923064550872318,0,0.0,0
923376323807300,0,0.0,0
923522937735415,0,0.0,0
924292271882696,0,0.0,0
926653876079433,0,0.0,0
926816113043338,0,0.0,0
927799309394809,0,0.0,0
928801176042080,0,0.0,0
928965485818898,0,0.0,0
929030107315530,0,1.0,1
930687709147480,0,0.0,0
931157141305255,0,0.0,0
931943917222271,0,0.0,0
932374955073424,0,0.0,0
932938687586615,0,0.0,0
934051436466584,0,0.0,0
934192311946959,0,0.0,0
934215893176274,0,0.0,0
934270664044299,0,0.0,0
936386990275634,0,0.0,0
938080896933657,0,0.0,0
938295436046210,0,0.0,0
938338158047376,0,0.0,0
939256105834121,0,0.0,0
939654440121685,0,0.0,0
939793431879259,0,0.0,0
940970363207689,0,0.0,0
942019990031432,0,0.0,0
943007344874458,0,0.0,0
945399378819225,0,0.0,0
945731837738479,0,0.0,0
946000603113367,0,0.0,0
948201368674914,0,0.0,0
950739330624466,0,0.0,0
950772034542914,0,0.0,0
951157769929121,0,0.0,0
951719982778957,0,0.0,0
952239795800367,0,0.0,0
952951892419079,0,0.0,0
954799437246844,0,0.0,0
955458921355789,0,0.0,0
956087881297823,0,0.0,0
957488015570752,0,0.0,0
958459208378575,0,0.0,0
958560882917083,0,0.0,0
961889065272709,0,0.0,0
961891983188656,0,0.0,0
961970564853644,0,0.0,0
963482045723007,0,0.0,0
964012661518915,0,0.0,0
964330285354968,0,0.0,0
964699864342078,0,0.0,0
968121590306655,0,0.0,0
968731327999986,0,0.0,0
968734053838500,0,0.0,0
968816479774912,0,0.0,0
969149411988085,0,0.0,0
969304343584538,0,0.0,0
969818224077720,0,0.0,0
969884805556079,0,0.0,0
970610211605395,0,0.0,0
971433033436868,0,1.0,1
972234419203465,0,0.0,0
972885379022440,0,0.0,0
973854695116857,0,0.0,0
974309501170237,0,0.0,0
974590856346971,0,0.0,0
974851766083961,0,0.0,0
975498857826833,0,0.0,0
976499805177499,0,0.0,0
976797017447632,0,0.0,0
978133815325800,0,0.0,0
978285015292858,0,0.0,0
979055399053006,0,0.0,0
979154243236196,0,0.0,0
979556392088597,0,0.0,0
979764082300099,0,0.0,0
979924907668116,1,1.0,1
979999619558761,0,0.0,0
980229069383958,0,0.0,0
981011994699062,0,0.0,0
981385852731135,0,0.0,0
981570830137515,0,0.0,0
982000922262744,0,0.0,0
982289613800164,0,0.0,0
982664707389521,0,0.0,0
984163079516533,0,0.0,0
984737739800051,0,0.0,0
985050344971683,0,0.0,0
986078254474102,0,0.0,0
986967669937801,0,0.0,0
988848673401938,0,0.0,0
989739215609735,0,0.0,0
990105060230229,0,0.0,0
991021553337163,0,0.0,0
994235529649318,0,0.0,0
995536897683890,0,0.0,0
995843716729499,0,0.0,0
996116316919902,0,0.0,0
998322037386208,0,0.0,0
999054650874528,0,0.0,0
1000527652709586,0,0.0,0
1000605608113859,0,0.0,0
1000778816238136,0,0.0,0
1000951259722475,0,0.0,0
1003271114191280,0,0.0,0
1003802032804824,0,0.0,0
1003806091190227,0,0.0,0
1003897394089625,0,0.0,0
1003998248906759,1,1.0,1
1003998427709735,0,0.0,0
1004218455090944,0,0.0,0
1006088090532416,0,0.0,0
1007617679729535,0,0.0,0
1007619641090525,0,0.0,0
1007742291358745,0,0.0,0
1009128502207027,0,0.0,0
1010047324005882,0,0.0,0
1010051265780014,0,0.0,0
1011207950875237,0,0.0,0
1011778026462377,0,0.0,0
1012188681592755,0,0.0,0
1013583386357402,0,0.0,0
1014431142509896,0,0.0,0
1014737976706386,0,0.0,0
1015904690431767,0,0.0,0
1016835331086855,0,0.0,0
1016835940934387,0,0.0,0
1017268960997573,1,1.0,1
1018226288732676,0,0.0,0
1018536374447385,0,0.0,0
1018608842836032,0,0.0,0
1018722327487504,0,0.0,0
1023015377705702,0,0.0,0
1023143685677402,0,0.0,0
1024070160679778,0,0.0,0
1025596511316915,0,0.0,0
1025624213019649,0,0.0,0
1025687907162999,0,0.0,0
1026657413404257,0,0.0,0
1026933475140146,0,0.0,0
1027341856800136,0,0.0,0
1027906086381577,0,0.0,0
1028524269787341,0,0.0,0
1029314737911113,0,0.0,0
1029319442285658,0,0.0,0
1029692371733740,0,0.0,0
1029864293520180,0,0.0,0
1031118487643029,0,0.0,0
1032158333412849,0,0.0,0
1032512407797568,0,0.0,0
1033648978850495,0,0.0,0
1033681764019039,0,0.0,0
1033847688658011,0,0.0,0
1035621809032212,0,0.0,0
1036825271220469,0,0.0,0
1036993466945217,0,0.0,0
1038271252235481,0,0.0,0
1039358197955162,0,0.0,0
1039364571050253,0,0.0,0
1040209482990963,0,0.0,0
1040675024467694,0,0.0,0
1040953952082362,0,1.0,1
1041349852751779,0,0.0,0
1041479405808196,0,0.0,0
1041629528013522,0,0.0,0
1041857063776390,0,0.0,0
1042155659375983,0,0.0,0
1043494446366237,0,0.0,0
1045233783564612,0,0.0,0
1045355095622553,0,0.0,0
1046233258862237,0,0.0,0
1046783644105802,0,0.0,0
1047596699439672,0,0.0,0
1048451895354082,0,0.0,0
1048865327215053,0,0.0,0
1050414969233346,0,0.0,0
1051391696464542,0,1.0,1
1052087864259782,0,0.0,0
1052324746472851,0,0.0,0
1053258257637690,0,0.0,0
1053886407475605,0,0.0,0
1054026465667376,0,0.0,0
1056047867286687,0,0.0,0
1058081655692799,0,0.0,0
1059411487717817,0,0.0,0
1059959338151859,0,0.0,0
1063896665050233,0,0.0,0
1066586632040637,0,0.0,0
1067270742757931,0,0.0,0
1068060557343362,0,0.0,0
1068135505188740,0,0.0,0
1069292174095739,0,0.0,0
1069886011076119,0,0.0,0
1071048310682533,0,0.0,0
1071268814069531,0,0.0,0
1071275671797944,0,0.0,0
1072876429462006,0,0.0,0
1074351919557615,0,0.0,0
1079081114168857,0,0.0,0
1079820254212606,0,0.0,0
1079826364258029,0,0.0,0
1079935554862707,0,0.0,0
1079936647363937,0,0.0,0
1081124702257984,0,0.0,0
1081879482291597,0,0.0,0
1082130083286394,0,0.0,0
1082349422094868,0,0.0,0
1082661011079477,0,0.0,0
1082829849964819,0,0.0,0
1082862363445453,0,0.0,0
1082964267957101,0,0.0,0
1083011255340313,0,0.0,0
1083458291591192,0,0.0,0
1083603327594833,0,0.0,0
1085131641180348,0,0.0,0
1085322327209073,0,0.0,0
1085323576815901,0,0.0,0
1087819645894678,0,0.0,0
1088350095344669,0,0.0,0
1088519126686358,0,0.0,0
1088542421634288,0,0.0,0
1088608179813182,0,0.0,0
1089611562873137,0,0.0,0
1090424312825221,0,0.0,0
1090700679979856,0,0.0,0
1090844666721491,0,0.0,0
1090870685208348,0,0.0,0
1091935709143404,0,0.0,0
1092196961082478,0,0.0,0
1092650351108631,0,0.0,0
1093207939581381,0,0.0,0
1093540374103261,0,0.0,0
1093701242149368,0,0.0,0
1093827145581401,1,1.0,1
1094641522786139,0,0.0,0
1095245524075658,0,0.0,0
1095388738948955,0,0.0,0
1095391374798353,1,1.0,1
1095995590220749,0,0.0,0
1096203493128291,0,0.0,0
1096589513920069,0,0.0,0
1097995278635065,0,0.0,0
1099104442149352,0,0.0,0
1099554349980052,0,0.0,0
1100802521578883,0,0.0,0
1102837388195758,0,0.0,0
1102913579159967,0,0.0,0
1102916267585901,0,0.0,0
1103140041062167,0,0.0,0
1103170200792064,0,0.0,0
1103346949381115,0,0.0,0
1103387733735452,0,0.0,0
1104000104909120,0,0.0,0
1105564281430570,0,0.0,0
1108437063246979,0,0.0,0
1108444328505063,0,0.0,0
1114126161903674,0,0.0,0
1114430348232661,0,0.0,0
1115394622260109,0,0.0,0
1116736149685619,0,0.0,0
1117699556188324,0,0.0,0
1117983164568067,0,0.0,0
1118263450975087,0,0.0,0
1118264528921693,0,0.0,0
1118265306954229,0,0.0,0
1119278611241307,0,0.0,0
1119573513482848,0,0.0,0
1119605510288278,0,0.0,0
1120375775688049,0,0.0,0
1120499870354041,0,0.0,0
1120503265737862,0,0.0,0
1120924378851595,0,0.0,0
1121407610665637,0,0.0,0
1122845291325158,0,0.0,0
1123290846764761,0,0.0,0
1123835483397847,0,0.0,0
1123946990829133,0,0.0,0
1123950337335617,0,0.0,0
1123952022091142,0,0.0,0
1125383834763946,0,0.0,0
1125688644690131,0,0.0,0
1125829553161112,0,0.0,0
846434220769942,0,0.0,0
846891786632409,0,0.0,0
846939133458709,0,0.0,0
847509907790147,0,0.0,0
848562537260981,0,0.0,0
849296520813285,0,0.0,0
850206228579344,0,0.0,0
851984469597029,0,0.0,0
857238817321890,0,0.0,0
857906044450774,1,1.0,1
859297431250301,0,0.0,0
859791154740947,0,0.0,0
861060298565448,0,0.0,0
861278622482708,0,0.0,0
861978910733694,0,0.0,0
861980209936575,0,0.0,0
861985813694464,0,0.0,0
864727797351107,1,1.0,1
865390032224138,0,1.0,1
865639960868808,0,0.0,0
865900656526452,1,1.0,1
866461047467434,0,0.0,0
866583342905536,0,1.0,1
866718432157974,0,0.0,0
867839455534887,0,0.0,0
868580991553746,0,0.0,0
869074847345673,0,0.0,0
869079793453902,0,1.0,1
869426749383981,0,0.0,0
872443518854503,0,0.0,0
872561486010527,0,0.0,0
872674159275418,0,0.0,0
873036415006020,0,0.0,0
873497712360481,0,0.0,0
875630947245262,0,0.0,0
875797167543056,0,0.0,0
877454322577056,0,0.0,0
877724110191777,0,0.0,0
877871764465646,0,0.0,0
878178446015371,0,0.0,0
878435077304107,0,0.0,0
878764845441232,0,0.0,0
879781486343948,0,0.0,0
880445791554197,0,0.0,0
880673894756418,0,0.0,0
880676215121379,0,0.0,0
881167794984611,0,0.0,0
882951868204860,0,0.0,0
882958910851539,0,0.0,0
882962381738697,0,0.0,0
882965149785437,0,0.0,0
883118558619107,0,0.0,0
883781094689150,0,0.0,0
883930158868372,0,0.0,0
883983786453875,0,0.0,0
884342622492992,0,0.0,0
884372969943826,0,0.0,0
884664597364211,0,0.0,0
884669764292820,0,0.0,0
884901449211431,0,0.0,0
885639295281791,0,0.0,0
886246497730261,0,0.0,0
886336903479198,0,0.0,0
886421160042146,0,0.0,0
886523018998294,0,0.0,0
886579276112488,0,0.0,0
887699472052727,0,0.0,0
887965412698851,0,0.0,0
888011373559372,0,0.0,0
889743620357458,0,0.0,0
890308235344018,0,0.0,0
890556748533216,0,0.0,0
890621905416269,0,0.0,0
890658145988142,0,0.0,0
890783321883059,0,0.0,0
890931898958095,0,0.0,0
891744181926164,0,0.0,0
891790424418448,0,0.0,0
891939947624818,0,0.0,0
892704422719349,0,0.0,0
893771492536831,0,0.0,0
894076684309654,0,0.0,0
894699814524627,0,0.0,0
896419853230860,0,0.0,0
896536324829985,0,0.0,0
897018595519683,0,0.0,0
897191858796499,0,0.0,0
897658973257352,0,0.0,0
898049151465246,0,0.0,0
901923310545894,0,0.0,0
902546454796238,0,0.0,0
903937952506999,0,0.0,0
904690061914015,0,0.0,0
904695697643475,0,0.0,0
906801414886126,0,0.0,0
910548310356928,0,0.0,0
910590792953650,0,0.0,0
910753221027088,0,0.0,0
910759860111617,0,0.0,0
912052049603827,0,0.0,0
912122439825567,0,0.0,0
914684167684979,0,0.0,0
914818101490409,0,0.0,0
915600609908320,0,0.0,0
916218936029487,0,0.0,0
916301190072481,0,0.0,0
916630850967973,0,0.0,0
917558537502091,0,0.0,0
918746814407250,0,0.0,0
918944991221075,0,0.0,0
919816611265474,0,0.0,0
919857366183353,0,0.0,0
920703867465575,0,0.0,0
920704159053931,0,0.0,0
921703498509086,0,0.0,0
921954178399576,0,0.0,0
922033478421484,0,0.0,0
922737651193090,0,0.0,0
922783305284646,0,0.0,0
922878805455028,0,0.0,0
922944891531240,0,0.0,0
923710749612808,0,0.0,0
924020702441328,0,0.0,0
924952018382968,0,0.0,0
924984167204737,0,0.0,0
924985606861120,0,0.0,0
925724556217072,0,0.0,0
927443053687567,0,0.0,0
927564118919819,0,0.0,0
928746225725506,0,0.0,0
930062815328101,0,0.0,0
930099846148921,0,0.0,0
930650183226731,0,0.0,0
931090296449349,0,0.0,0
931791394357328,0,0.0,0
932152397947264,0,0.0,0
934135456394260,0,0.0,0
934578916768984,0,0.0,0
935124400509445,0,0.0,0
935678030484005,0,0.0,0
936140638546255,0,0.0,0
937614299697697,0,0.0,0
938846121932363,0,0.0,0
939279504669729,0,0.0,0
940213850741325,0,0.0,0
941698032597706,0,0.0,0
943149813743144,0,0.0,0
947113692992452,0,0.0,0
947279159846780,0,0.0,0
947875434213073,0,0.0,0
947879612451699,0,0.0,0
949061435181920,0,0.0,0
949153205377124,0,0.0,0
949678256585427,0,0.0,0
949766597437061,0,0.0,0
950815818512968,0,0.0,0
951768641349566,0,0.0,0
951944909845074,0,0.0,0
953275346546215,0,0.0,0
953954324056752,1,1.0,1
955902833403511,0,0.0,0
956020585183091,0,0.0,0
956275084885358,0,0.0,0
957363254366099,0,0.0,0
957969828495016,0,0.0,0
959575590043993,0,0.0,0
959624313548149,0,0.0,0
959656318125400,0,0.0,0
959744349304626,0,0.0,0
960605238907860,0,0.0,0
961559108013815,0,0.0,0
961873117299788,0,0.0,0
961877175092371,1,1.0,1
961940262369403,0,0.0,0
962093237331851,0,0.0,0
962314085596612,0,0.0,0
962590723826586,0,0.0,0
962631444421900,0,0.0,0
962635538126514,0,0.0,0
963129191657700,0,0.0,0
964479610666208,0,0.0,0
966535104994757,0,0.0,0
967076829497605,0,0.0,0
968976061068520,0,0.0,0
969006827524707,0,0.0,0
969207021357720,0,0.0,0
969210788911958,1,1.0,1
969638714289991,0,0.0,0
969920353957649,0,0.0,0
969960601702366,0,0.0,0
970180952318132,0,0.0,0
970183915043454,0,0.0,0
971100996928215,0,0.0,0
971101175736573,0,0.0,0
972398544937131,0,0.0,0
972719322578587,0,0.0,0
974692406582669,0,0.0,0
975407285750931,0,0.0,0
978883213010727,0,0.0,0
979662589944899,0,0.0,0
980530118220520,0,0.0,0
983347138513546,0,0.0,0
983462215808493,0,0.0,0
984148316496883,0,0.0,0
984363150459148,0,0.0,0
986127910411443,0,0.0,0
986162070905030,0,0.0,0
987236468469536,0,0.0,0
987723725150240,0,0.0,0
988256496378149,0,0.0,0
988506924225184,0,0.0,0
989192761600658,0,0.0,0
989585373899579,0,0.0,0
991493970674386,0,0.0,0
991866199761981,0,0.0,0
994336200646891,0,0.0,0
994663063979131,0,0.0,0
994666723295136,0,0.0,0
994667327497573,0,0.0,0
994761600309487,0,0.0,0
995981965263928,0,0.0,0
996151997991433,0,0.0,0
996224569988559,0,0.0,0
996317677791634,0,0.0,0
996984893693611,0,0.0,0
997033370119470,0,0.0,0
997306800652174,0,0.0,0
997452309733148,0,0.0,0
997489227867563,0,0.0,0
997898017857583,0,0.0,0
998020985848349,0,0.0,0
998028440838971,0,0.0,0
998038256340532,0,0.0,0
998404213732722,0,0.0,0
998519598256063,0,0.0,0
999646718408553,0,0.0,0
999732594869318,0,0.0,0
999754365767768,0,0.0,0
1000699935595734,0,0.0,0
1001213863023865,0,0.0,0
1002501140065374,0,0.0,0
1002750662734281,0,0.0,0
1003051339885222,0,0.0,0
1003241774937204,0,0.0,0
1005640965599496,0,0.0,0
1006550304848521,0,0.0,0
1007051242014238,0,0.0,0
1007256355228736,0,0.0,0
1007427837798475,0,0.0,0
1008897819835081,0,0.0,0
1009565939210835,0,0.0,0
1011879270575035,0,0.0,0
1011888797159695,0,0.0,0
1012496693228898,0,0.0,0
1013762307860039,0,0.0,0
1014176425193062,0,0.0,0
1014501734248209,0,0.0,0
1014795913417692,0,0.0,0
1016100097762086,0,0.0,0
1017942270606404,0,0.0,0
1018215352454360,0,0.0,0
1018849859071506,1,1.0,1
1019411349871329,0,0.0,0
1020087653495130,0,0.0,0
1021440502178703,0,0.0,0
1022038454841534,0,0.0,0
1023358487869211,0,0.0,0
1023890184561772,0,0.0,0
1023893680719981,0,0.0,0
1025673975369354,0,0.0,0
1025958897660230,0,0.0,0
1026917347368747,0,0.0,0
1027540891019641,0,0.0,0
1027898834271666,0,0.0,0
1028742799793953,0,0.0,0
1029233344255970,0,0.0,0
1029857869004927,0,0.0,0
1031623742091889,0,0.0,0
1032101986230896,0,0.0,0
1032629039357176,0,0.0,0
1032635448515862,0,0.0,0
1033586468638697,1,1.0,1
1033893606255961,0,0.0,0
1034375196177912,0,0.0,0
1034742611141926,0,0.0,0
1034907715331345,0,0.0,0
1035143829338027,0,0.0,0
1035490999343400,0,0.0,0
1036072907260314,0,0.0,0
1036106806829656,0,0.0,0
1036154024341612,0,0.0,0
1036159383824931,0,0.0,0
1037053772901296,0,0.0,0
1037089181807817,0,0.0,0
1037159288587492,0,0.0,0
1037433328283756,0,0.0,0
1037499812085257,0,0.0,0
1037804187813674,0,0.0,0
1037804657627505,0,0.0,0
1037805815552963,0,0.0,0
1040837975861880,0,0.0,0
1042228542477462,0,0.0,0
1044557597316435,0,0.0,0
1044565349685185,0,0.0,0
1044849239789717,0,0.0,0
1044874838837987,0,0.0,0
1044877178968368,0,0.0,0
1044881071068768,0,0.0,0
1048291171213731,0,0.0,0
1048525203111992,0,1.0,1
1049375334135081,0,0.0,0
1050754044118155,1,1.0,1
1053657565159591,0,0.0,0
1055020055823955,0,0.0,0
1055349992257204,0,0.0,0
1055413955409852,0,0.0,0
1056251701068951,0,0.0,0
1056450088268217,0,0.0,0
1056452479466214,0,0.0,0
1057585640922338,0,0.0,0
1058409875157248,0,0.0,0
1060123474173707,0,0.0,0
1060824233478886,0,0.0,0
1061003377984504,0,0.0,0
1061438647082152,0,0.0,0
1061783321722317,0,0.0,0
1063250983002267,0,0.0,0
1063418579098216,0,0.0,0
1063936459862615,0,0.0,0
1063989279975224,0,0.0,0
1063990012489332,0,0.0,0
1063994317682511,0,0.0,0
1064049303571515,0,0.0,0
1064410229962131,0,0.0,0
1065204868595034,0,0.0,0
1065932395954116,0,0.0,0
1065975656889137,0,0.0,0
1066781175457750,0,0.0,0
1067060941108916,0,0.0,0
1067666344474520,0,0.0,0
1067715629687641,0,0.0,0
1068034071598649,0,0.0,0
1069434755578836,0,0.0,0
1069803386994030,0,0.0,0
1070367170898638,0,0.0,0
1070373807289571,0,0.0,0
1070849994066152,0,0.0,0
1070853236973690,0,0.0,0
1070916131105224,0,0.0,0
1070968054527157,0,0.0,0
1071659050353852,0,0.0,0
1071740288186311,0,0.0,0
1073255124073706,0,0.0,0
1074545376225260,0,0.0,0
1074921205604224,0,0.0,0
1075134397591100,0,0.0,0
1077180957773670,0,0.0,0
1077402879187426,0,0.0,0
1078844808459406,0,0.0,0
1079327202937053,0,0.0,0
1080561121887950,0,0.0,0
1080749974162837,0,0.0,0
1081128808319844,0,0.0,0
1081394186465947,0,0.0,0
1082895455709810,0,0.0,0
1083063842463804,0,0.0,0
1083123185916650,0,0.0,0
1083123379307766,0,0.0,0
1083128480894092,0,0.0,0
1083132553394811,0,0.0,0
1083394987726140,0,0.0,0
1084047419011501,0,0.0,0
1084617317348611,0,0.0,0
1084988646363978,0,0.0,0
1085797606904155,0,0.0,0
1085905780210858,0,0.0,0
1087240823638676,0,0.0,0
1088340789306584,0,0.0,0
1090080180183651,0,0.0,0
1091027768268175,0,0.0,0
1092185985883997,0,0.0,0
1094080376753011,0,0.0,0
1094485314870158,0,0.0,0
1096422542739508,0,0.0,0
1098167082340509,0,0.0,0
1098618481420066,0,0.0,0
1098624748867425,0,0.0,0
1099350289566772,0,0.0,0
1100147938773847,0,0.0,0
1100363602102113,1,1.0,1
1100509049415385,0,0.0,0
1101093918421457,0,0.0,0
1101525349265991,0,0.0,0
1103177721660116,0,0.0,0
1103435748417214,0,0.0,0
1103875692181718,0,0.0,0
1105026287158115,0,0.0,0
1105227210239812,0,0.0,0
1105280591757288,0,0.0,0
1105341622553604,0,0.0,0
1105458679603196,0,0.0,0
1105522016886714,0,0.0,0
1107234886781988,0,0.0,0
1108780262718810,0,0.0,0
1109957777939257,0,0.0,0
1109965499431789,0,0.0,0
1110086679704025,0,0.0,0
1110132208702094,0,0.0,0
1110358170096879,0,0.0,0
1111210474111249,0,0.0,0
1111213207125209,0,0.0,0
1111435292215879,0,0.0,0
1112283640431592,0,0.0,0
1112952663666769,0,0.0,0
1113503726395005,0,0.0,0
1113851576695369,0,0.0,0
1114484299072648,0,0.0,0
1115789013770089,0,0.0,0
1117371062206202,0,0.0,0
1117529042337272,0,0.0,0
1117691765102121,0,0.0,0
1118425523906659,0,0.0,0
1118577625159348,0,0.0,0
1119450178627300,0,0.0,0
1119832991946593,0,0.0,0
1119888806655961,0,0.0,0
1120019810378356,0,0.0,0
1120294216429926,0,0.0,0
1120542684831397,0,0.0,0
1120551386989803,0,0.0,0
1120649745597218,0,0.0,0
1120907081318552,0,0.0,0
1122408447106602,0,0.0,0
1122985654039279,0,0.0,0
1123022384414982,0,0.0,0
1123184624425711,0,0.0,0
1123478152217277,0,0.0,0
1123975893888484,0,0.0,0
1124641474381597,0,0.0,0
845950980157450,0,0.0,0
849841596570798,0,0.0,0
851028914952118,0,0.0,0
853309313670409,0,0.0,0
854017949869464,0,0.0,0
854146686067702,0,0.0,0
854313156639727,0,0.0,0
854657143806614,0,0.0,0
855511757971040,0,0.0,0
855645735245476,0,0.0,0
856460063426761,0,0.0,0
856610226084949,0,0.0,0
856677341561075,0,0.0,0
856872463404830,0,0.0,0
858031598454124,0,0.0,0
858042131387539,0,0.0,0
859645341738854,0,0.0,0
859710084063901,0,0.0,0
860794450408164,0,0.0,0
861156737943262,0,0.0,0
861584716426443,0,0.0,0
861594388029800,0,0.0,0
862750890134577,0,0.0,0
862753782987488,1,1.0,1
862803533576952,1,1.0,1
863989933606998,0,0.0,0
864724758122811,0,0.0,0
865876091119003,0,0.0,0
866164392721845,0,0.0,0
866560394175754,0,0.0,0
867150300713533,0,0.0,0
867151844080510,0,0.0,0
867275929638756,0,0.0,0
867286293929788,0,0.0,0
867691441837105,0,0.0,0
867694381619077,0,0.0,0
867972816308123,0,0.0,0
868003349851599,0,0.0,0
868279504829871,0,0.0,0
868386720206515,0,0.0,0
868500630630129,0,0.0,0
868600562506802,0,0.0,0
868878144464383,0,0.0,0
870426783588087,0,0.0,0
870574074031197,0,0.0,0
871018590666706,0,0.0,0
871135015950320,0,0.0,0
872243024733488,0,0.0,0
872510395410406,0,0.0,0
875050268299280,0,0.0,0
877061775356685,0,0.0,0
878626606194762,0,0.0,0
878633649216228,0,0.0,0
879339949752071,0,0.0,0
879941863202490,0,0.0,0
880666089824482,0,0.0,0
881746265545452,0,0.0,0
882343685397713,0,0.0,0
883598666088107,1,1.0,1
883940910124822,0,0.0,0
884844265181555,0,0.0,0
885249425741362,0,0.0,0
885584659795385,0,0.0,0
885719169770906,0,0.0,0
886288624130763,0,0.0,0
886329033503884,0,0.0,0
889857906284608,0,0.0,0
890292240298870,0,0.0,0
892504892210304,0,0.0,0
892872083411137,0,0.0,0
894865147306572,0,0.0,0
895315691456921,0,0.0,0
895405832486441,0,0.0,0
896607611588516,0,0.0,0
897025403395723,0,0.0,0
897871384671205,0,1.0,1
899669285278387,0,0.0,0
900034242825468,0,0.0,0
900519768518327,0,0.0,0
900829651329571,0,0.0,0
902267927201775,0,0.0,0
902376538127266,0,0.0,0
904940686337693,0,0.0,0
904947817705808,0,0.0,0
905154643269298,0,0.0,0
905155947843255,0,0.0,0
905621097923044,1,1.0,1
905990059532183,0,0.0,0
906027187443241,0,0.0,0
906285507622225,0,0.0,0
907318122843554,0,0.0,0
908240676695274,0,0.0,0
910267151336833,0,0.0,0
910613200085561,0,0.0,0
910637372377359,0,0.0,0
911100278783499,0,0.0,0
911427938788779,0,0.0,0
911434206563660,0,0.0,0
911563572582568,0,0.0,0
912326089882946,0,0.0,0
912376681888361,0,0.0,0
912379915147429,1,1.0,1
912446565641917,1,1.0,1
912675501455382,1,1.0,1
912856576090886,0,0.0,0
913685641975182,0,0.0,0
913688410455259,0,0.0,0
913718102457222,0,0.0,0
913956051849547,0,0.0,0
913956786586922,0,0.0,0
915336496135782,0,0.0,0
915376554262743,0,0.0,0
915778603885827,0,0.0,0
917058956551338,0,0.0,0
918275555983302,0,0.0,0
920029910329398,0,0.0,0
920070034057612,0,0.0,0
920073293043327,0,0.0,0
920457595093022,0,0.0,0
921067037454252,0,0.0,0
921297534458832,0,0.0,0
923035749062842,0,0.0,0
923099451321581,0,0.0,0
924418759645585,0,0.0,0
924585817016775,0,0.0,0
925137794976366,0,0.0,0
925761024949629,0,0.0,0
927127821156373,0,0.0,0
927130134191571,0,0.0,0
927136793301258,0,0.0,0
927274322498363,0,0.0,0
928746062440066,0,0.0,0
928750091117889,0,0.0,0
928754468791595,0,0.0,0
930290006299620,0,0.0,0
931562776766282,0,0.0,0
931568315933281,0,0.0,0
931808049915610,0,0.0,0
931883088666214,0,0.0,0
932144391267251,0,0.0,0
932433838227374,0,0.0,0
933241956247787,0,0.0,0
933724079620062,0,0.0,0
935079404442235,0,0.0,0
936449078037244,0,0.0,0
936719078255788,0,0.0,0
937096432490913,0,0.0,0
937153534256981,0,0.0,0
937221949236636,0,0.0,0
937936918250250,0,0.0,0
939653808391184,0,0.0,0
940173769109909,0,0.0,0
940440467273281,0,0.0,0
940650576348025,0,0.0,0
943141140234553,0,0.0,0
943153282923615,0,0.0,0
943516780224964,0,0.0,0
944240577146795,0,0.0,0
944296458626084,0,0.0,0
945033165454883,0,0.0,0
945033271914710,0,0.0,0
945299701003623,0,0.0,0
945300106896441,0,0.0,0
945308405124315,1,1.0,1
945370525527195,0,0.0,0
946069845489655,0,0.0,0
948163706438205,0,0.0,0
948669615883048,0,0.0,0
948677496664057,1,1.0,1
950407566252545,0,0.0,0
950920694039893,0,0.0,0
951120876549624,0,0.0,0
952127732133802,0,0.0,0
952403698589244,0,0.0,0
952574584274017,0,0.0,0
952681037084633,0,1.0,1
954272742555989,0,0.0,0
954659117352970,0,0.0,0
954856037399527,0,0.0,0
955053167068679,0,0.0,0
955964917217969,0,0.0,0
955968140309079,0,0.0,0
956358251177451,0,0.0,0
956535888841230,0,0.0,0
956536276320841,0,0.0,0
957191319519070,0,0.0,0
957277232804994,0,0.0,0
958161623305350,0,0.0,0
958232437719039,0,0.0,0
958494749896278,0,0.0,0
958998934400756,0,0.0,0
959359991207346,0,0.0,0
959424753325494,0,0.0,0
960177126113025,0,0.0,0
960875251729233,0,0.0,0
961337672492346,0,0.0,0
961342082776986,0,0.0,0
962216752017060,0,0.0,0
962318190682935,0,0.0,0
962806094372610,0,0.0,0
963317634287533,0,0.0,0
965046664222936,0,0.0,0
965173893822776,0,0.0,0
965852730074387,0,0.0,0
966091993981477,0,0.0,0
966201913211879,0,0.0,0
966454375292647,0,0.0,0
966456226233181,0,0.0,0
966583045590574,0,0.0,0
966590914717570,0,0.0,0
966705542779238,0,0.0,0
966949516640051,0,0.0,0
967627774209669,0,0.0,0
967966654027379,0,0.0,0
968064003793458,0,0.0,0
968268468008114,0,0.0,0
968313243706404,0,0.0,0
969871136385175,0,0.0,0
970340776888625,0,0.0,0
970764073125551,0,0.0,0
970934378779017,0,0.0,0
970993261810204,0,0.0,0
971062390870769,0,0.0,0
972150789415383,0,0.0,0
973302792373142,0,0.0,0
973390245593803,0,0.0,0
973474399259316,0,0.0,0
974998504205869,0,0.0,0
975194972849739,0,0.0,0
975195698053278,0,0.0,0
975196410129274,0,0.0,0
975271465362951,0,0.0,0
976824063660578,0,0.0,0
977191214104715,0,0.0,0
979163461228937,0,0.0,0
981259134720446,0,0.0,0
981457659831538,0,0.0,0
982015766204301,0,0.0,0
982282876172319,0,0.0,0
982857188219946,0,0.0,0
983538448506834,0,0.0,0
983689549408242,0,0.0,0
984660622915770,0,0.0,0
984897149701200,0,0.0,0
985124955718531,0,0.0,0
985177112287618,0,0.0,0
985180105510252,0,0.0,0
985860770109700,0,0.0,0
986318147323484,0,0.0,0
987215213334021,0,0.0,0
987314579401868,0,0.0,0
988853986048484,0,0.0,0
989255269063092,0,0.0,0
989556705320607,0,0.0,0
992247974367928,0,0.0,0
992662234581576,0,0.0,0
992727337553087,0,0.0,0
994490836421336,0,0.0,0
995953291966405,0,0.0,0
996637043550817,0,0.0,0
998597610726012,0,0.0,0
999219500349894,0,0.0,0
1000970756698330,0,0.0,0
1001034288702942,0,0.0,0
1002209560569414,0,0.0,0
1002329924209318,0,0.0,0
1002331618781082,1,1.0,1
1003113120573715,0,0.0,0
1003422644240983,0,0.0,0
1003713913849773,0,0.0,0
1003718165337942,0,0.0,0
1004081672926280,0,0.0,0
1005362067918823,0,0.0,0
1005667890529984,0,0.0,0
1006136241524801,0,0.0,0
1006184288967769,0,0.0,0
1006796992635816,0,0.0,0
1007561585802116,0,0.0,0
1009796360897687,0,0.0,0
1010022236381725,0,0.0,0
1010208059673840,0,0.0,0
1012596301753561,0,0.0,0
1012938069378883,0,0.0,0
1012946300565550,0,0.0,0
1014645449842252,0,0.0,0
1014767447945614,0,0.0,0
1016141969307802,0,0.0,0
1016142122672422,0,0.0,0
1016270543989939,0,0.0,0
1017891527630442,0,0.0,0
1020028918755241,0,0.0,0
1020394607953418,0,0.0,0
1020437270304769,0,0.0,0
1020440964312452,0,0.0,0
1020514991590051,0,0.0,0
1020710352782369,1,1.0,1
1024101799377892,0,0.0,0
1024164920007656,0,0.0,0
1024343962447512,0,0.0,0
1024431352550856,0,0.0,0
1024711935642587,0,0.0,0
1024962210038679,0,0.0,0
1025078518459860,0,0.0,0
1025246201860095,0,0.0,0
1025651520889887,0,0.0,0
1025968335094136,1,1.0,1
1026229680599398,0,0.0,0
1026282474085830,0,0.0,0
1027236989805831,0,0.0,0
1027500597680642,0,0.0,0
1027900978235950,0,0.0,0
1028788454985474,0,0.0,0
1029071674586433,1,1.0,1
1029723331575981,0,0.0,0
1029889982792578,1,1.0,1
1031474389686587,0,0.0,0
1033766778957779,0,0.0,0
1034583831627599,0,0.0,0
1035733570183700,0,0.0,0
1035766112688434,0,0.0,0
1036734323714589,0,0.0,0
1037334990992418,0,0.0,0
1037700447950571,0,0.0,0
1041691055008072,0,0.0,0
1042036478905995,0,0.0,0
1043377201783419,0,0.0,0
1044324382181125,0,0.0,0
1044549705213023,0,0.0,0
1044636665835887,0,0.0,0
1044640485558689,0,0.0,0
1044855106855847,0,0.0,0
1044867612601082,0,0.0,0
1045721815811716,1,1.0,1
1046611798696854,0,0.0,0
1046731877448956,0,0.0,0
1047603166369895,0,0.0,0
1048627458304087,0,0.0,0
1048834965591293,1,1.0,1
1049248500216542,0,0.0,0
1049715902681145,0,0.0,0
1049723866972325,0,0.0,0
1050356666295160,0,0.0,0
1051123611709426,0,0.0,0
1051125157916640,0,0.0,0
1051197494110697,0,0.0,0
1053656640248654,0,0.0,0
1053898523057037,0,0.0,0
1056961163217562,1,1.0,1
1056989155404910,0,0.0,0
1057065262632680,0,1.0,1
1057230400662664,0,0.0,0
1057234027319295,0,0.0,0
1057584987829090,0,0.0,0
1059482864400058,0,0.0,0
1059495123995515,1,1.0,1
1059561094034481,0,0.0,0
1059604381892851,0,0.0,0
1060011809279791,0,0.0,0
1060231100449062,0,0.0,0
1061073822117877,1,1.0,1
1061372611667112,0,0.0,0
1061734626246796,0,0.0,0
1061959804444578,0,0.0,0
1062550089468852,0,0.0,0
1062554861714756,0,0.0,0
1062635040093667,0,0.0,0
1062635374972336,0,0.0,0
1063344554639891,0,0.0,0
1065080036826106,0,1.0,1
1065209077262024,0,0.0,0
1066665420918648,0,0.0,0
1067012670350979,0,0.0,0
1068614627154491,0,0.0,0
1070847650642214,0,0.0,0
1072642264954728,0,0.0,0
1073451059285887,0,0.0,0
1074526842314091,0,0.0,0
1076682424000690,0,0.0,0
1077855737678878,1,1.0,1
1077870414588640,0,0.0,0
1078235443202332,0,0.0,0
1078579330519421,0,0.0,0
1078579865847780,0,0.0,0
1079689866494677,0,0.0,0
1079727978557217,0,0.0,0
1079832658314975,1,1.0,1
1080173776561828,0,0.0,0
1081203011159912,0,0.0,0
1083013491522424,0,0.0,0
1084034495727209,0,1.0,1
1084081774064732,0,0.0,0
1086321890389274,0,0.0,0
1088151989270693,0,1.0,1
1088872578778672,1,1.0,1
1089388496077577,0,0.0,0
1089420097334724,0,0.0,0
1089420696153335,0,0.0,0
1090175816475885,0,0.0,0
1090178967691799,0,0.0,0
1091762278095501,0,0.0,0
1093250914090359,0,0.0,0
1093743732625743,0,0.0,0
1094722611762129,0,0.0,0
1096178798181325,0,0.0,0
1096865673191347,0,0.0,0
1097787472979217,0,0.0,0
1098190527433395,0,0.0,0
1099891023526539,0,0.0,0
1099928450872574,0,0.0,0
1101079769534017,0,0.0,0
1101324991447399,0,0.0,0
1102171114489950,0,0.0,0
1102303548395315,0,0.0,0
1103930426858375,0,0.0,0
1104456298824597,0,0.0,0
1105033801215938,0,0.0,0
1105400679539048,0,0.0,0
1105616268132545,0,0.0,0
1105621853733036,0,0.0,0
1105708561540168,0,0.0,0
1106069849155319,0,0.0,0
1106403491311359,0,0.0,0
1106490245439846,0,0.0,0
1106968939951179,0,1.0,1
1109033211197735,0,0.0,0
1110025331451327,0,0.0,0
1110578126708136,0,0.0,0
1112447980794561,0,0.0,0
1112509860375147,0,0.0,0
1112598771104330,0,0.0,0
1113614728177856,0,0.0,0
1113643312252148,0,0.0,0
1114876907658637,0,0.0,0
1116777725056487,0,0.0,0
1118979203863158,0,0.0,0
1119226617638999,0,0.0,0
1119474584777487,0,0.0,0
1119754449806168,0,0.0,0
1120430535802055,0,0.0,0
1120559548819645,0,0.0,0
1121399242107935,0,0.0,0
1122431850260618,0,0.0,0
1122747350851105,0,0.0,0
1124252913296560,0,0.0,0
1124446052139459,0,0.0,0
1124929092389311,0,0.0,0
1125384132397877,0,0.0,0
1125827445981477,0,0.0,0
845539218723329,0,0.0,0
846680437203154,0,0.0,0
846680696877602,0,0.0,0
846685914502137,0,0.0,0
847061464728886,0,0.0,0
847138564425797,1,1.0,1
848514803750466,0,0.0,0
848517337811579,0,0.0,0
850678081336404,0,0.0,0
851886116574508,0,0.0,0
851892644038808,0,0.0,0
851991469221541,0,0.0,0
851992002347175,0,0.0,0
851995055224711,0,0.0,0
851995814964387,0,0.0,0
851996853632085,0,0.0,0
852629594674153,0,0.0,0
854241901816921,0,0.0,0
854349715655958,0,0.0,0
854972871940795,0,0.0,0
855459302997800,0,0.0,0
855539168593107,0,0.0,0
855728875657600,0,1.0,1
855847249651450,0,0.0,0
856339777669299,0,0.0,0
856342273995487,0,0.0,0
856347317145824,0,0.0,0
856518333401283,0,0.0,0
856690237117185,0,0.0,0
857080162919341,0,0.0,0
858336422592862,0,0.0,0
859203643105266,0,0.0,0
859295643454807,0,0.0,0
859603869606013,0,0.0,0
859832129716918,0,0.0,0
859836721565469,0,0.0,0
860325987427300,0,0.0,0
861059344998193,0,0.0,0
862205778068606,0,0.0,0
862374411068633,0,0.0,0
862886492815834,0,0.0,0
863792820210434,0,0.0,0
863848743946040,0,0.0,0
863910639376372,0,0.0,0
863968660857476,0,0.0,0
864394093869759,0,0.0,0
864591314309148,0,0.0,0
865368506283618,0,0.0,0
866889745297068,0,0.0,0
867053088295446,0,0.0,0
867826506931296,0,0.0,0
868366299640035,0,0.0,0
868468975722049,0,0.0,0
869327752230237,0,0.0,0
870064484531938,0,0.0,0
870455229170103,0,0.0,0
871492914602951,0,0.0,0
871617446144092,0,0.0,0
871789714570685,0,0.0,0
871994621185811,0,0.0,0
872681378503723,0,0.0,0
872853889722944,0,1.0,1
873491768353817,0,0.0,0
873946072796264,0,0.0,0
874357362833597,0,0.0,0
874686167442458,0,0.0,0
874748818123805,0,0.0,0
874873884056683,0,0.0,0
874876907898470,0,0.0,0
875035326336896,0,0.0,0
875073490621813,0,0.0,0
875136878550996,0,0.0,0
876151519809663,0,0.0,0
876508739894267,0,0.0,0
876823280150574,0,0.0,0
876828359869438,0,1.0,1
879108757212420,0,0.0,0
879300232377634,0,0.0,0
881634813998302,0,0.0,0
881746417350007,0,0.0,0
881983606377729,0,0.0,0
881984451032968,0,0.0,0
883426137612083,0,0.0,0
883608467434216,0,0.0,0
884071709868656,1,1.0,1
885845287564581,0,0.0,0
886028486817331,0,0.0,0
886339320415512,0,0.0,0
887313904164616,0,0.0,0
887407603737734,0,0.0,0
887666900468409,0,0.0,0
887929961312293,0,0.0,0
888156421663256,0,0.0,0
888566229848527,0,0.0,0
888621361516416,0,0.0,0
888700222974976,0,0.0,0
889709004955554,0,0.0,0
889713657712355,0,0.0,0
890176491790733,0,0.0,0
890329349781494,0,0.0,0
890544171669942,0,0.0,0
890855174433980,0,0.0,0
891152198564007,0,0.0,0
891307864169521,0,0.0,0
892438122802956,0,0.0,0
892549002903038,0,0.0,0
892696898122129,0,0.0,0
893746478962595,0,0.0,0
894493846763145,0,0.0,0
894634505662527,0,0.0,0
894792581123863,0,0.0,0
894986500040230,0,0.0,0
895204021293414,0,0.0,0
895752670574924,0,0.0,0
896116174788612,0,0.0,0
896116549703967,0,0.0,0
896310589162543,0,0.0,0
896489120888929,0,0.0,0
896680325092434,0,0.0,0
898095562851296,0,0.0,0
898598823679727,0,0.0,0
898888158193315,0,0.0,0
898892787567201,0,0.0,0
899235957639876,0,0.0,0
899585741725025,0,0.0,0
901055030819795,0,0.0,0
902593318985080,0,0.0,0
903180377373209,0,0.0,0
903313206964101,0,0.0,0
904558734038688,0,0.0,0
906577454255918,0,0.0,0
907811169045208,0,0.0,0
908816454958579,0,0.0,0
908977152962640,0,0.0,0
910631932445477,1,1.0,1
911103323596468,0,0.0,0
911221632221242,0,0.0,0
911501695960098,0,0.0,0
913878320964901,1,1.0,1
914810992222430,0,0.0,0
914815286344914,0,0.0,0
915368283761404,0,0.0,0
917224477831137,0,0.0,0
917442245006452,0,0.0,0
917777286715051,0,0.0,0
918519899760121,0,0.0,0
918524495939103,0,0.0,0
918548423003167,0,0.0,0
919335560954915,0,0.0,0
919977223290764,0,0.0,0
920052223563503,0,0.0,0
920143822642547,0,0.0,0
921259512485152,0,0.0,0
921805378169161,0,1.0,1
921900255339737,0,0.0,0
921901150022796,0,0.0,0
922050322960566,0,0.0,0
922221670291995,0,0.0,0
922332788007510,0,0.0,0
922360271321731,0,0.0,0
923448539500316,0,0.0,0
923806502807815,0,0.0,0
924062527347189,0,0.0,0
924766499903531,0,0.0,0
925159276712657,0,0.0,0
925160151718997,0,0.0,0
925163525623414,0,0.0,0
928216048237420,0,0.0,0
928217082622969,0,0.0,0
928357083377398,0,0.0,0
928801690422506,0,0.0,0
929251637688603,0,0.0,0
930569243190522,0,0.0,0
930778241893291,0,0.0,0
930893769633901,0,0.0,0
931887575801392,0,0.0,0
932871372854898,0,0.0,0
932874412570381,0,0.0,0
932881858829362,0,0.0,0
934339897747016,0,0.0,0
935604970966892,0,0.0,0
935829331796278,0,0.0,0
936205768224725,0,0.0,0
937999839259103,0,0.0,0
940020435944764,0,0.0,0
940664736629330,0,0.0,0
941438005277231,0,0.0,0
941539244687394,0,0.0,0
941598473755348,0,0.0,0
941866390417339,0,0.0,0
942482985409370,1,1.0,1
942524264200407,0,0.0,0
944138946092574,0,0.0,0
944418986824232,0,0.0,0
945690020742897,0,0.0,0
945798930976807,0,0.0,0
946383115941646,0,0.0,0
946436679414565,0,0.0,0
946781856541854,0,0.0,0
948645512281346,0,0.0,0
948965403457852,0,0.0,0
949934569759643,0,0.0,0
950330648931484,0,0.0,0
950606327383185,0,0.0,0
952458556157571,0,0.0,0
952487721062295,0,0.0,0
952942545605136,0,0.0,0
953947138888792,0,0.0,0
954016349893437,0,0.0,0
954019327412007,0,0.0,0
956059223239111,0,0.0,0
957047504354952,0,0.0,0
957279113745814,0,0.0,0
957608801262896,0,0.0,0
958533418071490,0,0.0,0
959361321991447,0,0.0,0
959803027681527,0,0.0,0
960233545207724,0,0.0,0
962676356048477,1,1.0,1
962757536486115,0,0.0,0
963682757873300,0,0.0,0
967241953799044,0,0.0,0
967242144941847,0,0.0,0
967300431786585,0,0.0,0
967454778579287,0,0.0,0
968728151877801,1,1.0,1
968854389876145,0,0.0,0
969142728262395,0,0.0,0
969148573273132,0,0.0,0
969684024834725,0,0.0,0
970596643422104,0,0.0,0
971307379298862,0,0.0,0
971541962211632,0,0.0,0
974009343630562,0,0.0,0
974047871538997,0,0.0,0
974706421872572,0,0.0,0
975317169551059,0,0.0,0
976017462564887,0,0.0,0
977973038624605,0,0.0,0
979679380531229,0,0.0,0
979685228131953,0,0.0,0
980100037822614,0,0.0,0
980714664797690,0,0.0,0
981750048866584,0,0.0,0
981883817445198,0,0.0,0
984320927529847,0,0.0,0
984391948073291,0,0.0,0
985193357742025,0,0.0,0
988604356289724,0,0.0,0
988604592886850,0,0.0,0
989202631855153,0,0.0,0
989745884300409,0,0.0,0
989746216055891,0,0.0,0
989839564391602,0,0.0,0
989878306514543,0,0.0,0
990235386183305,0,0.0,0
990279810243002,0,0.0,0
990715973317164,0,0.0,0
990849047230031,0,0.0,0
992081605243123,0,0.0,0
993294312853004,0,0.0,0
993458385272987,0,0.0,0
993464058128789,0,0.0,0
993522102355883,0,0.0,0
994639967704109,0,0.0,0
994674878812455,0,0.0,0
994823458893860,0,0.0,0
995273441875337,1,1.0,1
996273659590404,1,1.0,1
997050458489117,0,0.0,0
999092091398434,0,0.0,0
999351245852716,0,0.0,0
1000072157022186,0,0.0,0
1000336781241130,0,0.0,0
1000575740736031,0,0.0,0
1001563129887505,0,0.0,0
1002003634553866,0,0.0,0
1002663298131893,0,0.0,0
1002783554730969,0,0.0,0
1003169637546500,0,0.0,0
1003394871255764,0,0.0,0
1003430446975448,0,0.0,0
1004960072841651,0,0.0,0
1005381560399267,0,0.0,0
1005707146250468,0,0.0,0
1006310348350797,0,0.0,0
1006739475636298,0,0.0,0
1006902700058331,0,0.0,0
1007591963315386,0,0.0,0
1008670866685071,0,0.0,0
1009293712174508,0,0.0,0
1010272636182014,0,0.0,0
1010528232074637,0,0.0,0
1010917955476073,0,0.0,0
1010921645718314,0,0.0,0
1010957027329228,0,0.0,0
1010960845066397,0,0.0,0
1011647645854732,0,0.0,0
1011735162026022,1,1.0,1
1011855327751427,0,0.0,0
1013181764089429,0,0.0,0
1013841277749396,0,1.0,1
1014607149570911,0,0.0,0
1014814990178694,0,0.0,0
1014863103407140,0,0.0,0
1016216901565391,0,0.0,0
1016326077228587,0,0.0,0
1017437012350657,0,0.0,0
1017671877388561,0,0.0,0
1019077492368742,0,0.0,0
1019469494672745,0,0.0,0
1019810665595215,0,0.0,0
1020026448230411,0,0.0,0
1021188906062239,0,0.0,0
1022972747717701,0,0.0,0
1022979708870232,0,0.0,0
1023791634366532,0,0.0,0
1025402593589535,0,0.0,0
1026509084966939,0,0.0,0
1027816155142833,0,0.0,0
1028672348130776,0,0.0,0
1032137384301120,0,0.0,0
1032168333003563,0,0.0,0
1034284223028890,0,0.0,0
1035869706667737,0,0.0,0
1036565224192873,0,0.0,0
1038195104849321,0,0.0,0
1038195589943467,0,0.0,0
1038204073459953,0,0.0,0
1039740685577212,0,0.0,0
1039803375382302,0,0.0,0
1039805976063336,0,0.0,0
1040034484323283,0,0.0,0
1041479679181691,0,0.0,0
1042644443440223,0,0.0,0
1043288869448837,0,0.0,0
1043883568472835,0,0.0,0
1043975266849416,0,0.0,0
1044656646633530,0,0.0,0
1044931637064964,0,0.0,0
1045545921829587,0,0.0,0
1045547002918700,0,0.0,0
1045670293957622,0,0.0,0
1046630579985688,0,0.0,0
1046738991707897,0,0.0,0
1047037051984125,0,0.0,0
1047966777902822,0,0.0,0
1048163967275797,0,0.0,0
1049202726065500,0,0.0,0
1049342443510393,0,0.0,0
1049382942274754,1,1.0,1
1049418795575466,0,0.0,0
1050348887871738,0,0.0,0
1050442734490705,0,0.0,0
1050828923676539,0,0.0,0
1051103388098735,0,0.0,0
1051618687976443,0,0.0,0
1051618841338386,0,0.0,0
1051619096728746,0,0.0,0
1051625110369472,0,0.0,0
1051626756836418,0,0.0,0
1052280147191280,0,0.0,0
1052909008870873,0,0.0,0
1058022061275530,0,0.0,0
1059585660110382,0,0.0,0
1062905344058653,0,0.0,0
1062972811709437,0,0.0,0
1062973393869216,0,0.0,0
1063745379334844,0,0.0,0
1064291516738047,0,0.0,0
1065161126019989,0,0.0,0
1066460896809250,0,0.0,0
1067451830384076,0,0.0,0
1067868062002753,0,0.0,0
1069607051087892,0,0.0,0
1070620534756962,0,0.0,0
1070625752765757,0,0.0,0
1072176692765862,0,0.0,0
1073041056227701,0,0.0,0
1073424535554735,0,0.0,0
1074467686118221,0,1.0,1
1074527877943531,0,0.0,0
1076291317456900,0,0.0,0
1080133161705119,0,0.0,0
1080338577656274,0,0.0,0
1080963979058416,0,1.0,1
1081917492451781,0,0.0,0
1082071701110498,0,0.0,0
1082233292475494,0,0.0,0
1082538302356417,0,0.0,0
1084703040473943,0,0.0,0
1085686030076716,0,0.0,0
1086554215727417,0,0.0,0
1086659871941454,0,0.0,0
1086741833513294,0,0.0,0
1091513358683417,0,0.0,0
1092079261776760,0,0.0,0
1092901615793261,0,0.0,0
1093270850663662,0,0.0,0
1093404913196681,0,0.0,0
1097977698208330,0,0.0,0
1098043662349442,0,0.0,0
1098338501079524,0,0.0,0
1098415935927914,0,0.0,0
1099262058840654,0,0.0,0
1099539065712335,0,0.0,0
1101060742873831,1,1.0,1
1101651631796331,0,0.0,0
1101653784031859,0,0.0,0
1101752787703002,0,0.0,0
1103076081323313,0,0.0,0
1103446735424118,0,0.0,0
1103449461627031,0,0.0,0
1103510718238930,0,0.0,0
1105304358385678,0,0.0,0
1111642875567140,0,0.0,0
1111649081337061,0,0.0,0
1112737721280446,0,0.0,0
1112982730051161,0,0.0,0
1113087050197804,0,0.0,0
1113091472748594,0,0.0,0
1115359446418575,0,0.0,0
1117074885300830,0,0.0,0
1117078746040684,0,0.0,0
1117716563299473,0,0.0,0
1118629264097987,0,0.0,0
1118635868390542,0,0.0,0
1118773132979807,0,0.0,0
1118879381276603,0,0.0,0
1118884306057732,0,0.0,0
1121115995785682,0,0.0,0
1121243592560630,0,0.0,0
1122194273610580,0,0.0,0
1122196764009876,0,0.0,0
1122359007704213,0,0.0,0
1123496892863768,0,0.0,0
1123917491320164,0,0.0,0
1125204007562741,0,0.0,0
1125456549662958,0,0.0,0
1125759687187404,0,0.0,0
845198970246448,0,0.0,0
845401216670814,0,0.0,0
846428325405852,0,0.0,0
847554631381293,0,0.0,0
847683569226593,0,0.0,0
851014933797196,0,0.0,0
851019395096584,0,0.0,0
851019423974873,0,0.0,0
851150612395178,0,0.0,0
852693814340284,0,0.0,0
853024850864134,0,0.0,0
853181704888473,0,0.0,0
853805256747462,0,0.0,0
856445269271174,0,0.0,0
856624949837746,0,0.0,0
857293185856522,0,0.0,0
860580562046563,0,0.0,0
861199857250078,1,1.0,1
861203520218076,0,0.0,0
861294768712195,0,0.0,0
861784294871435,0,0.0,0
862090324026850,0,0.0,0
864024582466019,0,0.0,0
864253294375957,0,0.0,0
864998763782422,0,0.0,0
865381444623659,0,0.0,0
865805882891204,0,0.0,0
865987176253904,0,0.0,0
868860079473643,0,0.0,0
870943778957034,0,0.0,0
872190571084130,0,0.0,0
872862633361113,0,0.0,0
872872406466388,0,0.0,0
872962496584284,0,0.0,0
874648841519210,0,0.0,0
874843781510310,0,0.0,0
874852779074444,0,0.0,0
875282878981421,0,0.0,0
876017380056594,0,0.0,0
876019481110883,0,0.0,0
876883897198160,0,0.0,0
877240366230017,0,0.0,0
878054181072540,0,0.0,0
878087155602452,0,0.0,0
878492176463534,0,0.0,0
878738603351657,0,0.0,0
879539233278330,0,0.0,0
879539747878173,0,0.0,0
881894211757158,1,1.0,1
882654172551432,0,0.0,0
884404053359644,0,0.0,0
884466446846097,0,0.0,0
885311990323772,0,0.0,0
885346626983836,0,0.0,0
885389943288156,0,0.0,0
885449185713600,1,1.0,1
887170064840481,0,0.0,0
887281737919399,0,0.0,0
887395568241958,0,0.0,0
888290934820567,0,0.0,0
888572025282767,0,0.0,0
890649134774901,0,0.0,0
891126905280154,0,0.0,0
892303498143932,0,0.0,0
892782923345198,0,0.0,0
893861146156018,0,0.0,0
895953541195635,0,0.0,0
896079515995858,0,0.0,0
896233406316082,0,0.0,0
896994047056094,0,0.0,0
897770501574149,0,0.0,0
898527388120501,0,0.0,0
899675603429919,0,0.0,0
899723698390210,0,0.0,0
902033649814869,0,0.0,0
902320400048729,0,0.0,0
902885637040006,0,0.0,0
905619150440584,0,0.0,0
905701234264917,0,0.0,0
905710736517603,0,0.0,0
906449882977491,0,0.0,0
907520275597779,0,0.0,0
907942190528044,0,0.0,0
908942775406014,0,0.0,0
911621359780939,1,1.0,1
912053857076241,0,0.0,0
912286660797165,0,0.0,0
913461233357150,0,0.0,0
913466636363177,0,0.0,0
914586330291600,0,0.0,0
914722992000842,0,0.0,0
915390250357726,0,0.0,0
916552349442830,1,1.0,1
916796873465560,0,0.0,0
916940249093470,0,0.0,0
917556317104914,0,0.0,0
918045327757463,0,0.0,0
918103565469216,0,0.0,0
918371481241400,0,0.0,0
918373216983163,0,0.0,0
919173602418408,0,0.0,0
921326326019299,1,1.0,1
922748079154216,0,0.0,0
922750629923355,0,0.0,0
923110974748842,0,0.0,0
923151482095974,0,0.0,0
924007225585285,0,0.0,0
925545545115698,0,0.0,0
925722654216325,0,0.0,0
925806662625974,0,0.0,0
925945145428725,0,0.0,0
925945394774754,0,0.0,0
927028481086878,0,0.0,0
927250361039315,1,1.0,1
927860385289402,0,0.0,0
929257979441818,0,0.0,0
929303362575877,0,0.0,0
929492289787810,0,0.0,0
929574751877603,0,0.0,0
929646738682170,0,0.0,0
929706358753800,0,0.0,0
930095051895159,0,0.0,0
930535941115176,0,0.0,0
930591434427975,0,0.0,0
931662325255566,0,0.0,0
931898261676385,0,0.0,0
932550818091056,0,0.0,0
932876900712995,0,0.0,0
933715699414635,1,1.0,1
933807988028010,0,0.0,0
934049594291618,0,0.0,0
934505130222116,0,0.0,0
934950425667881,0,0.0,0
935087155212925,0,0.0,0
935659317803410,0,0.0,0
936703486285149,0,0.0,0
936704232759233,0,0.0,0
938026593712778,0,0.0,0
939226995735646,0,0.0,0
941170707090812,0,0.0,0
941839701700166,0,0.0,0
942366408359207,0,0.0,0
945068682968533,0,0.0,0
945274935989103,0,0.0,0
945402957671840,0,0.0,0
947797704272789,0,0.0,0
949526589182257,1,1.0,1
949566036601236,0,0.0,0
949572256371880,0,0.0,0
949715115961376,0,0.0,0
950057103328028,0,0.0,0
950924513052471,0,0.0,0
951554377182161,0,0.0,0
951646512890882,0,0.0,0
951884973311757,0,0.0,0
952282986188180,0,0.0,0
952468515997924,0,0.0,0
954305573008040,0,0.0,0
954892003826073,0,0.0,0
954898479372571,0,0.0,0
954990129949421,1,1.0,1
955158147987064,0,0.0,0
955284340523449,0,0.0,0
955284387255662,0,0.0,0
955288498767799,0,0.0,0
955541012670683,0,0.0,0
958052890257910,0,0.0,0
958079265216111,0,0.0,0
958652090765422,0,0.0,0
958659329118221,0,0.0,0
958660230296725,0,0.0,0
958694256269006,0,0.0,0
959328799442248,0,0.0,0
959457891698293,0,0.0,0
959461101107270,0,0.0,0
961927315269297,0,0.0,0
963646149083512,0,0.0,0
964069308709885,0,0.0,0
966269506432699,0,0.0,0
966774412730953,0,0.0,0
968424938858896,0,0.0,0
968637323421513,0,0.0,0
969796232196710,0,0.0,0
971907831178108,0,0.0,0
975735563200554,0,0.0,0
976351357161469,0,0.0,0
977448581455669,0,0.0,0
977450891649434,1,1.0,1
980699064165095,0,0.0,0
981946113440486,0,0.0,0
983169362623414,0,0.0,0
983841591673141,0,0.0,0
984824828634726,0,0.0,0
987447678691941,0,0.0,0
988071041316370,0,0.0,0
988112159703452,0,0.0,0
988336244741498,0,0.0,0
989004399589566,0,0.0,0
989812052628647,0,0.0,0
990234662626201,0,0.0,0
991189394860740,0,0.0,0
991450336416520,0,0.0,0
991636024391132,0,0.0,0
992241143499156,0,0.0,0
993165960176540,1,1.0,1
993345469889117,0,0.0,0
994224524421039,0,0.0,0
994567452875425,0,0.0,0
994572304663383,0,0.0,0
996278186437946,0,0.0,0
996506927268092,0,0.0,0
997781750168847,0,0.0,0
997900957930873,0,0.0,0
997950391093832,1,1.0,1
998619892869138,0,0.0,0
998620238014038,0,0.0,0
999426575079230,0,0.0,0
999773674449194,0,0.0,0
1000614605027468,0,0.0,0
1001162810680863,0,0.0,0
1001232253126275,1,1.0,1
1001261630103499,0,0.0,0
1002374575666288,0,0.0,0
1003175715838005,0,0.0,0
1004812565142521,0,0.0,0
1009097228816764,0,0.0,0
1009514194765685,0,0.0,0
1010407450168517,0,0.0,0
1010439388552099,0,0.0,0
1010918096884536,1,1.0,1
1011920395236989,0,0.0,0
1014498686859508,0,0.0,0
1014505221292208,0,0.0,0
1015326590599213,0,0.0,0
1015944833944591,0,0.0,0
1016039679430438,0,0.0,0
1016896050650763,0,0.0,0
1018011622099189,0,0.0,0
1018045656767217,0,0.0,0
1018574021006919,0,0.0,0
1020601114428512,0,0.0,0
1022608994184825,0,0.0,0
1023677712517605,0,0.0,0
1023812245534144,0,0.0,0
1023815692349722,0,0.0,0
1026513090647960,0,0.0,0
1026712048350410,0,0.0,0
1026924560242909,0,0.0,0
1027560139360592,0,0.0,0
1027617027103043,1,1.0,1
1028630549146040,0,0.0,0
1028802513297565,0,0.0,0
1029586705780718,0,0.0,0
1029991169488252,0,0.0,0
1030246734194040,0,0.0,0
1031952497878074,0,0.0,0
1032923836211077,0,0.0,0
1033334395774511,0,0.0,0
1033377970057282,1,1.0,1
1033382546035845,0,0.0,0
1033538584880815,0,0.0,0
1034857800557182,0,0.0,0
1034917805728941,0,0.0,0
1034919207192998,0,0.0,0
1035206994498687,0,0.0,0
1035534712716984,0,0.0,0
1035653468004836,0,0.0,0
1035969561708568,0,0.0,0
1036591260847517,0,0.0,0
1036760018925402,0,0.0,0
1037155302174957,0,0.0,0
1037160915162880,0,0.0,0
1037705661130649,0,0.0,0
1039136754565580,0,0.0,0
1039837032139325,1,1.0,1
1040472767720187,0,0.0,0
1041336945861436,0,0.0,0
1041932861962261,0,0.0,0
1042190164926381,0,0.0,0
1042585023261456,0,0.0,0
1044356705192830,0,0.0,0
1044942294453713,0,0.0,0
1045471440480997,0,0.0,0
1045840341320524,0,0.0,0
1046732402154270,0,0.0,0
1046805050630585,0,0.0,0
1047665063107152,0,0.0,0
1047878407122570,0,0.0,0
1048120339843956,0,0.0,0
1048127776148343,0,0.0,0
1048217024074474,0,0.0,0
1048445906007804,0,0.0,0
1049188660611232,0,0.0,0
1049607495899522,0,0.0,0
1049930526203340,0,0.0,0
1050064120453037,0,0.0,0
1053554894485909,0,0.0,0
1054379532512587,0,0.0,0
1054791069219664,0,0.0,0
1054838042303224,0,0.0,0
1055561733724374,0,0.0,0
1055927442629102,0,0.0,0
1056770376880294,0,0.0,0
1057816007659394,0,0.0,0
1058414480539079,0,0.0,0
1060335739493414,0,0.0,0
1061785998654180,0,0.0,0
1062731306953969,0,0.0,0
1062980107204158,0,0.0,0
1063129575070032,0,0.0,0
1063186792340089,0,0.0,0
1064028943078134,0,0.0,0
1064153602021706,0,0.0,0
1064155451663916,0,0.0,0
1064211333135848,0,0.0,0
1064273412746724,0,0.0,0
1065881938179744,0,0.0,0
1066182847153726,0,0.0,0
1066283241122004,0,0.0,0
1066403802418090,0,0.0,0
1066461487709264,0,0.0,0
1066463404401076,0,0.0,0
1066979152338878,0,0.0,0
1066982946828329,0,0.0,0
1067573368904365,0,0.0,0
1067999467111623,0,0.0,0
1068011531175984,0,0.0,0
1070060786884790,0,0.0,0
1070835378246136,0,0.0,0
1072527355975996,0,0.0,0
1072587324311450,0,0.0,0
1072682331635438,0,0.0,0
1073568775536424,0,0.0,0
1073933051426378,0,0.0,0
1074694645416494,0,0.0,0
1074885599089136,0,0.0,0
1075423601578675,0,0.0,0
1075974925768108,0,0.0,0
1076330465959255,0,0.0,0
1076666727055019,0,0.0,0
1076711771397532,0,0.0,0
1077856800680893,0,0.0,0
1078168502083689,0,0.0,0
1079062853607857,0,0.0,0
1079168917768158,0,0.0,0
1080311952597448,0,0.0,0
1081527035617619,0,0.0,0
1081704687300463,0,0.0,0
1082172227046971,0,0.0,0
1082635207345619,0,0.0,0
1083623660664460,0,0.0,0
1083628146051722,0,0.0,0
1084256253190505,0,0.0,0
1084256370476638,0,0.0,0
1085207179393225,0,0.0,0
1085389809420118,0,0.0,0
1085402079307607,0,0.0,0
1086134637776026,0,0.0,0
1086536546187817,0,0.0,0
1091995169273359,0,0.0,0
1092554926943771,0,1.0,1
1092556771619613,1,1.0,1
1094004329654772,0,0.0,0
1094612190177861,0,0.0,0
1097437262752561,0,0.0,0
1098179422759924,0,0.0,0
1099261252732682,0,0.0,0
1099743205148142,0,0.0,0
1100971291643145,0,0.0,0
1102807997944372,0,0.0,0
1103149426502680,0,0.0,0
1103752139626278,0,0.0,0
1108003552989815,0,0.0,0
1108069225519130,0,0.0,0
1109119207392184,0,0.0,0
1109193796167740,0,0.0,0
1110401439097123,0,0.0,0
1111070415319403,0,0.0,0
1113004742819145,0,0.0,0
1113149956952765,0,0.0,0
1113264469671998,0,0.0,0
1113581432569437,0,0.0,0
1114024726755730,0,0.0,0
1114257937256014,0,0.0,0
1114387230000602,0,0.0,0
1114705766403381,0,0.0,0
1114705942717562,0,0.0,0
1114777895475483,0,0.0,0
1115619568248019,0,0.0,0
1117143208616845,0,0.0,0
1117572599158877,0,0.0,0
1118347699566920,0,0.0,0
1119132668206024,0,0.0,0
1119272830810203,0,0.0,0
1120278316407916,0,0.0,0
1120281877285471,0,0.0,0
1121463091570391,0,0.0,0
1123842903876289,0,0.0,0
1125263807712876,0,0.0,0
846326446082929,0,0.0,0
846471095926902,0,0.0,0
846757764817706,0,0.0,0
847630023129371,0,0.0,0
849197207390598,0,0.0,0
850436900438744,0,0.0,0
850756726459660,0,0.0,0
851617624447130,0,0.0,0
852889701358994,0,0.0,0
853520591822452,0,0.0,0
854531171061134,0,0.0,0
854605753099535,0,0.0,0
855320587399306,0,0.0,0
855755532722592,0,0.0,0
855760827988054,0,0.0,0
857705762095534,0,0.0,0
858833215215572,0,0.0,0
859362523263667,0,0.0,0
859363773028737,0,0.0,0
859517483030959,0,0.0,0
859724261911633,0,0.0,0
859768558020107,0,0.0,0
859929895524867,0,0.0,0
860561467565607,0,0.0,0
860975864460330,0,0.0,0
861046193692167,0,0.0,0
861130376441836,0,0.0,0
861174088406055,0,0.0,0
861661104950449,0,0.0,0
861748016845407,0,0.0,0
862150957953288,0,0.0,0
862383355901899,0,0.0,0
862637618813508,1,1.0,1
863761946530435,0,0.0,0
865653659029496,0,0.0,0
866136180413788,0,0.0,0
866145611906595,0,0.0,0
867258687659061,0,0.0,0
867585500306422,0,0.0,0
867966084284403,0,0.0,0
869821414685810,0,0.0,0
869956968489623,0,0.0,0
869993286351387,0,0.0,0
871276888681076,0,0.0,0
877225784420198,0,0.0,0
878158686721108,0,0.0,0
879075820175155,0,0.0,0
879563543282394,0,0.0,0
879905334508077,0,0.0,0
880128742820381,0,0.0,0
880489728669085,0,0.0,0
882195890199508,0,0.0,0
883608883949746,0,0.0,0
883932543830368,0,0.0,0
883933776673052,0,0.0,0
884222725648463,0,0.0,0
884380316516281,0,0.0,0
884716397056922,0,0.0,0
886667182070991,0,0.0,0
886996811903022,0,0.0,0
887534487376898,0,0.0,0
887537438714939,0,0.0,0
890186662508321,0,0.0,0
891437452504688,0,0.0,0
891441317505008,0,0.0,0
892194379738242,0,0.0,0
894796432630775,0,0.0,0
894799547406600,0,0.0,0
894873911312922,0,0.0,0
895016183648718,0,0.0,0
895870357333773,0,0.0,0
896350297216466,0,0.0,0
896350329502428,0,0.0,0
897111689745650,0,0.0,0
897111752158461,0,0.0,0
898630548363008,0,0.0,0
898894446969533,0,0.0,0
899054242540079,0,0.0,0
899199859558878,0,0.0,0
899895045211859,0,0.0,0
899973387928787,0,0.0,0
900520149419626,0,0.0,0
901218447326334,0,0.0,0
901947836355301,1,1.0,1
901981272099662,0,0.0,0
902997365203276,0,0.0,0
904155526611323,0,0.0,0
904365954473804,0,0.0,0
905596214920725,1,1.0,1
907032688799511,0,0.0,0
907035106451779,0,0.0,0
907138341266871,1,1.0,1
907139109820560,0,0.0,0
907587962738175,0,0.0,0
907619635721089,0,0.0,0
907620457249195,0,0.0,0
908529193298657,0,0.0,0
910306980761627,0,0.0,0
911135957494256,0,0.0,0
911204392323572,0,0.0,0
911685033002577,0,0.0,0
912126648773310,0,0.0,0
912342266150280,0,0.0,0
913231444970607,0,0.0,0
913631525573304,0,0.0,0
915089230290039,0,0.0,0
915921265663669,0,0.0,0
916057070003804,0,0.0,0
916280774813074,0,0.0,0
916798607536692,0,0.0,0
918064091144416,0,0.0,0
918904258472227,0,0.0,0
920787545879743,0,0.0,0
921431754243640,0,0.0,0
921712355646462,0,0.0,0
922563938249214,0,0.0,0
923013198076388,0,0.0,0
923054986300997,0,0.0,0
924297252017625,0,0.0,0
924523681601691,0,0.0,0
926870491410446,0,0.0,0
928274747898413,0,0.0,0
929065513491429,0,0.0,0
929315523045467,0,0.0,0
929322515499687,0,0.0,0
930559824175100,0,0.0,0
932185833882750,0,1.0,1
932187093872721,0,0.0,0
932802098872572,0,0.0,0
932850517118583,0,0.0,0
933799955471602,0,0.0,0
934531021622702,0,0.0,0
934745252002968,0,0.0,0
935020427257375,0,0.0,0
936460952165346,0,0.0,0
937810100269018,0,0.0,0
938250383638808,0,1.0,1
938736155863163,0,0.0,0
939801499687356,0,0.0,0
940368250817935,0,0.0,0
940404428900330,0,0.0,0
941439143278425,0,0.0,0
941524667274281,0,0.0,0
941587287769218,0,0.0,0
943342656857645,0,0.0,0
943389273642532,0,0.0,0
943926239434051,0,0.0,0
944806096884984,0,0.0,0
944809329004065,0,0.0,0
944811077246147,0,0.0,0
945265204792797,0,0.0,0
945448223043938,0,0.0,0
945732656073307,0,0.0,0
946538361284378,0,0.0,0
947154907211365,0,0.0,0
947388197424791,0,0.0,0
947847275328257,0,0.0,0
948148026231359,0,0.0,0
948314408504866,0,1.0,1
950503348379559,0,0.0,0
951008247893073,0,0.0,0
951153472175263,0,0.0,0
952226976536791,0,0.0,0
952658098825100,0,0.0,0
953122972925445,0,0.0,0
953461266311097,0,0.0,0
953809334962474,1,1.0,1
954353771892773,0,0.0,0
954911297776768,0,0.0,0
956287629099609,0,0.0,0
958075457138797,0,0.0,0
959162249505519,0,0.0,0
959911847949570,0,0.0,0
961516374281658,0,0.0,0
962453676234446,0,0.0,0
962537447973213,0,0.0,0
963626663056500,0,0.0,0
963754821121599,0,0.0,0
964893790657284,0,0.0,0
966469653176580,0,0.0,0
966473909389906,0,0.0,0
967880275269366,0,0.0,0
968161244839396,0,0.0,0
969021794887652,0,0.0,0
970683222185883,0,0.0,0
971559959530531,0,0.0,0
973016952713596,0,0.0,0
973018950177170,0,0.0,0
973021504991705,0,0.0,0
973345709967049,0,0.0,0
973373590209968,1,1.0,1
974073036649459,0,0.0,0
974957175973552,0,0.0,0
975624527318145,0,0.0,0
975944161026193,0,0.0,0
976172429685201,0,0.0,0
976487610022489,0,0.0,0
976548940905099,0,0.0,0
977134101616232,0,0.0,0
977526722988279,1,1.0,1
977960659579731,0,0.0,0
978387412185105,0,0.0,0
978550737022637,0,0.0,0
978955113588488,0,0.0,0
979126189520369,0,0.0,0
979886241771911,0,0.0,0
980147555349607,0,0.0,0
980153042957798,0,0.0,0
980203479780943,0,0.0,0
980519926987807,0,0.0,0
980521080356486,0,0.0,0
980522987001801,0,0.0,0
980831215813721,1,1.0,1
981130691994318,0,0.0,0
981726653286839,0,0.0,0
981825022449884,0,0.0,0
981868553175713,0,0.0,0
981874020062199,0,0.0,0
982303322994725,0,0.0,0
982668825598961,0,0.0,0
982957150130896,0,0.0,0
984122088226829,0,0.0,0
987071102176834,0,0.0,0
987356449434785,0,0.0,0
988446685180290,0,0.0,0
989576516598684,0,0.0,0
989765471343357,0,0.0,0
993238986654269,0,0.0,0
993265559753716,0,0.0,0
993657596400673,0,0.0,0
996476077873609,1,1.0,1
1000431942220330,0,0.0,0
1002689573950734,0,0.0,0
1003620955872540,0,0.0,0
1003862063164035,0,0.0,0
1003891143211366,0,0.0,0
1006142811549707,0,0.0,0
1007465446581564,0,0.0,0
1007658561399494,1,1.0,1
1008978933839132,0,0.0,0
1009884848816145,0,0.0,0
1010921604035302,0,0.0,0
1011147070441995,1,1.0,1
1011213222462041,0,0.0,0
1011978146936592,0,0.0,0
1012088735057966,0,0.0,0
1012690839521191,0,0.0,0
1012771130038630,0,0.0,0
1012774184369938,0,0.0,0
1013150511077684,0,0.0,0
1013386454916235,1,1.0,1
1013623709388105,0,0.0,0
1013947524766100,0,0.0,0
1014881246494194,1,1.0,1
1016800124342447,0,0.0,0
1017767232083764,0,0.0,0
1018127856516736,0,0.0,0
1018222069722569,0,0.0,0
1018603861634994,0,0.0,0
1019210584336106,0,0.0,0
1020483023115043,0,0.0,0
1020518447369547,0,0.0,0
1020589069198255,0,0.0,0
1020902360772597,0,0.0,0
1022064551673735,0,0.0,0
1022100018693693,0,0.0,0
1022110541982660,0,0.0,0
1022626547061260,1,1.0,1
1022665773157933,0,0.0,0
1025398290520311,0,0.0,0
1025403109445509,1,1.0,1
1026480683826783,0,0.0,0
1026556737038053,0,0.0,0
1026625945853046,0,0.0,0
1028182962876721,0,0.0,0
1029707832982686,0,0.0,0
1029781297890358,0,0.0,0
1030304235321667,0,0.0,0
1030308811208694,0,0.0,0
1030923297630902,0,0.0,0
1031756924755931,0,0.0,0
1032334295305012,0,0.0,0
1032719449822162,1,1.0,1
1032865975413099,1,1.0,1
1032922564898218,0,0.0,0
1032979488939343,0,0.0,0
1033396863543671,0,0.0,0
1033904062425511,0,0.0,0
1034943872591147,0,0.0,0
1036222003294519,0,0.0,0
1036224760113217,0,0.0,0
1036806391503849,0,0.0,0
1036965829669358,0,0.0,0
1038993693753231,0,0.0,0
1039064062381401,0,0.0,0
1039202336599124,0,0.0,0
1039692265529509,0,0.0,0
1039931382586341,0,0.0,0
1040826779456111,0,0.0,0
1041057926517338,0,0.0,0
1041376333304676,0,0.0,0
1041383321397322,0,0.0,0
1041442796399724,0,0.0,0
1042315916913779,0,0.0,0
1044698730893291,0,0.0,0
1045788529955913,0,0.0,0
1045907998301544,0,0.0,0
1048068875668405,0,0.0,0
1048551302270586,0,0.0,0
1048973164275656,0,0.0,0
1049022398034559,0,0.0,0
1049143055856157,0,0.0,0
1049249569624691,0,0.0,0
1050455009597298,0,0.0,0
1051695932143101,0,0.0,0
1051759726685711,0,0.0,0
1051799731711164,0,0.0,0
1053541060423894,0,0.0,0
1053644765623438,0,0.0,0
1055070095682344,0,0.0,0
1055111535339838,0,0.0,0
1055521455882467,0,0.0,0
1055833838693141,0,0.0,0
1055867669339001,0,0.0,0
1055991159112189,0,0.0,0
1056048273032753,0,0.0,0
1056397334056069,0,0.0,0
1057182274653624,0,0.0,0
1057186781544689,0,0.0,0
1057433985648183,0,0.0,0
1057828398899112,0,0.0,0
1058132987036006,0,0.0,0
1058137870456075,0,0.0,0
1059165472939143,0,0.0,0
1059194134142013,0,0.0,0
1059342839216598,0,0.0,0
1059346883099022,0,1.0,1
1059761846705900,0,0.0,0
1060867044858226,0,0.0,0
1060867936584541,0,0.0,0
1060957448646461,0,0.0,0
1061863803027111,0,0.0,0
1061967553850685,0,0.0,0
1061973490113258,0,0.0,0
1063095936143837,0,0.0,0
1066504900278055,0,0.0,0
1067932128962406,0,0.0,0
1068727340348876,0,0.0,0
1069391139948909,0,0.0,0
1069437885725286,0,0.0,0
1069514003126123,0,0.0,0
1069595247720437,0,0.0,0
1071479147130557,0,0.0,0
1072697624663943,0,0.0,0
1072875744002278,0,0.0,0
1073767424530305,0,0.0,0
1073796194739714,0,0.0,0
1073909344794494,0,0.0,0
1074233711528856,0,0.0,0
1076864204986011,0,0.0,0
1077006506241244,0,0.0,0
1077032455389721,0,0.0,0
1077435415836836,0,0.0,0
1078132310349807,0,0.0,0
1079264326209813,0,0.0,0
1080375746745970,0,0.0,0
1080860606923955,0,0.0,0
1082205898924520,0,0.0,0
1082298193746050,0,0.0,0
1082635352253696,0,0.0,0
1082674800879095,0,0.0,0
1083710010480375,0,0.0,0
1085016644300446,0,0.0,0
1085620254755934,0,0.0,0
1086481125129360,0,0.0,0
1086483567700290,0,0.0,0
1086511702006184,0,0.0,0
1086517086101139,0,0.0,0
1086547831997036,0,0.0,0
1086607522984935,0,0.0,0
1090879462108216,0,0.0,0
1092142408664178,0,0.0,0
1093833428476658,0,0.0,0
1094186351625704,0,0.0,0
1094432301483799,0,0.0,0
1094807179915980,0,0.0,0
1097044424556488,0,0.0,0
1098087476646127,0,0.0,0
1100059667540167,0,0.0,0
1100061941397907,0,0.0,0
1100805732617935,0,0.0,0
1100806940511225,0,0.0,0
1101800041768436,0,0.0,0
1102427040110697,0,0.0,0
1102982740442639,0,0.0,0
1103172745144146,0,0.0,0
1103459682473782,0,0.0,0
1103498528135280,0,0.0,0
1103507809502459,0,0.0,0
1103509309253553,0,1.0,1
1103601015649477,0,0.0,0
1103603186657575,0,0.0,0
1103890897504684,0,0.0,0
1103951640192351,0,0.0,0
1104332289903850,0,0.0,0
1104782475882783,0,0.0,0
1105200099331164,0,0.0,0
1105203903339036,0,0.0,0
1105209383100351,0,0.0,0
1105665357761190,0,0.0,0
1106766828556412,0,0.0,0
1107264073999536,0,0.0,0
1108026750325223,0,0.0,0
1108028915986748,0,0.0,0
1108949463860270,0,0.0,0
1110769802530849,0,0.0,0
1110901918375731,0,0.0,0
1113967175922800,0,0.0,0
1114800507972315,0,0.0,0
1115296591965241,0,0.0,0
1116843327744438,0,0.0,0
1117053634151831,0,0.0,0
1117254806420499,0,0.0,0
1118873698156925,0,0.0,0
1119159605512982,0,0.0,0
1120432954382896,0,0.0,0
1124724583349786,0,0.0,0
1125685778915484,0,0.0,0
844657457458084,0,0.0,0
845590027794571,0,0.0,0
845877924645991,0,0.0,0
846723347277317,0,0.0,0
847999425689425,0,0.0,0
849142488881822,0,0.0,0
851642059248870,0,0.0,0
852613422060354,0,0.0,0
852615367712205,0,0.0,0
852958933647414,0,0.0,0
853751900743416,0,0.0,0
854381542555980,0,0.0,0
855268858591823,0,0.0,0
855351980401032,0,0.0,0
855356497563041,1,1.0,1
855357315489347,0,0.0,0
855592593760036,1,1.0,1
856155647418502,0,0.0,0
856345778184442,0,0.0,0
857138859353543,0,0.0,0
857264687519396,0,0.0,0
857642649964274,0,0.0,0
860618223259417,0,0.0,0
862954180328627,0,0.0,0
863015393576224,0,0.0,0
863016567394396,0,0.0,0
864255588080525,0,0.0,0
865259598978311,0,0.0,0
873040405545760,0,0.0,0
873639153410469,0,0.0,0
874331138146801,0,0.0,0
874850328138631,0,0.0,0
875385279171054,0,0.0,0
876017856335442,0,0.0,0
876436627698342,0,0.0,0
877730004040489,0,0.0,0
877731949810744,0,0.0,0
878783657996899,0,0.0,0
881077213338829,0,0.0,0
882265371405429,0,0.0,0
882315445009752,0,0.0,0
882950909309594,0,0.0,0
883321401905086,0,0.0,0
883352015447954,0,0.0,0
883363166101144,0,0.0,0
883363433682265,0,0.0,0
883635126683578,0,0.0,0
884082102055644,0,0.0,0
884327762014155,0,0.0,0
884551740525605,0,0.0,0
884653444735279,0,0.0,0
885332612864887,0,0.0,0
885646477920028,0,0.0,0
885688910613339,0,0.0,0
886078611095015,0,0.0,0
886311483048469,0,0.0,0
887785121844852,0,0.0,0
887998397803956,1,1.0,1
888167688666625,0,0.0,0
888435423711315,0,0.0,0
888843487719147,0,0.0,0
890221481944388,0,0.0,0
891591589336118,0,0.0,0
891849631013212,0,0.0,0
893370681550864,1,1.0,1
893955446604443,0,0.0,0
895206608224681,0,0.0,0
896027798762289,0,0.0,0
896036568872708,0,0.0,0
897527636448303,0,0.0,0
898639023054596,0,0.0,0
899546448370115,0,0.0,0
899962225439987,0,0.0,0
900031156512479,0,0.0,0
900653487574547,0,0.0,0
901047747642891,0,0.0,0
901322107566129,0,0.0,0
901327840772722,0,0.0,0
901367185904241,0,0.0,0
902641523229772,0,0.0,0
902642768888802,0,0.0,0
903918129091718,0,0.0,0
903920949549087,0,0.0,0
904565269330411,0,0.0,0
905744962666046,0,0.0,0
906539039331876,0,0.0,0
906546843960276,0,0.0,0
906547263552005,0,0.0,0
906576425677731,0,0.0,0
906879839656565,0,0.0,0
906946312599370,0,0.0,0
907822800225372,0,0.0,0
908113424012997,0,0.0,0
909461512414962,0,0.0,0
909977054808843,1,1.0,1
912083748309458,0,0.0,0
912650584015619,0,0.0,0
912778310167549,0,0.0,0
914165434397832,0,0.0,0
914786707609616,0,0.0,0
914920251994926,0,0.0,0
915195809623642,0,0.0,0
915235883139764,0,0.0,0
915653368185527,0,0.0,0
916081347593874,0,0.0,0
917749467667564,1,1.0,1
918411855909936,0,0.0,0
918650905982811,0,0.0,0
918651738670271,0,0.0,0
918980623914382,0,0.0,0
919544279177757,0,0.0,0
920133376196756,0,0.0,0
920133676040653,0,0.0,0
920133784775721,0,0.0,0
920198503015263,0,0.0,0
920233902348742,0,0.0,0
920570994938318,0,0.0,0
920667182795950,0,0.0,0
922077481228904,0,0.0,0
922397630327152,0,0.0,0
922764326073782,0,0.0,0
924671591951243,0,0.0,0
925936370022571,0,0.0,0
926005285570168,0,0.0,0
926290264439259,0,0.0,0
928202811992527,0,0.0,0
928208953809049,0,0.0,0
929129080117986,0,0.0,0
929184725719827,0,0.0,0
929492306226844,0,0.0,0
929983966862508,0,0.0,0
930247256374072,0,0.0,0
930254558886111,0,0.0,0
931949824371067,0,0.0,0
932137608991823,0,0.0,0
932497378485824,0,0.0,0
932954674028435,0,0.0,0
933147235717656,0,0.0,0
933416478732871,0,0.0,0
934128078524716,0,0.0,0
935297100967894,0,0.0,0
937377994423583,0,0.0,0
937700864879962,0,0.0,0
940892148976404,0,0.0,0
940925570978505,0,0.0,0
940980201083231,0,0.0,0
941319875322067,0,0.0,0
941809117017802,0,0.0,0
942351151534852,0,0.0,0
942354787240009,0,0.0,0
942360292405507,0,0.0,0
942362140004127,0,0.0,0
942546585729095,0,0.0,0
942547290759111,0,0.0,0
943162134527074,0,0.0,0
943480518215365,0,0.0,0
944219919372989,0,0.0,0
944643278700867,0,0.0,0
944741315088077,0,0.0,0
945793499104569,0,0.0,0
945830423395852,0,0.0,0
945902090395838,0,0.0,0
946251201880931,0,0.0,0
946304220063802,0,0.0,0
946309276089703,0,0.0,0
946311924727737,0,0.0,0
946459110943934,0,0.0,0
947571811800858,0,0.0,0
948114502662005,0,0.0,0
948126059764423,0,0.0,0
948126832541660,0,0.0,0
948222614896345,0,0.0,0
949278857624777,0,0.0,0
949279434286215,0,0.0,0
950016306018832,0,0.0,0
950479592153818,0,0.0,0
950507737904005,0,0.0,0
952055920526233,0,0.0,0
952861497823625,0,0.0,0
954864131163334,0,0.0,0
955146192551244,0,0.0,0
955196608300760,0,0.0,0
955800943094514,1,1.0,1
956646356871015,0,0.0,0
957144418081903,0,0.0,0
957447662946822,0,0.0,0
957776291947531,0,0.0,0
958271212542473,0,0.0,0
958581527990360,0,0.0,0
958860607704179,0,0.0,0
959042896529004,0,0.0,0
959043963670725,0,0.0,0
960094861832375,0,0.0,0
961989868778731,0,0.0,0
962264766342526,0,0.0,0
963581304003267,0,0.0,0
965721334904764,0,0.0,0
966012799868606,0,0.0,0
966014149698228,0,0.0,0
967232902577256,0,0.0,0
969472766098030,0,0.0,0
970540225740732,0,0.0,0
970915649790570,0,0.0,0
971504481726773,0,0.0,0
971730762607930,0,0.0,0
971787700942512,0,0.0,0
971880622601690,0,0.0,0
972270478324583,0,0.0,0
972275268190062,0,0.0,0
975544974256635,0,0.0,0
975740781566460,0,0.0,0
975742016555471,0,0.0,0
975811427406848,0,0.0,0
975814714180645,0,0.0,0
975881549764294,0,0.0,0
975936640915962,0,0.0,0
977105556816563,0,0.0,0
979408071343155,0,0.0,0
979411276200198,0,0.0,0
979924227192025,0,0.0,0
980251418651721,0,0.0,0
980314286439080,0,0.0,0
980820134301146,0,0.0,0
984065064876428,0,0.0,0
984765134487775,0,0.0,0
984905767108525,0,0.0,0
985710882143294,0,0.0,0
988887597681093,0,0.0,0
990493716695042,0,1.0,1
992997644327519,0,0.0,0
994125498350855,0,0.0,0
995859537237008,0,0.0,0
996220441390551,0,0.0,0
997920798274984,0,0.0,0
998782394257484,0,0.0,0
998852352566884,0,0.0,0
999283262443903,0,0.0,0
999581761262609,0,0.0,0
999706305530369,0,0.0,0
1004962742903905,0,0.0,0
1004968780547967,0,0.0,0
1005084620412247,0,0.0,0
1005330908232514,0,0.0,0
1006430061882351,0,0.0,0
1007069679767891,0,0.0,0
1008546648482288,0,0.0,0
1008840668464458,0,0.0,0
1009060588003310,0,0.0,0
1009886329015162,0,0.0,0
1009945029097447,0,0.0,0
1010010404168546,0,0.0,0
1010547830770075,0,0.0,0
1010550425203534,0,0.0,0
1011849259872728,0,0.0,0
1012106895262917,0,0.0,0
1014568012342529,0,0.0,0
1014682450238206,0,0.0,0
1014894519017299,0,0.0,0
1015621215245942,0,0.0,0
1015991908944039,0,0.0,0
1015992001110191,0,0.0,0
1016601826696004,0,0.0,0
1016868104358344,0,0.0,0
1017126620734546,1,1.0,1
1017173166105572,0,0.0,0
1017575069854503,0,0.0,0
1017874092317178,0,0.0,0
1018112185413108,0,0.0,0
1018615303097051,0,0.0,0
1019456250992956,0,0.0,0
1019699536618278,0,0.0,0
1022811671708313,0,0.0,0
1024666035605702,0,0.0,0
1026263126209923,0,0.0,0
1027020980701481,0,0.0,0
1028371184258677,0,0.0,0
1030613634493964,0,0.0,0
1031292460892536,0,0.0,0
1031853696466001,0,0.0,0
1033068093135887,0,0.0,0
1033189308391945,0,0.0,0
1034726714334824,0,0.0,0
1035499334291281,0,0.0,0
1038521382568031,0,0.0,0
1038596383449665,0,0.0,0
1038638041430102,0,0.0,0
1038738381934803,0,0.0,0
1038830656220003,0,0.0,0
1038951525735034,0,0.0,0
1039724600047180,0,0.0,0
1040230056528428,0,0.0,0
1040918235929607,0,0.0,0
1041043283493645,0,0.0,0
1042539865499994,0,0.0,0
1043535953041898,0,0.0,0
1044044166247705,0,0.0,0
1044089765040364,0,0.0,0
1044090666996172,0,0.0,0
1045277636439333,0,0.0,0
1048409089320088,0,0.0,0
1048467807726384,0,0.0,0
1048634735969838,0,0.0,0
1049680991822808,0,0.0,0
1050834191503301,0,0.0,0
1052769584679237,0,0.0,0
1052776363725905,0,0.0,0
1052811152173357,0,0.0,0
1052894252088519,0,0.0,0
1054636561512841,1,1.0,1
1054641947016704,0,0.0,0
1054712854719625,0,0.0,0
1054797926766056,0,0.0,0
1055126201924616,0,0.0,0
1056160682347883,0,0.0,0
1056795720880438,0,0.0,0
1056859968732335,0,0.0,0
1057583081030272,0,0.0,0
1059238637395361,0,0.0,0
1060171579525714,0,0.0,0
1061366891569123,0,0.0,0
1065507824096071,0,0.0,0
1065633284895682,0,0.0,0
1067496798979489,0,0.0,0
1069029169512225,0,0.0,0
1069962736184424,0,0.0,0
1070092925399676,0,0.0,0
1070447543774887,0,0.0,0
1071152657367828,0,0.0,0
1071198381013331,0,0.0,0
1071525879640718,0,0.0,0
1071586707866957,0,0.0,0
1071692258535102,0,0.0,0
1071896757672678,0,0.0,0
1072129515126783,0,0.0,0
1073593316937107,0,0.0,0
1073795543288189,0,0.0,0
1073859755321036,0,0.0,0
1073864194752976,0,0.0,0
1073999768053755,0,0.0,0
1074590750638428,0,0.0,0
1077956628791932,0,0.0,0
1079526069404797,0,0.0,0
1080427358135058,0,0.0,0
1081404096623339,0,0.0,0
1081451624592747,0,0.0,0
1082232979356193,0,0.0,0
1082237266050225,0,0.0,0
1082273212309392,0,0.0,0
1082342923348312,0,0.0,0
1082994964690477,0,0.0,0
1085410515190135,0,0.0,0
1085550873284496,0,0.0,0
1086737865805485,0,0.0,0
1086817013559720,1,1.0,1
1086822979691921,0,0.0,0
1086828545506421,0,0.0,0
1087782870434042,1,1.0,1
1088634826692084,0,0.0,0
1089186138162821,0,1.0,1
1089711216439847,0,0.0,0
1089712808874358,0,0.0,0
1089713183769084,0,0.0,0
1090163213824029,0,0.0,0
1090547603104883,1,1.0,1
1091219523337939,0,0.0,0
1091475099954813,0,0.0,0
1091998874619346,0,0.0,0
1092455789564390,0,0.0,0
1092553429885170,0,0.0,0
1092718664211628,0,0.0,0
1092918339626983,0,0.0,0
1094240330381561,0,0.0,0
1094621962723485,0,0.0,0
1094872191855779,0,0.0,0
1094938864619852,0,0.0,0
1095573176095431,0,0.0,0
1096605381233482,0,0.0,0
1097440526180665,0,0.0,0
1097583068356467,0,0.0,0
1098729524768204,0,0.0,0
1099120037060434,0,0.0,0
1101030176837895,0,0.0,0
1102108346060745,0,0.0,0
1104884762633104,0,0.0,0
1104892749102791,0,0.0,0
1105312723569649,0,0.0,0
1109580402736424,0,0.0,0
1109699392750777,0,0.0,0
1110709112659808,0,0.0,0
1111078080607411,0,0.0,0
1111189944481665,0,0.0,0
1113575619479003,0,0.0,0
1113634080970561,0,0.0,0
1113940266730022,1,1.0,1
1113940971032915,0,0.0,0
1113946543063696,0,0.0,0
1114823255050499,0,0.0,0
1115563419749530,0,0.0,0
1116195852678851,0,0.0,0
1116368797685270,0,0.0,0
1116688197729030,0,0.0,0
1118398740057802,0,0.0,0
1118732074766431,0,0.0,0
1118799918416907,0,0.0,0
1119227608986179,0,0.0,0
1120910981030777,0,0.0,0
1121201018258665,0,0.0,0
1121425529773897,0,0.0,0
1121808977314768,0,0.0,0
1123472373793972,1,1.0,1
1124857738710605,0,0.0,0
1125141008916411,0,0.0,0
1125591681018590,0,0.0,0
1125597983845350,0,0.0,0
844772378306159,0,0.0,0
845588663184714,0,0.0,0
845828885600348,0,0.0,0
846593952324093,0,0.0,0
846596093800240,0,0.0,0
847011012931940,0,0.0,0
847804938048663,0,0.0,0
848593680813468,0,0.0,0
849836076639069,0,0.0,0
849837148130344,0,0.0,0
850330762257825,0,0.0,0
852411201840764,0,0.0,0
852772685468649,0,0.0,0
853496711257504,0,0.0,0
853497892471339,0,0.0,0
857235684446373,0,0.0,0
857286672378086,0,0.0,0
857569020103756,0,0.0,0
860563966435651,0,0.0,0
861054315705724,0,0.0,0
861557686739715,0,0.0,0
861663133040858,0,0.0,0
862695726934602,0,0.0,0
863026624198928,1,1.0,1
863408325721311,0,0.0,0
863805001052586,0,0.0,0
864566896204124,0,0.0,0
865390003319239,0,0.0,0
865544196007719,0,0.0,0
866452049418917,0,0.0,0
866720371964069,0,0.0,0
866840660578738,0,0.0,0
866848318707101,0,0.0,0
867561820237167,0,0.0,0
868902455452189,0,0.0,0
869747164745801,0,0.0,0
869916033065897,0,1.0,1
870180559119784,0,0.0,0
872309880518645,0,0.0,0
875245480773344,0,0.0,0
878142585194278,0,0.0,0
878837025074442,0,0.0,0
878912479198188,0,0.0,0
879946507428015,0,0.0,0
880091485793152,0,0.0,0
880095327176253,0,0.0,0
880237920390731,0,0.0,0
880895400256415,0,0.0,0
882205028369623,0,0.0,0
882281455821542,0,0.0,0
882648710918666,1,1.0,1
883873131233412,0,0.0,0
883963480385984,0,0.0,0
885385039937841,0,0.0,0
885458370581367,0,0.0,0
885699069360301,0,0.0,0
885795474098646,0,0.0,0
885830610322283,1,1.0,1
885892652096390,0,0.0,0
887416593773944,0,0.0,0
888339609392051,0,0.0,0
888340381959456,0,0.0,0
888409413820635,0,0.0,0
888719174736124,0,0.0,0
889138497262742,0,0.0,0
889217493899781,0,0.0,0
890506715965776,0,0.0,0
891172418692886,0,0.0,0
891441589317505,0,0.0,0
891444811257428,1,1.0,1
893394141228916,0,0.0,0
893629677761221,0,0.0,0
894656358541850,0,0.0,0
894802744226477,0,0.0,0
894805516072878,0,0.0,0
895932141515817,1,1.0,1
896292724256490,0,0.0,0
896295341913898,1,1.0,1
896605787037368,0,0.0,0
896609581836780,0,0.0,0
896712598243714,0,0.0,0
896958395661734,0,0.0,0
897003462144420,0,0.0,0
897307191305910,0,0.0,0
897630504305230,0,0.0,0
898064094528090,0,0.0,0
898251494466641,0,0.0,0
899488697882560,0,0.0,0
899804399843367,0,0.0,0
900981059987257,0,0.0,0
901594624598943,0,0.0,0
902262717526838,0,0.0,0
903005266901320,0,0.0,0
903011831701608,0,0.0,0
903096614617805,0,0.0,0
903833470065038,1,1.0,1
903971071773151,1,1.0,1
904053736304407,0,0.0,0
904517197744267,0,0.0,0
904519520683347,0,0.0,0
904773191251800,0,0.0,0
905354723387831,0,0.0,0
905460764922783,0,0.0,0
905460771470024,0,0.0,0
905903626191351,0,0.0,0
906238476064959,0,0.0,0
906303674107051,0,0.0,0
907063988895822,0,0.0,0
910093550836341,0,0.0,0
910958414238959,0,0.0,0
910990262328654,0,0.0,0
912534053862674,0,0.0,0
912772146490126,0,0.0,0
913015741243006,0,0.0,0
915046918288044,0,0.0,0
919343411076385,0,0.0,0
920400303679113,0,0.0,0
920555135660242,0,0.0,0
920677357549226,0,0.0,0
921189115189383,0,0.0,0
922136627923166,0,0.0,0
923328977630504,0,0.0,0
924165161281554,0,0.0,0
925303489561141,0,0.0,0
925521259334365,0,0.0,0
925646889254913,0,0.0,0
926411700849942,0,0.0,0
927714744265578,0,0.0,0
927715691998611,0,0.0,0
929233702245374,0,0.0,0
930056260965192,0,0.0,0
932540786605082,0,0.0,0
932542683757989,0,0.0,0
933588941816450,0,0.0,0
936262951204498,0,0.0,0
937107817039759,0,0.0,0
938350541835853,0,0.0,0
938658391086293,0,0.0,0
938824734446867,0,0.0,0
938834594565589,0,0.0,0
939529501486539,0,0.0,0
940839829933871,0,0.0,0
940904217903719,0,0.0,0
940906241953940,0,0.0,0
941232465004241,0,0.0,0
941461906866530,0,0.0,0
942740961411971,0,0.0,0
943094176535932,0,0.0,0
943147546031953,0,0.0,0
944212220562241,0,0.0,0
944913520450104,0,0.0,0
945843208912643,0,0.0,0
945854475721524,0,0.0,0
946819497538403,0,0.0,0
948039133020450,0,0.0,0
949633364747116,0,0.0,0
949949743365149,0,0.0,0
950789644430634,0,0.0,0
951017880496580,0,0.0,0
952124661252920,0,0.0,0
953146431514715,0,0.0,0
953256956340223,1,1.0,1
953910591797980,0,0.0,0
954954649423699,0,0.0,0
954956452872353,0,0.0,0
955209758439737,0,0.0,0
956573558273808,0,0.0,0
957021775397280,0,0.0,0
958727917419628,0,0.0,0
959737280611983,0,0.0,0
960971251143461,0,0.0,0
961629914742951,0,0.0,0
961990899295977,0,0.0,0
962099095523742,0,0.0,0
962532751903497,0,0.0,0
963422573552743,0,0.0,0
964485830762429,0,0.0,0
964486101219742,0,0.0,0
965161631651063,0,0.0,0
965780626306270,0,0.0,0
967228043648765,0,0.0,0
967320168431402,0,0.0,0
967345196025722,0,0.0,0
970728454490210,0,0.0,0
974189794470962,0,0.0,0
974384229794584,0,0.0,0
975582299203860,0,0.0,0
976988176693108,0,0.0,0
977550334920684,0,0.0,0
977961320141867,0,0.0,0
978682273637372,0,0.0,0
978858994033728,0,0.0,0
981159021905329,0,0.0,0
983611995160280,0,0.0,0
987873664385475,0,0.0,0
988153498456310,0,0.0,0
993159682845457,0,0.0,0
993956104546528,0,0.0,0
994380441831954,0,0.0,0
994531630125242,0,0.0,0
994732645125958,0,0.0,0
994808803786020,0,0.0,0
995357699713264,0,0.0,0
996984750834455,0,0.0,0
996985457732245,0,0.0,0
997165334140775,0,0.0,0
997302596058020,0,0.0,0
999062653917241,0,0.0,0
999068797142772,0,0.0,0
999325249230502,0,0.0,0
999327811563688,0,0.0,0
999565041134743,0,0.0,0
1000294043237753,0,0.0,0
1000581649041693,0,0.0,0
1000651074229688,0,0.0,0
1001722131243685,0,0.0,0
1002378250250228,0,0.0,0
1003043622674358,0,0.0,0
1004321278532492,0,0.0,0
1004843536139429,0,0.0,0
1005054444706637,0,0.0,0
1005054992961465,0,0.0,0
1006297390960828,0,0.0,0
1006345608124224,0,0.0,0
1007009436349621,0,0.0,0
1007895939838014,0,0.0,0
1010382559455780,0,0.0,0
1010449126476361,0,0.0,0
1011275661220297,0,1.0,1
1011377202943351,0,0.0,0
1012703094822539,0,0.0,0
1014393615191959,0,0.0,0
1014541609569490,0,0.0,0
1018955956245695,0,0.0,0
1018967061684207,0,0.0,0
1020432129712328,0,0.0,0
1020849810759181,0,0.0,0
1021364789289468,0,0.0,0
1021626214229173,0,0.0,0
1022250879296077,0,0.0,0
1022401244457473,0,0.0,0
1025190347894451,0,0.0,0
1027554133756071,0,0.0,0
1029268145530428,0,1.0,1
1030528465109522,0,0.0,0
1030676367978287,0,0.0,0
1032239082784237,0,0.0,0
1033297652546416,0,0.0,0
1034808310837439,0,0.0,0
1035383287699167,0,0.0,0
1036186410046070,0,0.0,0
1036308754029293,0,0.0,0
1036923427524304,0,0.0,0
1037211565979132,0,0.0,0
1037216229042104,0,0.0,0
1038906852653975,0,0.0,0
1041900969111306,0,0.0,0
1042015290523337,0,0.0,0
1042358340636414,0,0.0,0
1042538766388251,0,0.0,0
1047503146431845,0,0.0,0
1048568972082581,0,0.0,0
1048987663347484,0,0.0,0
1050028114878343,0,0.0,0
1050112761689999,0,0.0,0
1050313676225746,0,0.0,0
1051091054695279,1,1.0,1
1054790440097002,0,0.0,0
1056345729554042,0,0.0,0
1056748919315428,0,0.0,0
1057082950062698,0,0.0,0
1057089328319607,0,0.0,0
1057515664484671,1,1.0,1
1058033984274906,0,0.0,0
1059754940208189,0,0.0,0
1060592488984628,0,0.0,0
1061159654712644,0,0.0,0
1063025239093373,0,0.0,0
1064637232689791,0,0.0,0
1067132041449914,0,0.0,0
1067391871265712,0,0.0,0
1067715536879888,0,0.0,0
1068394985275188,0,0.0,0
1069454169160791,0,0.0,0
1069457121592096,0,0.0,0
1071114358806657,0,0.0,0
1072603178186725,0,0.0,0
1075720771034250,0,0.0,0
1076001238615266,0,0.0,0
1076068558239315,0,0.0,0
1076768104555613,0,1.0,1
1076772186176315,0,0.0,0
1077839929529233,0,0.0,0
1077903904565082,0,0.0,0
1077904210934784,0,0.0,0
1077905987774880,0,0.0,0
1079773092066064,0,0.0,0
1079784131001787,1,1.0,1
1079784304476150,1,1.0,1
1080087537254852,0,0.0,0
1081107355111657,0,0.0,0
1081365829023874,0,0.0,0
1083560337257044,0,0.0,0
1084580396947929,0,0.0,0
1085363463406894,0,0.0,0
1085784259971952,0,0.0,0
1088722725088351,0,0.0,0
1090142198154431,0,0.0,0
1090379963706812,0,0.0,0
1090382274801614,0,0.0,0
1090384453828102,0,0.0,0
1090819159580371,0,0.0,0
1091567340312602,0,0.0,0
1091853170935204,0,0.0,0
1092199386628886,0,0.0,0
1092199712268336,0,0.0,0
1092453050369987,0,0.0,0
1093458524631008,0,0.0,0
1093464917134289,0,0.0,0
1094073095260567,0,0.0,0
1095231662143485,0,0.0,0
1095233121282967,0,0.0,0
1096438957389972,0,0.0,0
1096705329921975,0,0.0,0
1096927819995430,0,0.0,0
1098732833770635,0,0.0,0
1099744338222737,0,0.0,0
1100613492797842,0,0.0,0
1103607191789718,0,0.0,0
1104395033299016,0,0.0,0
1104818512656923,0,0.0,0
1104884579068298,0,0.0,0
1104916909390609,0,0.0,0
1105872010890294,0,0.0,0
1107019893030981,0,0.0,0
1107758753125807,0,0.0,0
1108105417930324,0,0.0,0
1108616020742523,0,0.0,0
1109750809948084,0,0.0,0
1110313620087543,0,0.0,0
1110435434256959,0,0.0,0
1110700358632672,0,0.0,0
1110705012833459,0,0.0,0
1110848069319980,0,0.0,0
1110889433571360,0,0.0,0
1111428373263139,0,0.0,0
1112674396198996,0,0.0,0
1113114619157925,0,0.0,0
1114724131749128,0,0.0,0
1116357471030820,0,0.0,0
1117694105809395,0,0.0,0
1117697335225313,0,0.0,0
1117699425154963,0,0.0,0
1117726818426597,0,0.0,0
1120749063671509,0,0.0,0
1120814897139833,0,0.0,0
1123963573374765,0,0.0,0
1125380724865877,0,0.0,0
844556354866776,0,0.0,0
844865564609303,0,0.0,0
846348324340208,0,0.0,0
847218898419218,0,0.0,0
848400633221924,0,0.0,0
848402273848918,0,0.0,0
848682286843482,0,0.0,0
850850445251350,0,0.0,0
852508424393708,0,0.0,0
853545466164493,0,0.0,0
853827929425890,0,0.0,0
855509344890977,0,0.0,0
855717329132849,0,0.0,0
855835887865995,1,1.0,1
856098021866867,0,0.0,0
859342190787870,1,1.0,1
860408922966207,0,0.0,0
862163467954527,0,0.0,0
862524816463944,0,0.0,0
862532383135926,0,0.0,0
862881309709882,1,1.0,1
863769807963569,0,0.0,0
864338574394111,0,0.0,0
864860693965487,0,0.0,0
865495561354121,0,0.0,0
866141453548762,0,0.0,0
868190152000941,0,0.0,0
869798120976034,0,0.0,0
870870075462699,0,0.0,0
870873307900518,0,0.0,0
870910505521103,0,0.0,0
871518458948419,0,0.0,0
871523983520469,0,0.0,0
872422612068085,0,0.0,0
872626690966022,0,0.0,0
873350007760511,0,0.0,0
874203530657844,0,0.0,0
874634265646015,0,0.0,0
874720679570774,0,0.0,0
875469341825451,0,0.0,0
875995977527452,0,0.0,0
876084939684534,0,0.0,0
876085772896963,0,0.0,0
876616779891230,0,0.0,0
879246164387012,0,0.0,0
879256129734411,0,0.0,0
881624762441307,0,0.0,0
881865480180612,0,0.0,0
885033581404837,0,0.0,0
885474184708014,0,0.0,0
886096325783719,0,0.0,0
886182698702217,0,0.0,0
886320942393688,0,0.0,0
886485868633438,0,0.0,0
886997288683513,0,0.0,0
887006761756181,0,0.0,0
889508848669965,0,0.0,0
889540508018236,0,0.0,0
889592225011944,0,0.0,0
889819147386457,0,0.0,0
889827943644135,0,0.0,0
890967525499129,0,0.0,0
891240959233515,0,0.0,0
891356668113640,0,0.0,0
892448965424458,0,0.0,0
894794753507822,0,0.0,0
894862882154290,0,0.0,0
895082924253211,1,1.0,1
895265360678426,0,0.0,0
895600029762568,0,0.0,0
898030923117653,0,0.0,0
900561772816603,0,0.0,0
901082167763487,0,0.0,0
901585603569381,0,0.0,0
901712942517246,0,0.0,0
902918634879556,0,0.0,0
903708153586622,0,0.0,0
905499147673698,0,0.0,0
905502383157438,0,1.0,1
905792046059489,0,0.0,0
906120181892055,1,1.0,1
906121106829245,0,0.0,0
906123408161872,0,0.0,0
906257851673293,0,0.0,0
907468573122824,0,0.0,0
907469903710076,1,1.0,1
909011009198668,0,1.0,1
909016047965866,0,0.0,0
910260865189991,0,0.0,0
910939234272055,0,0.0,0
911037774459639,0,0.0,0
911519931393338,0,0.0,0
911521590207586,0,0.0,0
911521653600930,0,0.0,0
911800476524686,0,0.0,0
911805703732802,0,0.0,0
911810090873638,0,0.0,0
911853459414014,0,0.0,0
911864682728323,0,0.0,0
911871853542901,1,1.0,1
912167474688737,0,0.0,0
914384089688496,0,0.0,0
916273836440386,0,0.0,0
917474601643691,0,0.0,0
917831975119556,0,0.0,0
918595527873694,0,0.0,0
918735366113387,0,0.0,0
919246811757211,0,0.0,0
919785779006210,0,0.0,0
919904852785347,0,0.0,0
920034749918750,0,0.0,0
920523386815002,0,0.0,0
921536945523577,0,0.0,0
921666329779551,0,0.0,0
922572731334873,0,0.0,0
924393370765302,0,0.0,0
924395158218704,0,0.0,0
924851892762726,1,1.0,1
927824786678795,0,0.0,0
927826323113791,0,0.0,0
928037890807953,0,0.0,0
931028101088713,0,0.0,0
931080358101525,0,0.0,0
931587507968306,0,0.0,0
932224526746312,0,0.0,0
932844238862074,0,0.0,0
932934901145955,0,0.0,0
933181959654050,0,0.0,0
933813092019623,0,0.0,0
933945604673060,0,0.0,0
934084861251102,0,0.0,0
934813316623395,0,0.0,0
935810826859367,0,0.0,0
935848341993940,0,0.0,0
936388469186552,0,0.0,0
936838960570489,0,0.0,0
936893588986209,0,0.0,0
937407724992721,0,0.0,0
938201502912325,0,0.0,0
939262056253633,0,0.0,0
939484287058127,1,1.0,1
943411543936813,0,0.0,0
943843922353801,0,0.0,0
943930749361792,0,0.0,0
944081695369548,0,0.0,0
944430740616899,0,0.0,0
944660757604263,0,0.0,0
945191087661728,0,0.0,0
945445110303618,0,0.0,0
945748116723529,0,0.0,0
946083922509006,0,0.0,0
946359116257266,0,0.0,0
946418108522776,0,0.0,0
946930030542406,0,0.0,0
946933891201555,0,0.0,0
947481305992401,0,0.0,0
947627903451934,0,0.0,0
949319200762429,0,0.0,0
951797115871718,0,0.0,0
951802434608774,0,0.0,0
952040272941557,0,0.0,0
952044669791462,0,0.0,0
952146003221911,0,0.0,0
953275933458689,0,0.0,0
953744093991919,0,0.0,0
954121798479848,0,0.0,0
958429391010877,0,0.0,0
958840908610209,0,0.0,0
960540327666701,0,1.0,1
962757175499725,0,0.0,0
964622529757968,0,0.0,0
964653568480672,0,0.0,0
965046221978844,0,0.0,0
965618026263404,0,0.0,0
966737535655379,0,0.0,0
968786342169025,0,0.0,0
968970838183748,0,0.0,0
969554569887863,0,0.0,0
969960023829874,0,0.0,0
970214722039211,0,0.0,0
970650044950754,0,0.0,0
971132857174414,0,0.0,0
971708950574671,0,0.0,0
971946504875150,0,0.0,0
972018047197429,0,0.0,0
972835227546089,0,0.0,0
973328489860256,0,0.0,0
973967276464873,0,0.0,0
973968637917828,0,0.0,0
974876242795092,0,0.0,0
975834530527922,0,0.0,0
976271599372641,0,0.0,0
977695547411530,0,0.0,0
979817054937863,0,0.0,0
980539425430008,0,0.0,0
981178541932139,1,1.0,1
983309032381324,0,0.0,0
985326707447071,0,0.0,0
985563244547006,0,0.0,0
986170785503945,0,0.0,0
986208045821185,0,0.0,0
986530658358206,0,0.0,0
986557454472360,0,0.0,0
988396132721260,0,0.0,0
989235543926638,0,0.0,0
989267142808839,0,0.0,0
989639478576942,0,0.0,0
991019283805269,0,0.0,0
991461040340360,0,0.0,0
991465064702411,0,0.0,0
991662797402688,0,0.0,0
991953345569480,0,0.0,0
992026834260015,0,0.0,0
992680452708900,0,0.0,0
992920346825147,0,0.0,0
992983769714926,0,0.0,0
994385767999033,0,0.0,0
994678211417836,0,0.0,0
997465129410168,0,0.0,0
998999174589147,0,0.0,0
999115630454394,0,0.0,0
999173019741943,0,0.0,0
999780705091096,0,0.0,0
1001347921744689,0,0.0,0
1001409196081830,0,0.0,0
1001900731766735,0,0.0,0
1002230996577101,0,0.0,0
1002237276372018,0,0.0,0
1002565999236291,0,0.0,0
1002979966803629,0,0.0,0
1003056155237580,0,0.0,0
1003061613361357,0,0.0,0
1003242819281600,0,0.0,0
1003648794933761,0,0.0,0
1003935312844171,0,0.0,0
1003937527446384,0,0.0,0
1003961506089702,0,0.0,0
1005611768380618,0,0.0,0
1006580145917705,0,0.0,0
1006934801794683,0,0.0,0
1010046460294211,0,0.0,0
1010318722386732,0,0.0,0
1011226749606869,0,0.0,0
1011394329134371,0,0.0,0
1011784909544363,0,0.0,0
1013079927621450,0,0.0,0
1013396260305976,1,1.0,1
1014758931926773,0,0.0,0
1016866432064479,0,0.0,0
1017315249189440,0,0.0,0
1017370373919782,0,0.0,0
1018492292819210,0,0.0,0
1019540624265029,0,0.0,0
1021977916440649,0,0.0,0
1022188569348436,0,0.0,0
1022484911398529,0,0.0,0
1024443687991061,0,0.0,0
1024553004975176,0,0.0,0
1025520343538032,0,0.0,0
1026933474684913,0,0.0,0
1027320035625920,0,0.0,0
1027718823752107,0,0.0,0
1028265839956731,0,0.0,0
1029100842281679,0,0.0,0
1031946707169911,0,0.0,0
1032599650154474,0,0.0,0
1033030391410031,0,0.0,0
1033411976633913,0,0.0,0
1034060287480385,0,0.0,0
1034359764623899,0,0.0,0
1034980161760102,0,0.0,0
1035300140176564,0,0.0,0
1036562139382333,0,0.0,0
1037203061894559,0,0.0,0
1038833137867949,0,0.0,0
1038863678597575,0,0.0,0
1040340012579240,0,0.0,0
1040481242008977,0,0.0,0
1040566654354456,0,0.0,0
1041444128404788,0,0.0,0
1042151268553709,0,0.0,0
1042804321640644,0,0.0,0
1044560476330012,0,0.0,0
1045066376074927,0,0.0,0
1045112808022553,0,0.0,0
1045226684088344,0,0.0,0
1047376557225089,0,0.0,0
1048558937864398,0,0.0,0
1054536114226407,0,0.0,0
1055030184115162,0,0.0,0
1055177726743270,0,0.0,0
1055385351739313,0,0.0,0
1057311990132826,0,0.0,0
1059461432376699,0,0.0,0
1061125398777002,0,0.0,0
1062552234317070,0,0.0,0
1062633928523889,0,0.0,0
1062955734049277,0,0.0,0
1063067620233447,0,0.0,0
1065025754320407,0,0.0,0
1065084912144052,0,0.0,0
1065151468923572,0,0.0,0
1065318363874799,0,0.0,0
1065970185716601,0,0.0,0
1066887004276139,0,0.0,0
1071312427193128,0,0.0,0
1071444375253859,0,0.0,0
1072302821562690,0,1.0,1
1072578764645095,0,1.0,1
1073891495030235,0,0.0,0
1075575417773380,0,0.0,0
1076045574799051,0,0.0,0
1076049050537387,0,0.0,0
1076052005687340,0,0.0,0
1076182475897238,0,0.0,0
1076182482920353,0,1.0,1
1076456682561023,0,0.0,0
1076888221541293,0,0.0,0
1079214403075023,0,0.0,0
1079218071606605,0,0.0,0
1079219322687684,0,0.0,0
1079404463715323,0,0.0,0
1080194638793674,0,0.0,0
1081610470040108,0,0.0,0
1082083908947438,0,0.0,0
1082940225260055,0,0.0,0
1082983291332786,0,0.0,0
1083159611174835,0,0.0,0
1084889707153252,0,0.0,0
1087766970356525,0,0.0,0
1088852297010769,0,0.0,0
1089876622515204,0,0.0,0
1091887678062320,0,0.0,0
1093578934005726,0,0.0,0
1094247832417737,0,0.0,0
1094254535743522,0,0.0,0
1096217922155938,0,0.0,0
1096921028819773,0,0.0,0
1096964197808821,0,0.0,0
1097289957590837,0,0.0,0
1097948531258135,0,0.0,0
1099814545665447,0,0.0,0
1100935820396449,0,0.0,0
1101344291999227,0,0.0,0
1101346990846927,0,0.0,0
1101964675970185,0,0.0,0
1102554447959291,0,0.0,0
1102835959760001,0,0.0,0
1103584115963161,0,0.0,0
1103595516583416,1,1.0,1
1104514099742350,0,0.0,0
1105648425619126,0,0.0,0
1106664090924144,0,0.0,0
1107043732140114,0,0.0,0
1107045606097586,0,0.0,0
1109344330507602,0,0.0,0
1114247966220354,0,0.0,0
1117277921408428,0,0.0,0
1117277983371055,0,0.0,0
1120217038708419,0,0.0,0
1120702717724471,0,0.0,0
1121823759289695,0,0.0,0
1124088649974839,0,0.0,0
1124092923686438,0,0.0,0
1124131039609245,0,0.0,0
1125637743691733,0,0.0,0
844639411772160,0,0.0,0
844974980098852,0,0.0,0
845536682956367,0,0.0,0
851517656774200,0,0.0,0
852774075529286,0,0.0,0
853581424878909,0,0.0,0
856160158862917,0,0.0,0
856609750168047,0,0.0,0
857226676819950,0,0.0,0
857662356692849,0,0.0,0
858434205127572,0,0.0,0
859066379285865,0,0.0,0
860503191579736,0,0.0,0
861098389866265,0,0.0,0
861723784461364,1,1.0,1
861881137764156,0,0.0,0
863206997212050,0,0.0,0
863212631161460,0,0.0,0
863214819628706,0,0.0,0
863521962426839,0,0.0,0
863611227328250,0,0.0,0
863830894409725,0,0.0,0
864715265603010,0,0.0,0
865966932266127,0,0.0,0
866677658333465,0,0.0,0
866916325546399,0,0.0,0
868406031471930,0,0.0,0
869059178713843,0,0.0,0
869127344522131,0,0.0,0
870237840105954,0,0.0,0
870390255128594,0,0.0,0
872325989669998,0,0.0,0
872904548357848,0,0.0,0
873645329115677,0,0.0,0
873943590194100,0,0.0,0
874260534440473,0,0.0,0
874424066460561,0,0.0,0
874669689639813,0,0.0,0
875690663647118,0,0.0,0
876343859486395,0,0.0,0
881999587630683,0,0.0,0
882099018496638,1,1.0,1
882574373312193,0,0.0,0
883626989670519,0,0.0,0
884883144911013,0,0.0,0
885102359411524,0,0.0,0
889709222339328,0,0.0,0
890168443792187,1,1.0,1
890930193586654,0,0.0,0
891165977430321,0,0.0,0
894222347429209,0,0.0,0
896847118071442,0,0.0,0
901574546250465,0,0.0,0
901683583526570,0,0.0,0
901967541422026,0,0.0,0
902125150481585,0,0.0,0
903390988689585,0,0.0,0
903466421736951,1,1.0,1
905091875308832,0,0.0,0
905322340431782,0,0.0,0
905712196849291,0,0.0,0
906345789970343,0,0.0,0
907887868360319,0,0.0,0
908728665039652,0,0.0,0
909602214593827,0,1.0,1
910210855473929,0,0.0,0
911015349337529,0,0.0,0
912117244805096,0,0.0,0
912121114676235,0,0.0,0
912246511895159,0,0.0,0
912869135720671,0,0.0,0
912873472103133,0,0.0,0
913123768746706,0,0.0,0
914649139463184,0,0.0,0
914733996974785,0,0.0,0
915712598849365,0,0.0,0
917158905448953,0,0.0,0
1126416804217322,0,0.0,0
1127115290848395,0,0.0,0
1128276092734150,0,0.0,0
1128585589282248,0,0.0,0
1130860675120854,0,0.0,0
1131844582853685,0,0.0,0
1133856865251797,0,0.0,0
1135574258887646,0,0.0,0
1136508873547470,0,0.0,0
1136820245577321,0,0.0,0
1137202279977982,0,1.0,1
1140328657191492,0,0.0,0
1140384785858796,0,0.0,0
1141493185337383,0,0.0,0
1142269313534472,0,0.0,0
1142906172337708,0,0.0,0
1142985868517684,0,0.0,0
1143017229915582,0,0.0,0
1143018250175048,0,0.0,0
1143619063865729,0,0.0,0
1144037654841916,0,0.0,0
1146279861507844,0,0.0,0
1147381374156119,0,0.0,0
1147498872935710,0,0.0,0
1147502200600566,0,0.0,0
1148692253415866,0,0.0,0
1149769400913052,0,0.0,0
1150096864293540,0,0.0,0
1151039247983981,0,0.0,0
1151428139394979,0,0.0,0
1151462085790993,0,0.0,0
1151578075408304,1,1.0,1
1151696479294663,0,0.0,0
1151907447867806,0,0.0,0
1152353120712103,0,0.0,0
1152747851413316,0,0.0,0
1152756951539761,1,1.0,1
1152831405254887,0,0.0,0
1152947847962489,0,0.0,0
1153219051003034,0,0.0,0
1153224438640872,0,0.0,0
1154439722151259,0,0.0,0
1155535992713662,0,0.0,0
1155537191493740,0,0.0,0
1156611716657478,0,1.0,1
1156612114762231,0,0.0,0
1157094097384385,0,0.0,0
1157269539945350,0,0.0,0
1160500926791431,0,0.0,0
1160842895776902,0,0.0,0
1160844431801210,0,0.0,0
1161166613788349,0,0.0,0
1161558412702131,0,0.0,0
1161869961893935,0,0.0,0
1162570462389649,1,1.0,1
1162980553093796,0,0.0,0
1163183370493392,0,0.0,0
1166641907996925,0,0.0,0
1169519518228548,0,0.0,0
1170595875860586,0,1.0,1
1171735689702384,0,0.0,0
1171923189007378,0,0.0,0
1172235213530769,0,0.0,0
1173164596531444,0,0.0,0
1173374150495268,0,0.0,0
1173766177033096,0,0.0,0
1175864853179152,0,0.0,0
1176011977213751,0,0.0,0
1176070314126175,0,0.0,0
1176577589143093,0,0.0,0
1177130037688448,0,0.0,0
1177456344825811,0,0.0,0
1179327671004968,0,0.0,0
1180409896420667,0,0.0,0
1180415831156497,0,0.0,0
1180485279009891,0,0.0,0
1182233929103054,0,0.0,0
1182256323694802,1,1.0,1
1183637623165920,0,0.0,0
1185290868201511,0,0.0,0
1187567795913329,0,0.0,0
1188327273938277,0,1.0,1
1188445796820591,0,0.0,0
1188490767429024,0,0.0,0
1189520249159967,0,0.0,0
1190191885619888,0,0.0,0
1190798468723635,0,0.0,0
1190798878199131,0,0.0,0
1191101733437386,0,0.0,0
1191210326836797,0,0.0,0
1191450413210757,0,0.0,0
1191831202752258,0,0.0,0
1191889320303022,0,0.0,0
1192614875258029,0,0.0,0
1193060616944513,0,0.0,0
1194246091360384,0,0.0,0
1195437011996286,0,0.0,0
1195729994844110,0,0.0,0
1196320951368053,0,0.0,0
1196664895104328,0,0.0,0
1196664910452773,0,0.0,0
1196726018478405,0,0.0,0
1197123584868329,0,0.0,0
1197176413825234,0,0.0,0
1197949437744822,0,0.0,0
1198177870044206,0,0.0,0
1198640228424231,0,0.0,0
1199871007447435,0,0.0,0
1200334996551441,1,1.0,1
1201613619745883,0,0.0,0
1203749855143770,0,0.0,0
1205055756591389,0,1.0,1
1206687839079851,0,0.0,0
1206689692480818,0,0.0,0
1207420896031616,1,1.0,1
1207426005694453,0,0.0,0
1207509352953890,0,0.0,0
1209259201576016,0,0.0,0
1209637692158178,0,0.0,0
1209641765173550,0,0.0,0
1211397778472472,0,0.0,0
1211997610672673,1,1.0,1
1212928817231973,0,0.0,0
1213293584983093,1,1.0,1
1213649976647496,0,0.0,0
1214539206997292,0,0.0,0
1214626440530316,0,0.0,0
1215309839451461,0,0.0,0
1215906142742141,0,0.0,0
1217310533535803,0,0.0,0
1217649628139436,0,0.0,0
1217714684839298,0,0.0,0
1218329332248420,0,0.0,0
1218561192308428,0,0.0,0
1218561436959821,0,0.0,0
1219632052142695,0,0.0,0
1219891764707520,0,0.0,0
1220517668496277,0,0.0,0
1221994149349190,0,0.0,0
1222966062320352,0,0.0,0
1224299695851457,0,0.0,0
1224369892623177,0,0.0,0
1224371161665583,0,0.0,0
1224917448848771,0,0.0,0
1224923966155926,0,0.0,0
1225258729059384,0,0.0,0
1226185204598460,0,0.0,0
1226562636874950,0,0.0,0
1227432612418687,0,0.0,0
1227609718497401,0,0.0,0
1228143752914335,0,0.0,0
1228564893803749,0,0.0,0
1229024344431776,0,0.0,0
1229250370997434,0,0.0,0
1229351862702626,0,0.0,0
1229411314517274,0,0.0,0
1229510635386577,0,0.0,0
1229963355883063,0,0.0,0
1232275693083472,0,0.0,0
1232627045944827,0,0.0,0
1233202618105900,0,0.0,0
1233562799527359,1,1.0,1
1234423002201499,0,0.0,0
1234426075935915,0,0.0,0
1234474322008367,0,0.0,0
1234756790086056,1,1.0,1
1235240527073832,0,0.0,0
1235950735623857,0,0.0,0
1236021778196986,0,0.0,0
1238084270912566,0,0.0,0
1240690447074987,0,0.0,0
1241925062924194,0,0.0,0
1242513222759216,0,0.0,0
1243143666489846,0,0.0,0
1243162878474206,0,0.0,0
1246252012581005,0,0.0,0
1246618440694098,0,0.0,0
1246711551969395,0,0.0,0
1246885861883669,0,0.0,0
1246933114204401,0,0.0,0
1247463741701217,0,0.0,0
1247622398975712,0,0.0,0
1248535076635098,0,0.0,0
1248669068633248,0,0.0,0
1249884620106302,0,0.0,0
1250042337788507,0,0.0,0
1250159034543804,0,0.0,0
1250463920811620,0,0.0,0
1254709776116500,0,0.0,0
1254810052395146,0,0.0,0
1255673846254736,0,0.0,0
1255676675376080,0,0.0,0
1257057658745276,0,0.0,0
1257364831393351,0,0.0,0
1257626801724163,0,0.0,0
1257629105737123,0,0.0,0
1257935689732174,0,0.0,0
1257970075448243,0,0.0,0
1258274540605309,0,0.0,0
1258412105625050,0,0.0,0
1259365231588436,0,0.0,0
1261239077929395,0,1.0,1
1261615372372583,0,0.0,0
1261718360462791,0,0.0,0
1261723844230169,0,0.0,0
1262657183778169,0,0.0,0
1262772381689128,0,0.0,0
1262819636815617,0,0.0,0
1263004162630991,0,0.0,0
1263244870181705,0,0.0,0
1263346566512556,0,0.0,0
1264852027230422,0,0.0,0
1265590507045602,0,0.0,0
1265828251573411,0,0.0,0
1267828018600132,0,0.0,0
1268299688434272,0,0.0,0
1268946317341945,0,0.0,0
1270513885899854,0,0.0,0
1271322569248785,0,0.0,0
1271927126743906,0,0.0,0
1272112003959589,0,0.0,0
1276678953959149,0,1.0,1
1277384646408414,0,0.0,0
1277690183382158,0,0.0,0
1279435865741627,0,0.0,0
1280259187212841,0,0.0,0
1281608635713745,0,0.0,0
1282143247618327,0,0.0,0
1282527875604498,0,0.0,0
1283068793192136,0,0.0,0
1284032262185956,0,0.0,0
1284932340160160,0,0.0,0
1289103135039391,0,0.0,0
1289880223353908,0,0.0,0
1290909442127924,0,0.0,0
1293594484659233,0,0.0,0
1294774558080089,0,0.0,0
1295182117794148,0,0.0,0
1295187485899369,0,0.0,0
1295418189435851,0,0.0,0
1298044725819078,0,0.0,0
1298195147769548,0,0.0,0
1298804604681284,0,0.0,0
1298810062901775,0,0.0,0
1300845293502273,0,0.0,0
1300973288643447,0,0.0,0
1301094327450566,0,0.0,0
1301504918682027,0,0.0,0
1301511319090085,0,0.0,0
1301511821513027,0,0.0,0
1302004815585590,0,0.0,0
1302007118995676,0,0.0,0
1302007921874431,0,0.0,0
1303901454255511,0,0.0,0
1304620155710662,0,0.0,0
1304771267055149,0,0.0,0
1305423848099558,0,0.0,0
1307644941158113,0,0.0,0
1308682990808560,0,0.0,0
1308967079311895,0,0.0,0
1309362920909208,0,0.0,0
1309553695612346,0,0.0,0
1310938846221216,0,0.0,0
1312913106728686,0,0.0,0
1313063169912649,0,0.0,0
1314436004309808,0,0.0,0
1316774021339656,0,0.0,0
1318335386856602,0,0.0,0
1319158633274027,0,1.0,1
1319161999860110,1,1.0,1
1320398589594403,0,0.0,0
1320400743224697,0,0.0,0
1321641809288816,0,0.0,0
1325244541384507,0,0.0,0
1326604403447185,1,1.0,1
1327498229401193,1,1.0,1
1329341058298469,0,0.0,0
1329381775934226,0,0.0,0
1329825322417837,0,0.0,0
1329862936326498,0,0.0,0
1332011248633247,0,0.0,0
1332314216312767,0,0.0,0
1332468312116195,0,0.0,0
1332764940949055,0,0.0,0
1332765938787152,0,0.0,0
1332829149610320,0,0.0,0
1333010769102507,0,0.0,0
1333047640040902,0,0.0,0
1333050073165426,0,0.0,0
1337767761369292,0,0.0,0
1337792878934788,0,0.0,0
1338645341103699,0,0.0,0
1339013894858908,0,0.0,0
1339044091148929,0,0.0,0
1339351187302027,0,0.0,0
1339755309155393,0,0.0,0
1339760289424583,0,0.0,0
1340832403674838,0,0.0,0
1340964363930671,0,0.0,0
1341240893740784,0,0.0,0
1343655269464306,0,0.0,0
1344130684374135,0,0.0,0
1345854103386556,0,0.0,0
1348033516305669,0,0.0,0
1348546022601641,0,0.0,0
1349367616759460,0,0.0,0
1349818671569973,0,0.0,0
1351074833147143,0,0.0,0
1351729910521625,0,0.0,0
1351893613254649,0,0.0,0
1351926816061570,0,0.0,0
1352047161508283,0,0.0,0
1352271373018425,0,0.0,0
1352992801237751,0,0.0,0
1355363370174315,0,0.0,0
1357501134794102,0,0.0,0
1358472628878621,0,0.0,0
1360536853607366,0,0.0,0
1360536970221443,0,0.0,0
1362000451295896,0,0.0,0
1362338842551277,0,0.0,0
1363199863286522,0,0.0,0
1364005788997191,0,0.0,0
1364080727957675,0,0.0,0
1364768557180530,0,0.0,0
1364983054549770,0,0.0,0
1365092417302499,0,0.0,0
1371166095562946,0,0.0,0
1371285509881489,0,0.0,0
1371956053056474,0,0.0,0
1372293852995060,0,0.0,0
1372941551557094,0,0.0,0
1375277292838476,0,0.0,0
1375349986738939,0,0.0,0
1375738647406419,0,0.0,0
1375739871499143,0,0.0,0
1377520963602889,0,0.0,0
1377627995989704,0,0.0,0
1378234329974055,0,0.0,0
1378320984197865,0,0.0,0
1379029310361170,0,0.0,0
1379311437326422,0,0.0,0
1379361328053145,0,0.0,0
1379406478229984,1,1.0,1
1379409883032218,0,0.0,0
1380190362471673,0,0.0,0
1380636293418651,0,0.0,0
1381994475503435,0,0.0,0
1383835431991301,0,0.0,0
1383872866507623,1,1.0,1
1384262166755935,0,0.0,0
1386056859977815,0,0.0,0
1386543480835419,0,0.0,0
1389436858079543,0,0.0,0
1389496232653250,0,0.0,0
1391086480167300,0,0.0,0
1391622135629167,0,0.0,0
1392904005367444,0,0.0,0
1392962444835483,0,0.0,0
1393085331744080,0,0.0,0
1393594435251133,0,0.0,0
1393649956779200,0,0.0,0
1393960747382052,0,0.0,0
1395030459283408,0,0.0,0
1395977829050552,0,0.0,0
1396390442904009,0,0.0,0
1396873803744133,0,0.0,0
1397196737120415,0,0.0,0
1397277788536164,0,0.0,0
1398016014081427,0,0.0,0
1399056595707284,1,1.0,1
1400101734704335,0,0.0,0
1400742353822741,0,0.0,0
1401477286024396,0,0.0,0
1401717469493795,0,0.0,0
1402469076058381,0,0.0,0
1403409428427162,0,0.0,0
1404191648549362,0,0.0,0
1404497358804606,0,0.0,0
1404659289367931,0,0.0,0
1125911506690784,0,0.0,0
1126294436396400,0,0.0,0
1126571732887303,0,0.0,0
1127357993157376,0,0.0,0
1128775325157776,0,0.0,0
1128952594455457,0,0.0,0
1129608367381424,0,0.0,0
1130394228728895,0,0.0,0
1130456452578263,0,0.0,0
1131238938277760,0,0.0,0
1133038397930870,0,0.0,0
1133264796493654,0,0.0,0
1133806979488350,0,0.0,0
1134653357388753,0,0.0,0
1138661957063803,0,0.0,0
1139030919105428,0,0.0,0
1139565410233824,0,0.0,0
1139570978916748,0,0.0,0
1139819261399125,0,0.0,0
1139999816275611,0,0.0,0
1140636506315026,0,0.0,0
1140900402735628,0,0.0,0
1140981407934272,0,0.0,0
1142943014955514,0,0.0,0
1144252007937452,0,0.0,0
1144878639751110,0,0.0,0
1145097864185756,0,0.0,0
1146642929534709,0,0.0,0
1146918684332993,0,0.0,0
1148693188013223,0,0.0,0
1148793604481623,0,0.0,0
1149011595865367,0,0.0,0
1149968740980740,0,0.0,0
1150069577203490,0,0.0,0
1150781014909483,0,0.0,0
1150901169786074,0,0.0,0
1152285617792890,0,0.0,0
1153817463557230,0,0.0,0
1154734856195388,0,0.0,0
1156011315313911,0,0.0,0
1156146994699006,0,0.0,0
1157082903441121,0,0.0,0
1158626170817605,0,0.0,0
1159130464405899,0,0.0,0
1162009350097148,0,0.0,0
1163729548993409,0,0.0,0
1163731995236502,0,0.0,0
1165239173678101,0,0.0,0
1165441249835639,0,0.0,0
1167326222887228,0,0.0,0
1167431309891111,0,0.0,0
1167531555512500,0,0.0,0
1167537532781892,0,0.0,0
1168033306790599,0,0.0,0
1169596200746349,0,0.0,0
1170636316532601,0,0.0,0
1170982775158526,0,0.0,0
1171761558711287,0,0.0,0
1172206474478814,0,0.0,0
1174656765784808,0,0.0,0
1174714318696344,0,0.0,0
1174827438030708,0,0.0,0
1176370935800134,0,0.0,0
1177651890591923,0,0.0,0
1177960068619552,0,0.0,0
1177962998473296,0,0.0,0
1178131048954739,0,0.0,0
1178393610721533,0,0.0,0
1180210635349355,1,1.0,1
1181142923665893,0,0.0,0
1181173097838214,0,0.0,0
1181407201929695,0,0.0,0
1183247364181129,0,0.0,0
1183843919048147,0,0.0,0
1183982431189273,0,0.0,0
1184022947114041,0,0.0,0
1185741252580060,0,0.0,0
1186345318444306,0,0.0,0
1186349154569497,0,0.0,0
1186476187210048,0,0.0,0
1187840628834130,0,0.0,0
1188784042060284,0,0.0,0
1191442658978655,0,0.0,0
1192030860060901,0,0.0,0
1193033278378597,0,0.0,0
1193542828054137,0,0.0,0
1193549838857775,0,0.0,0
1193770917840873,0,0.0,0
1194509704683351,0,0.0,0
1195460430082582,0,0.0,0
1197317230735690,0,0.0,0
1198318820861136,0,0.0,0
1198324368146064,0,0.0,0
1199769846446631,0,0.0,0
1199770949222227,0,0.0,0
1199973530086406,0,0.0,0
1200320413182951,0,0.0,0
1200399501821130,0,0.0,0
1201150106451904,0,0.0,0
1201309977886492,0,0.0,0
1202133479137012,0,0.0,0
1202330554940900,0,0.0,0
1202333958514992,0,0.0,0
1203407576021029,0,0.0,0
1204754053349346,0,0.0,0
1204818511828948,0,0.0,0
1205333696213025,0,0.0,0
1206980138418776,0,0.0,0
1207321988703874,0,0.0,0
1207574988744614,0,0.0,0
1207738020919170,0,0.0,0
1208477919765350,0,0.0,0
1209487754591387,0,0.0,0
1209790696706722,0,0.0,0
1209791065224517,0,0.0,0
1210170849380113,0,0.0,0
1211180497332320,0,0.0,0
1211598296824752,0,0.0,0
1211847001809793,0,0.0,0
1212715147870010,0,0.0,0
1213462159889046,0,0.0,0
1213548057495618,0,0.0,0
1213549983573713,0,0.0,0
1215972557653999,0,0.0,0
1217459747465858,0,0.0,0
1218332635141155,0,0.0,0
1218722279840242,0,0.0,0
1220124660546298,0,0.0,0
1220221357860263,0,0.0,0
1220485823298287,0,0.0,0
1221703761514057,0,0.0,0
1221706812835150,0,0.0,0
1221834570475908,0,0.0,0
1222227076533225,0,0.0,0
1224567536138440,0,0.0,0
1225389700256159,0,0.0,0
1226246142393584,0,0.0,0
1227238757103498,0,0.0,0
1227955898229051,0,0.0,0
1228408422669547,0,0.0,0
1229650816754599,0,0.0,0
1229910966694834,0,0.0,0
1231057097976138,0,0.0,0
1231817813030811,0,0.0,0
1232746796727834,0,0.0,0
1234363931637587,0,0.0,0
1235874598440455,0,0.0,0
1236338299786746,0,0.0,0
1238259733796001,0,0.0,0
1240955567705554,0,0.0,0
1241386397581112,0,0.0,0
1242101142870167,0,0.0,0
1242101162600401,0,0.0,0
1242445396925053,0,0.0,0
1242992322857792,0,0.0,0
1244424483778915,0,0.0,0
1246475466700260,0,0.0,0
1246531973195362,0,0.0,0
1246611596187738,0,0.0,0
1246615271034812,0,0.0,0
1247097076096219,0,0.0,0
1247689323780602,0,0.0,0
1248268685993567,0,0.0,0
1248449879132800,0,0.0,0
1248935364407700,0,0.0,0
1250558438383819,0,0.0,0
1250559562955241,0,0.0,0
1250694492034032,0,0.0,0
1255192303468922,0,0.0,0
1255345157735049,0,0.0,0
1256147606195326,0,0.0,0
1257620494145986,0,0.0,0
1258561377341758,0,1.0,1
1258562613355954,0,1.0,1
1259748500921975,0,0.0,0
1260238243268874,0,0.0,0
1261124473915250,0,0.0,0
1262078193029706,0,0.0,0
1263813904218868,0,0.0,0
1264367381883844,0,0.0,0
1265853479153334,0,0.0,0
1266798777471841,0,0.0,0
1267503875604521,0,0.0,0
1268039933371031,0,0.0,0
1268640748594373,1,1.0,1
1269409208342725,0,0.0,0
1269471146293261,1,1.0,1
1271842168621012,0,0.0,0
1274280105859191,0,0.0,0
1274288340810566,0,0.0,0
1274528663475433,0,0.0,0
1275285865042467,0,0.0,0
1279538312412266,0,0.0,0
1280707543605944,0,0.0,0
1280783916121995,0,0.0,0
1281159077886391,0,0.0,0
1281375881425404,0,0.0,0
1281838515842703,0,0.0,0
1283146753855862,0,0.0,0
1284719884640634,0,0.0,0
1284721721595975,0,0.0,0
1284727047211260,1,1.0,1
1285221901597431,0,0.0,0
1285227642194335,0,0.0,0
1285231133090612,0,0.0,0
1288230597543908,0,0.0,0
1289283974507995,0,0.0,0
1290155449530656,0,0.0,0
1292660495931328,0,0.0,0
1295005679749440,0,0.0,0
1295809230368203,0,0.0,0
1298282953127134,0,0.0,0
1298350199316410,0,0.0,0
1298411583723045,0,0.0,0
1301470777591606,0,0.0,0
1304369756137953,0,0.0,0
1305060547277689,0,0.0,0
1305925270667632,1,1.0,1
1307390510885158,0,0.0,0
1308619123630040,0,0.0,0
1308902537439223,0,0.0,0
1312161198702691,0,0.0,0
1313412957486036,0,0.0,0
1313687323648293,0,0.0,0
1313687842890964,0,0.0,0
1314098530611046,0,0.0,0
1316562464677429,0,0.0,0
1316687047492689,0,0.0,0
1316894940321193,0,0.0,0
1318327509896253,0,0.0,0
1318732569013519,0,0.0,0
1320036527078953,0,0.0,0
1320482191872806,0,0.0,0
1321500461638011,0,0.0,0
1321614955478186,0,0.0,0
1321788883646392,1,1.0,1
1322143563193064,0,0.0,0
1322144444472198,1,1.0,1
1322260571472257,0,0.0,0
1322647575917323,0,0.0,0
1324936879873662,0,0.0,0
1325097788925393,0,0.0,0
1325617131526399,0,0.0,0
1327087443061318,0,0.0,0
1329900331841618,1,1.0,1
1330348064937883,0,0.0,0
1332271625049517,0,0.0,0
1332380774068378,0,0.0,0
1336393221655492,0,0.0,0
1336568247798477,0,0.0,0
1338262845930320,0,0.0,0
1339209073655612,0,0.0,0
1339318581822631,0,0.0,0
1341746142806133,0,0.0,0
1342901288624702,0,0.0,0
1343822753006269,0,0.0,0
1346099697908952,0,0.0,0
1346153231068575,0,0.0,0
1347457284474936,0,0.0,0
1347574418358149,0,0.0,0
1348895901035052,0,0.0,0
1349302078722191,0,0.0,0
1350207639241726,0,0.0,0
1350571408458940,0,0.0,0
1350978585702211,0,0.0,0
1351915478718182,0,0.0,0
1351960890073207,0,0.0,0
1352075336132866,0,0.0,0
1352558541207128,0,0.0,0
1353001389954553,0,0.0,0
1353874392068975,0,0.0,0
1353875310765880,0,0.0,0
1353879827668904,0,0.0,0
1354920293021777,1,1.0,1
1355266952060724,0,0.0,0
1358145380693356,0,0.0,0
1358658417328081,0,0.0,0
1359249842426508,0,0.0,0
1360031881705290,0,1.0,1
1360099335485730,0,0.0,0
1360215722178135,0,0.0,0
1360219927170437,0,0.0,0
1360336975249297,0,0.0,0
1360619073339515,0,0.0,0
1360699563691577,0,0.0,0
1360966892864118,0,0.0,0
1361392785985134,0,0.0,0
1361961238222488,1,1.0,1
1362233274181720,0,0.0,0
1362403017496342,0,0.0,0
1362583375579222,0,0.0,0
1363930907846554,0,0.0,0
1363992918478098,0,0.0,0
1363996479847865,0,0.0,0
1364668065984525,0,0.0,0
1366622221273588,0,0.0,0
1368054016632647,0,0.0,0
1368115063580478,0,0.0,0
1369212883491713,0,0.0,0
1370180373934048,0,0.0,0
1372000323874514,0,0.0,0
1373245191033898,0,0.0,0
1374188598515182,0,0.0,0
1374189760385005,0,0.0,0
1374967058217069,0,0.0,0
1375406531527199,0,0.0,0
1376713062133820,0,0.0,0
1376715839180799,0,0.0,0
1378827060553795,0,0.0,0
1379161342048119,0,0.0,0
1379783300682024,0,0.0,0
1379881523316680,0,0.0,0
1380138406123888,0,0.0,0
1380163543459766,0,0.0,0
1381421788920930,0,1.0,1
1381789085732603,0,0.0,0
1381887846073995,0,0.0,0
1382083001280240,0,0.0,0
1382717476374194,0,0.0,0
1385089581167458,0,0.0,0
1386444113177039,0,0.0,0
1386891802191869,0,0.0,0
1387155156433696,0,0.0,0
1389861421938966,0,0.0,0
1389918544802591,0,0.0,0
1390098069431587,0,0.0,0
1390307864030483,0,0.0,0
1392466607059583,0,0.0,0
1393645110990850,0,0.0,0
1393697957661891,0,0.0,0
1394183331163854,0,0.0,0
1394183333082449,0,0.0,0
1396804697575928,0,0.0,0
1397038869999916,0,0.0,0
1397572979830642,0,0.0,0
1397662025056512,0,0.0,0
1398665385493779,0,0.0,0
1398860199388172,0,0.0,0
1399487888918054,0,0.0,0
1400445362691576,0,0.0,0
1400505697945512,0,0.0,0
1400507697714131,0,0.0,0
1400750798785683,0,0.0,0
1400756947145883,0,0.0,0
1402068172643258,0,0.0,0
1402831006757303,0,0.0,0
1404280766700596,0,0.0,0
1404450426936532,0,0.0,0
1404574423297155,0,0.0,0
1404700992259919,0,0.0,0
1404770999380301,0,0.0,0
1405438936040707,0,0.0,0
1405749594404403,0,0.0,0
1407079756640665,0,0.0,0
1126090276003194,0,0.0,0
1126844762063652,0,0.0,0
1129166029090253,0,0.0,0
1129290203491192,0,0.0,0
1130195560158119,0,0.0,0
1130198958495540,0,0.0,0
1130455886456082,0,0.0,0
1131433197160852,0,0.0,0
1132759566343548,0,0.0,0
1133552176065242,0,0.0,0
1134228508414148,0,0.0,0
1134711300301274,0,0.0,0
1136281331182702,0,0.0,0
1138245466009616,0,0.0,0
1138605183555384,0,0.0,0
1138696238670011,0,0.0,0
1138759315215876,0,0.0,0
1138889549040835,0,0.0,0
1138895416734640,0,0.0,0
1139009899061961,0,0.0,0
1139554006626324,0,0.0,0
1144341087964795,0,0.0,0
1144853338328024,0,0.0,0
1146779037689765,1,1.0,1
1148102112345880,0,1.0,1
1148103940409506,0,0.0,0
1148768145276120,0,0.0,0
1148971198731950,0,0.0,0
1149436243044347,0,0.0,0
1149649071163237,0,0.0,0
1149791817156786,0,0.0,0
1150770976220020,0,0.0,0
1153748168489453,0,0.0,0
1154486404317761,0,0.0,0
1154584492246833,0,0.0,0
1154974616427368,0,0.0,0
1155511003539010,0,0.0,0
1156750216929920,0,0.0,0
1157481798072288,0,0.0,0
1157873232902458,0,0.0,0
1158639454319734,0,0.0,0
1160177367110572,0,0.0,0
1160178609170219,0,0.0,0
1161275751315599,0,0.0,0
1162879309845991,0,0.0,0
1163035270078294,0,0.0,0
1164518595387111,0,0.0,0
1165424768842024,0,0.0,0
1165998209847027,0,0.0,0
1166001904224365,0,0.0,0
1166047913868184,0,0.0,0
1166291123052446,0,0.0,0
1167350352894679,0,0.0,0
1167526564708245,0,0.0,0
1168384369756206,0,0.0,0
1168676939505233,0,0.0,0
1168677297878456,0,0.0,0
1168680085450522,0,0.0,0
1169870599896696,0,0.0,0
1169919152051603,0,0.0,0
1170374999434106,0,0.0,0
1170667160936227,0,0.0,0
1170920315212734,0,0.0,0
1171060101382154,0,0.0,0
1173464457770908,0,0.0,0
1173836907573259,0,0.0,0
1174458204898219,0,0.0,0
1175489345246496,0,0.0,0
1176254176464575,1,1.0,1
1176367293076665,0,0.0,0
1177765238308259,0,1.0,1
1178894332948005,0,0.0,0
1181280642774871,0,0.0,0
1181475397257175,0,0.0,0
1181636640054086,0,0.0,0
1181648127286760,0,0.0,0
1181844335606429,0,0.0,0
1184382462655920,0,0.0,0
1184617633017423,0,1.0,1
1184677426461827,0,0.0,0
1184683776085011,0,0.0,0
1184684717277771,0,0.0,0
1184905655752374,0,0.0,0
1186612846767384,0,0.0,0
1186720671758325,0,0.0,0
1187221839332867,0,0.0,0
1187502454313453,0,0.0,0
1187557798741629,0,0.0,0
1188491097586353,0,0.0,0
1195092340427010,0,0.0,0
1197494589730024,0,0.0,0
1198277191488238,0,0.0,0
1198327856593466,0,0.0,0
1198492875856257,0,0.0,0
1199554163797033,1,1.0,1
1200862260443253,0,0.0,0
1202131154916728,0,0.0,0
1203266657671233,0,0.0,0
1203719044268455,0,0.0,0
1204688614511102,0,0.0,0
1205273329819123,0,0.0,0
1205380350202612,0,0.0,0
1206988455044091,0,0.0,0
1207957146201023,0,0.0,0
1209069085769861,0,0.0,0
1209269701320911,0,0.0,0
1209272418953142,0,0.0,0
1209411244422471,0,0.0,0
1209996343353910,0,0.0,0
1213276117325614,0,0.0,0
1215734500862145,0,0.0,0
1216313678934471,0,0.0,0
1217147019388384,0,1.0,1
1217325877546267,0,0.0,0
1217411534316138,0,0.0,0
1217613270661542,0,1.0,1
1218420564649602,0,0.0,0
1218468915421725,0,0.0,0
1218626947690756,0,0.0,0
1219576189898074,0,0.0,0
1220010657686422,0,0.0,0
1221919884968851,0,0.0,0
1222821510376872,0,0.0,0
1223062753683263,0,0.0,0
1223192300724063,0,0.0,0
1223508210517252,0,0.0,0
1223512001660505,0,0.0,0
1223680408760791,0,0.0,0
1224107403850115,0,0.0,0
1224516955599844,0,0.0,0
1224561054141461,0,0.0,0
1224649321220977,0,0.0,0
1225323004435922,1,1.0,1
1225332032976984,0,0.0,0
1225334788299693,0,0.0,0
1226320478700006,0,0.0,0
1226700807744426,0,0.0,0
1227188303484844,0,0.0,0
1228163797894071,0,0.0,0
1229576441677770,0,0.0,0
1233950300084842,0,0.0,0
1237074821903121,0,0.0,0
1238488687252623,0,0.0,0
1239281321867773,0,0.0,0
1240003518279799,0,0.0,0
1240911007092114,0,0.0,0
1241764882883256,0,0.0,0
1243502103235153,0,0.0,0
1243939705678432,0,0.0,0
1244281176130580,0,0.0,0
1244319054541075,0,0.0,0
1244996796068616,0,0.0,0
1244998410363054,0,0.0,0
1245076178817923,0,0.0,0
1246207698916547,0,0.0,0
1246364097999133,0,0.0,0
1246749317963878,0,0.0,0
1247591745340884,0,0.0,0
1247860531950487,0,0.0,0
1248144902538333,0,0.0,0
1248147569408336,0,0.0,0
1249495280478078,0,0.0,0
1253654459820489,0,0.0,0
1254335799634785,0,0.0,0
1255146376548912,0,0.0,0
1255150194298206,1,1.0,1
1255804316209244,0,0.0,0
1256824066975328,0,0.0,0
1257319072912787,0,0.0,0
1257862889822433,0,0.0,0
1258651146052747,0,0.0,0
1260321064265898,0,0.0,0
1261101322447201,0,0.0,0
1262195106529280,0,0.0,0
1264097632088389,0,0.0,0
1264619976107592,1,1.0,1
1265960176290728,0,0.0,0
1266504518753095,0,0.0,0
1266554094302809,0,0.0,0
1266648921677017,0,0.0,0
1266816462091244,0,0.0,0
1267015675701412,0,0.0,0
1267196306204612,0,0.0,0
1269281233639986,0,0.0,0
1269282082609885,0,0.0,0
1269456230545959,0,0.0,0
1269512921592595,0,0.0,0
1273208281732336,0,0.0,0
1273210150485372,0,0.0,0
1273916777694911,0,0.0,0
1276155001036779,0,0.0,0
1277131433519314,1,1.0,1
1277832498062385,0,0.0,0
1278459483639759,0,0.0,0
1278816131545132,0,0.0,0
1280358421797690,0,0.0,0
1280468917357568,0,0.0,0
1280848688902431,0,0.0,0
1283237096238773,0,0.0,0
1283285483710090,0,0.0,0
1283386262239469,0,0.0,0
1286706826269079,0,0.0,0
1286882842218889,0,0.0,0
1287345458890606,1,1.0,1
1288448575971732,0,0.0,0
1288947735059339,0,0.0,0
1289888996842833,0,0.0,0
1290164412605180,0,0.0,0
1291673305487084,0,0.0,0
1291971030841394,1,1.0,1
1292914415913360,0,0.0,0
1293091244981736,0,0.0,0
1294353542788912,0,0.0,0
1294496833541253,1,1.0,1
1295565209653833,0,0.0,0
1296412510443328,0,0.0,0
1297937233010451,0,0.0,0
1299724418409854,0,0.0,0
1299825069531106,0,0.0,0
1300227670722911,0,0.0,0
1300230131385476,0,0.0,0
1300406729336510,0,0.0,0
1300842334594538,0,0.0,0
1301216467607181,0,0.0,0
1301836966693371,0,0.0,0
1305413113412695,0,0.0,0
1305533465376650,0,0.0,0
1305539474308546,0,0.0,0
1306312793214808,0,0.0,0
1307177671782616,0,0.0,0
1307267294149594,0,0.0,0
1307354392946425,0,0.0,0
1307389342813634,0,0.0,0
1307591250537095,0,0.0,0
1308631184890099,1,1.0,1
1308696304733752,0,0.0,0
1308773844037053,0,0.0,0
1309003918073991,0,0.0,0
1310029941799569,0,0.0,0
1310178717207194,1,1.0,1
1311003924239920,0,0.0,0
1311886904888437,0,0.0,0
1311888280993131,0,0.0,0
1312048670891075,0,0.0,0
1314302535743844,0,0.0,0
1314438243072822,0,0.0,0
1314476006499110,0,0.0,0
1315949185377954,0,0.0,0
1316581127026603,0,0.0,0
1316880416785986,0,0.0,0
1319308546822359,0,0.0,0
1319669335568801,0,0.0,0
1319671987875677,0,0.0,0
1320339344223044,0,0.0,0
1320496605335123,0,0.0,0
1320560702372234,0,0.0,0
1321072590787030,0,0.0,0
1322000649047007,0,0.0,0
1322227169063925,0,0.0,0
1322233660572064,0,0.0,0
1322327107898774,0,0.0,0
1326035468425720,0,0.0,0
1326260572417572,0,0.0,0
1326347437897524,0,0.0,0
1326839376261569,0,1.0,1
1327072328833486,0,0.0,0
1328080076678636,0,0.0,0
1328229448233428,0,0.0,0
1328486221462419,0,0.0,0
1328488122076954,0,0.0,0
1328759418622252,0,0.0,0
1329347552468359,0,0.0,0
1329736949438441,0,1.0,1
1330140271976332,0,0.0,0
1331487273369390,0,0.0,0
1332613127424853,0,0.0,0
1333660817764035,0,0.0,0
1333662290080158,0,0.0,0
1334444562827561,0,0.0,0
1334450225702741,0,0.0,0
1335484571723519,0,0.0,0
1337823811137422,0,0.0,0
1337834422942673,0,0.0,0
1338708503601387,0,0.0,0
1338709829490467,1,1.0,1
1339824937762825,0,0.0,0
1340200565599802,1,1.0,1
1341094654003881,0,0.0,0
1341107410255200,0,0.0,0
1341930573997223,0,0.0,0
1342792551775854,0,0.0,0
1343057091904954,0,0.0,0
1343467593456518,0,0.0,0
1344086143372056,0,0.0,0
1344799928857406,0,0.0,0
1344869765993904,0,0.0,0
1344871186792288,0,0.0,0
1345093157972103,0,0.0,0
1345978006566468,0,0.0,0
1346389919722166,0,1.0,1
1346994038686208,0,0.0,0
1347028096150707,0,0.0,0
1347028537313155,0,0.0,0
1347510635148988,0,0.0,0
1347802079107397,0,0.0,0
1348973407524052,0,1.0,1
1349455408945572,0,0.0,0
1349774464090782,0,0.0,0
1350478887561659,0,0.0,0
1350751954212236,0,0.0,0
1352070206789787,0,0.0,0
1352361706823397,0,0.0,0
1354171281194373,0,0.0,0
1354289009346430,0,0.0,0
1355295749449560,1,1.0,1
1355302276722635,0,0.0,0
1356739212680691,0,0.0,0
1356928009798452,0,0.0,0
1357050396088355,0,0.0,0
1357113435961480,0,0.0,0
1357459636082668,0,0.0,0
1357639719791422,0,0.0,0
1358194633219770,0,0.0,0
1358287964293520,0,0.0,0
1358794072185330,0,0.0,0
1359239342665721,0,0.0,0
1359471883925476,0,0.0,0
1359782758089584,0,0.0,0
1362031194227260,0,0.0,0
1362033109212987,0,0.0,0
1362594730918170,0,0.0,0
1364346337508899,0,0.0,0
1365122410759247,0,0.0,0
1365470770362276,0,0.0,0
1368751543990445,0,0.0,0
1371425421612432,0,0.0,0
1371450574468728,0,0.0,0
1371874213280155,0,0.0,0
1371876795588625,0,0.0,0
1372888988022453,0,0.0,0
1373216303979066,0,0.0,0
1373804295065379,0,0.0,0
1373846055659850,0,0.0,0
1374592588808454,0,0.0,0
1374593422607854,0,0.0,0
1374597680751323,0,0.0,0
1375066686801990,0,0.0,0
1376151747767938,0,0.0,0
1376152720485650,0,0.0,0
1378257751117609,0,0.0,0
1378876481421659,0,0.0,0
1378881789375588,0,0.0,0
1379349138363627,0,0.0,0
1379555805445852,0,0.0,0
1379769697596202,0,0.0,0
1383243039665960,0,0.0,0
1385800220425752,0,0.0,0
1385933777259722,0,0.0,0
1386846607589873,0,0.0,0
1387937034981223,0,0.0,0
1387992072087321,0,0.0,0
1387995061873773,0,0.0,0
1389407055779133,0,0.0,0
1390427288124327,0,0.0,0
1390431574958383,0,0.0,0
1390539547253117,0,0.0,0
1390877492411146,0,0.0,0
1392072505346246,0,0.0,0
1392552022017905,0,0.0,0
1392787923841813,0,0.0,0
1392824569201529,0,0.0,0
1393824737074562,0,0.0,0
1394312445518923,0,0.0,0
1395294509604139,0,0.0,0
1395295930830504,0,0.0,0
1396382375428252,0,0.0,0
1396692277938828,0,0.0,0
1396693110830424,0,0.0,0
1396721954881250,0,0.0,0
1396729630240960,0,0.0,0
1396768051031213,0,0.0,0
1397391455405936,0,0.0,0
1397392199993713,0,0.0,0
1398725399083799,0,0.0,0
1400106803075659,0,0.0,0
1402517383338086,0,0.0,0
1403434966516359,0,0.0,0
1404165680645580,0,0.0,0
1405507724755982,0,0.0,0
1406508878048143,0,0.0,0
1406593353450528,0,0.0,0
1407021352853552,0,0.0,0
1126274388255608,0,0.0,0
1127123645986631,0,0.0,0
1127182223974098,0,0.0,0
1128725262651120,0,0.0,0
1130585552431847,0,0.0,0
1130684353168541,0,0.0,0
1131286266550270,0,0.0,0
1131673211162342,0,0.0,0
1132446196466190,0,0.0,0
1132712506226924,0,0.0,0
1132719889890342,0,0.0,0
1133071677117647,0,0.0,0
1133071918694943,0,0.0,0
1133102719033945,0,0.0,0
1135239055565922,0,0.0,0
1135523023486003,0,1.0,1
1135811571903836,0,0.0,0
1136535091966972,0,0.0,0
1137157783396019,0,0.0,0
1137407104182909,0,0.0,0
1137408037296730,0,0.0,0
1137765812016047,0,0.0,0
1139312515897044,0,0.0,0
1139690621223138,0,0.0,0
1139922313738297,0,0.0,0
1140634965818333,0,0.0,0
1141235993529016,0,0.0,0
1141523675698155,0,0.0,0
1141621079448600,0,0.0,0
1141844488892146,0,0.0,0
1142670317387572,0,0.0,0
1143328903164664,0,0.0,0
1145689582923156,0,0.0,0
1150761853996583,0,0.0,0
1151406601250024,0,0.0,0
1152473715728423,0,0.0,0
1152511579076783,0,0.0,0
1152512034430323,0,0.0,0
1153408140694211,0,0.0,0
1153973689218049,0,0.0,0
1155150488580241,0,0.0,0
1155223118722762,0,0.0,0
1155397285212674,0,0.0,0
1155572956822381,0,0.0,0
1156631766900011,0,0.0,0
1156894562337250,0,0.0,0
1157512355243599,0,0.0,0
1158152840349569,0,0.0,0
1159473524777790,0,0.0,0
1160775189297628,0,0.0,0
1160829270854832,0,0.0,0
1161223078321036,0,0.0,0
1161658324934846,0,0.0,0
1162120068165638,0,0.0,0
1162851539927784,0,1.0,1
1165218793609185,0,0.0,0
1165296779523100,0,0.0,0
1165546445013040,0,0.0,0
1166003213750184,0,0.0,0
1166148039930210,0,0.0,0
1167794092698152,0,0.0,0
1170867272607808,0,0.0,0
1170904147002541,0,0.0,0
1172120643920471,0,0.0,0
1173272277239771,0,0.0,0
1173805268221362,0,0.0,0
1176362966751722,0,0.0,0
1177325322898143,0,0.0,0
1177326608615287,0,0.0,0
1179202236806942,0,0.0,0
1179245138825761,0,0.0,0
1179594567521979,0,0.0,0
1179656072636280,0,0.0,0
1180112225115538,0,0.0,0
1183032555649754,0,0.0,0
1183849588401897,0,0.0,0
1184954741318524,0,0.0,0
1184961056709183,0,0.0,0
1184966857838617,0,0.0,0
1187046557955518,0,0.0,0
1188298892716237,0,0.0,0
1189196693810322,0,1.0,1
1190385810950012,0,0.0,0
1191647633708309,0,0.0,0
1192054749278453,0,0.0,0
1192722220399151,0,0.0,0
1192722387627683,0,0.0,0
1192856107683385,0,0.0,0
1194747376926508,0,0.0,0
1195661294263016,0,0.0,0
1197327744289751,0,0.0,0
1198340093712217,0,0.0,0
1198538651195281,0,0.0,0
1201544483504145,0,0.0,0
1203011535232084,1,1.0,1
1203621696323453,0,0.0,0
1205703593019544,0,0.0,0
1207501439895081,0,0.0,0
1208307257027871,0,0.0,0
1208994928937534,0,0.0,0
1208996777803535,0,0.0,0
1209103480770920,0,0.0,0
1209109753004830,0,0.0,0
1209874877353203,0,0.0,0
1212369044376269,0,0.0,0
1215773653193878,0,0.0,0
1216499314584482,0,0.0,0
1216675800996458,0,0.0,0
1216897507211965,0,0.0,0
1220688446213229,0,0.0,0
1220690417117948,0,0.0,0
1220865485636140,0,0.0,0
1221251846495289,0,0.0,0
1221559847160767,0,0.0,0
1221565615007198,0,0.0,0
1222146569798380,0,0.0,0
1222209910225753,0,0.0,0
1222210639332558,0,0.0,0
1222212555927125,0,0.0,0
1222483128438753,0,0.0,0
1222745482161296,0,0.0,0
1222854176797662,0,0.0,0
1223261036819963,0,0.0,0
1223403070812719,0,0.0,0
1223403759279363,0,0.0,0
1224450631841438,0,0.0,0
1224627338573318,0,0.0,0
1224725502441623,0,0.0,0
1225142492328353,0,0.0,0
1225546373038791,0,0.0,0
1226581837896061,0,0.0,0
1227221793944058,0,0.0,0
1227325905945851,0,0.0,0
1228207067312606,0,0.0,0
1228878882686871,0,0.0,0
1229088214126669,0,0.0,0
1230601467350081,0,0.0,0
1230700274143759,0,0.0,0
1230702759339286,0,0.0,0
1231418093247424,0,0.0,0
1231422210184142,0,0.0,0
1232666986455070,0,0.0,0
1233795754232099,0,0.0,0
1234087840029093,0,0.0,0
1235162002033078,0,0.0,0
1236796561168258,0,0.0,0
1236904094170969,0,0.0,0
1237095817047756,0,0.0,0
1238060150750452,0,0.0,0
1238360492793964,1,1.0,1
1238371261216401,0,0.0,0
1239183720194318,0,0.0,0
1239457939411431,0,0.0,0
1240054283611489,0,0.0,0
1240201558963117,0,0.0,0
1240708550932795,0,0.0,0
1241160989997599,0,1.0,1
1241507886759685,0,0.0,0
1244565997161260,0,0.0,0
1246663008694258,0,0.0,0
1246664611844342,0,0.0,0
1246665404522360,0,0.0,0
1247202003632879,0,0.0,0
1248462858134748,0,0.0,0
1248495851069118,0,0.0,0
1249181925711305,0,0.0,0
1250328120756831,0,0.0,0
1251015892894548,0,0.0,0
1251399188162407,0,0.0,0
1251835353352130,0,0.0,0
1252893293687271,0,0.0,0
1252934700735282,0,0.0,0
1253091362974218,0,0.0,0
1253094182763772,0,0.0,0
1253100765597392,0,0.0,0
1253154760299708,0,0.0,0
1253155247585097,0,0.0,0
1253237551670975,0,0.0,0
1253244751137444,0,1.0,1
1254695873818048,0,0.0,0
1255817298640299,0,0.0,0
1255895098703029,0,0.0,0
1255963635979779,0,0.0,0
1256478650320054,0,0.0,0
1257042588711539,0,0.0,0
1257555413000490,0,0.0,0
1257679819105004,0,0.0,0
1258778979534360,0,0.0,0
1259149241148307,0,0.0,0
1260301457618687,0,0.0,0
1260912860110525,0,0.0,0
1261449205261736,0,0.0,0
1261659432536107,0,0.0,0
1261799211068276,0,0.0,0
1263329852348875,0,0.0,0
1264267113748689,0,0.0,0
1264551341097630,0,0.0,0
1265878312195164,0,0.0,0
1265880318398110,0,0.0,0
1265884316395082,0,0.0,0
1266554098017043,0,0.0,0
1267736820758681,0,0.0,0
1268175837679541,0,0.0,0
1268188213748237,0,0.0,0
1268698828706869,0,1.0,1
1269535964951127,0,0.0,0
1269537549550791,0,0.0,0
1270078565689091,0,0.0,0
1271303515952267,0,0.0,0
1272002744270590,0,0.0,0
1273409377335291,0,0.0,0
1277277143783260,0,0.0,0
1279764463714554,0,0.0,0
1280018330364827,0,0.0,0
1280998330163993,0,0.0,0
1281108777512894,0,0.0,0
1281377746911467,0,0.0,0
1282140686354683,0,0.0,0
1283522545548013,0,0.0,0
1284313874596180,0,0.0,0
1284360143352297,0,0.0,0
1284439414436550,0,0.0,0
1284516687376970,0,0.0,0
1284801707804541,0,0.0,0
1284808967523514,0,0.0,0
1284993413849886,0,0.0,0
1285658784199091,1,1.0,1
1286003337241053,0,0.0,0
1288219159492470,0,0.0,0
1289879656148184,0,0.0,0
1291131907373469,0,0.0,0
1291140374046580,0,0.0,0
1291230982368184,0,0.0,0
1291243828171770,0,0.0,0
1292276476419329,0,0.0,0
1292879669726196,0,0.0,0
1293782366231319,0,0.0,0
1293783378928631,0,0.0,0
1293829555468230,0,0.0,0
1295519291129725,0,0.0,0
1297801035212741,0,0.0,0
1297876131533018,0,0.0,0
1297997179107175,0,0.0,0
1300311828922557,0,0.0,0
1301065600074921,0,0.0,0
1301457473422997,0,0.0,0
1304145374308183,0,0.0,0
1304151725293647,0,0.0,0
1304179953031427,0,0.0,0
1305550019094275,0,0.0,0
1305722745047730,0,0.0,0
1306657755159357,0,0.0,0
1306731916165479,1,1.0,1
1307117553211968,0,0.0,0
1307851111377515,0,0.0,0
1308086288593771,0,0.0,0
1310759877059215,0,0.0,0
1311262598474038,0,0.0,0
1314486688585147,0,0.0,0
1314488265236148,0,0.0,0
1315609260318965,0,0.0,0
1315609851292154,0,0.0,0
1316134651801703,0,0.0,0
1316143589092228,0,0.0,0
1316996155368357,0,0.0,0
1317644638386817,0,0.0,0
1318418719137032,0,0.0,0
1318836927432596,0,0.0,0
1321267217164672,0,0.0,0
1323152746395889,0,0.0,0
1323458465427498,0,0.0,0
1324310157924224,0,0.0,0
1325537179985723,0,0.0,0
1328199796971861,0,0.0,0
1329598966970273,0,0.0,0
1330734895521753,0,0.0,0
1331050102018789,0,0.0,0
1331680455206347,0,0.0,0
1332657399971809,0,0.0,0
1332826720092690,0,0.0,0
1332830347917968,0,0.0,0
1332884523242537,0,0.0,0
1332949855841889,0,0.0,0
1332950534235955,0,0.0,0
1333017153003199,0,0.0,0
1333587532767469,0,0.0,0
1333920161122461,0,0.0,0
1334400971817744,0,0.0,0
1337170192937321,0,0.0,0
1338029896346097,0,0.0,0
1338560715612294,0,0.0,0
1339280948360141,0,0.0,0
1339434085688059,0,0.0,0
1339547405983355,0,0.0,0
1340448263352364,0,0.0,0
1341175748215629,0,0.0,0
1341179313620904,0,0.0,0
1342195155762627,0,0.0,0
1343530126609373,0,0.0,0
1344914911173879,0,0.0,0
1344917409773574,0,0.0,0
1345798822035768,0,0.0,0
1346632060537868,0,0.0,0
1347338336220680,0,0.0,0
1347491748744772,0,0.0,0
1347608363990643,0,0.0,0
1349179673664269,0,0.0,0
1349808070451152,0,0.0,0
1349940270299845,0,0.0,0
1350055860129452,0,0.0,0
1350335313484393,0,0.0,0
1352675837096862,0,0.0,0
1352682946030555,0,0.0,0
1352959889107781,0,0.0,0
1353076436397104,0,0.0,0
1353080145853831,0,0.0,0
1353084413210660,0,0.0,0
1353849692508532,0,0.0,0
1354609470771473,0,0.0,0
1356764351294977,0,0.0,0
1357501691650085,0,0.0,0
1360411231005218,0,0.0,0
1360416350433906,0,0.0,0
1360419857721600,0,0.0,0
1360846694442825,0,0.0,0
1360923886102688,0,0.0,0
1362552930914779,1,1.0,1
1362787053611094,0,0.0,0
1365860362036273,0,0.0,0
1366287467120009,0,0.0,0
1366709769332647,0,0.0,0
1366772667419885,1,1.0,1
1366773757028338,0,0.0,0
1367359697133624,0,1.0,1
1367844568600040,0,0.0,0
1368378723061946,0,0.0,0
1368432790180289,0,0.0,0
1368735950348414,0,0.0,0
1368951847779843,0,0.0,0
1369419066299180,0,0.0,0
1370717351842488,0,0.0,0
1372115731669151,0,0.0,0
1372965303889527,0,0.0,0
1372965860459939,0,0.0,0
1373036618892149,0,0.0,0
1374069282271153,0,0.0,0
1374279146945075,0,0.0,0
1379911460725938,0,0.0,0
1379965466839735,0,0.0,0
1380873165564360,0,0.0,0
1381573414945120,0,0.0,0
1382305812347406,0,0.0,0
1383067409016848,0,0.0,0
1383115014533638,1,1.0,1
1385833597322228,0,0.0,0
1389083594556854,0,0.0,0
1391996152622803,0,0.0,0
1394992677850241,0,0.0,0
1395337221957310,0,0.0,0
1395401407900040,0,0.0,0
1396316635324502,0,0.0,0
1396321422859817,0,0.0,0
1397181427179334,0,0.0,0
1398945325063528,0,0.0,0
1398975828478034,0,0.0,0
1399004394400818,0,0.0,0
1399290098756611,0,0.0,0
1399398413302223,0,0.0,0
1400472480365646,0,0.0,0
1400679655342353,0,0.0,0
1401093720738323,0,0.0,0
1401631978667822,0,0.0,0
1402558994520697,0,0.0,0
1403145851619921,0,0.0,0
1404399108273434,0,0.0,0
1405749485171867,0,0.0,0
1405948106872670,0,0.0,0
1406419166640568,0,0.0,0
1406840781134267,0,0.0,0
1126077706645165,0,0.0,0
1126267150891316,0,0.0,0
1126272838727739,0,0.0,0
1127401717266550,0,0.0,0
1127797208524170,0,0.0,0
1128666751343301,0,0.0,0
1128907580435513,0,0.0,0
1128977816767484,0,0.0,0
1129046100249471,0,0.0,0
1130914660190369,0,0.0,0
1131828761191994,0,0.0,0
1132424709250360,0,0.0,0
1134248675148496,0,0.0,0
1135104809198220,0,0.0,0
1136231913836599,0,0.0,0
1136875472747969,0,0.0,0
1136880584823682,0,0.0,0
1136882084713855,0,0.0,0
1137962239466840,0,0.0,0
1140154497547716,0,0.0,0
1142094753731815,0,0.0,0
1142200820844982,0,0.0,0
1142512300004466,0,0.0,0
1143220684539358,0,0.0,0
1146362178121537,0,0.0,0
1147939402376844,0,0.0,0
1149814032673020,0,0.0,0
1150012380893156,0,0.0,0
1153407870877941,0,0.0,0
1154000180859528,0,0.0,0
1155654678158493,0,0.0,0
1155657870426184,0,0.0,0
1155951778157783,0,0.0,0
1156190677013301,0,0.0,0
1157280845334409,1,1.0,1
1158444684632668,0,0.0,0
1161584552228185,0,0.0,0
1161934533667846,0,0.0,0
1162166284216497,0,0.0,0
1162551826924556,0,0.0,0
1163140581671295,0,0.0,0
1163307371107311,0,0.0,0
1164103814138185,0,0.0,0
1164107352232929,0,0.0,0
1164168138191902,0,0.0,0
1165446879901935,0,0.0,0
1165541326033299,0,1.0,1
1165703687399215,0,0.0,0
1165707953864887,0,0.0,0
1165710315515247,0,0.0,0
1166701519035016,0,0.0,0
1167807970251865,0,0.0,0
1169528852802240,0,0.0,0
1169680239652819,0,0.0,0
1169780098830418,0,0.0,0
1170355633979279,0,0.0,0
1171299000801947,0,0.0,0
1172178899390349,0,0.0,0
1172623362528359,0,0.0,0
1174059209095968,0,0.0,0
1174171742109197,0,0.0,0
1174580934340486,0,0.0,0
1175956285327390,0,0.0,0
1175956604789579,0,0.0,0
1176304730839709,0,0.0,0
1176453566633954,0,0.0,0
1176768715561014,0,0.0,0
1177334704107767,0,0.0,0
1177394052062736,0,0.0,0
1177754260074916,0,0.0,0
1177756660546168,0,0.0,0
1178038409779369,0,0.0,0
1178813551116969,0,0.0,0
1178887857278172,0,0.0,0
1178889554344100,0,0.0,0
1179216369140051,1,1.0,1
1179511292233286,0,0.0,0
1179968812565751,0,0.0,0
1181124900105300,0,0.0,0
1181594635904476,0,0.0,0
1181598191728942,0,0.0,0
1182771892028943,0,0.0,0
1183688661648246,0,0.0,0
1183784334943490,1,1.0,1
1183790124753559,0,0.0,0
1183792387814240,0,0.0,0
1184013313393723,0,0.0,0
1184488619993126,0,0.0,0
1184973059919712,0,0.0,0
1185068332120628,0,0.0,0
1186259089932521,0,0.0,0
1187986577962696,0,0.0,0
1188160948791343,0,0.0,0
1188242457410028,0,0.0,0
1190042212740380,0,0.0,0
1190579794046123,0,0.0,0
1192074641936033,0,0.0,0
1193139053847347,0,1.0,1
1193575114398935,0,0.0,0
1194032876682929,1,1.0,1
1194034949355221,0,0.0,0
1197327393514042,1,1.0,1
1198502251491207,0,1.0,1
1198847697914143,0,0.0,0
1198984334051898,0,0.0,0
1199079097316266,0,0.0,0
1199251753619672,0,0.0,0
1199747610458046,0,0.0,0
1199751136709557,0,0.0,0
1199841123592586,0,0.0,0
1199969051654651,0,0.0,0
1201339876414418,0,0.0,0
1202350605175641,0,0.0,0
1203181939788923,0,0.0,0
1203475222453136,0,0.0,0
1205063961094886,1,1.0,1
1207612911316923,0,0.0,0
1207766992667122,0,0.0,0
1208149545244148,0,0.0,0
1208214621693322,0,0.0,0
1208685050093395,0,0.0,0
1209664403269825,0,0.0,0
1210096680337725,0,0.0,0
1210734634124081,0,0.0,0
1211495770844310,0,0.0,0
1211951690682596,0,0.0,0
1213032622078089,0,0.0,0
1213597102962714,0,0.0,0
1213962793760140,0,0.0,0
1214553683259122,0,0.0,0
1215505828087648,0,0.0,0
1216849516111847,0,0.0,0
1218036917407697,0,0.0,0
1221504930256360,0,0.0,0
1222584151926362,0,0.0,0
1223082394868292,0,0.0,0
1223450818008894,0,0.0,0
1223824678323891,0,0.0,0
1223827508027942,0,0.0,0
1224133756582295,0,0.0,0
1224609829626588,0,0.0,0
1224931976356018,0,0.0,0
1228079570059247,0,0.0,0
1229230702039071,0,0.0,0
1229298535055166,0,0.0,0
1230522536476002,0,0.0,0
1230524598277495,0,0.0,0
1230820433539179,0,0.0,0
1231226465931119,0,0.0,0
1231948381172717,0,0.0,0
1232074620545543,1,1.0,1
1233329363145548,0,0.0,0
1234102406311518,0,0.0,0
1234759957538951,0,0.0,0
1235952750339316,0,0.0,0
1236416178396271,0,0.0,0
1238868148425669,0,0.0,0
1238983389715190,0,0.0,0
1239430968838412,0,0.0,0
1239436563090771,0,0.0,0
1239441237984710,0,0.0,0
1239639977007793,0,0.0,0
1240440560095593,0,0.0,0
1240558766911857,0,0.0,0
1240560721436409,0,0.0,0
1240707827041788,0,0.0,0
1241616200320788,1,1.0,1
1241619446839526,0,0.0,0
1241835490808096,0,0.0,0
1241866556955904,0,0.0,0
1241941930204869,0,0.0,0
1241996307705669,0,0.0,0
1243904808481628,0,0.0,0
1245396850300354,0,0.0,0
1245402616729143,0,0.0,0
1246989960654753,0,0.0,0
1247405879460075,0,0.0,0
1248298444123334,0,0.0,0
1250319195898744,0,0.0,0
1250479920476557,0,0.0,0
1250481263611845,0,0.0,0
1253063000529178,0,0.0,0
1253479809256068,0,0.0,0
1254116412657479,0,0.0,0
1254683244520762,1,1.0,1
1254812686425512,0,0.0,0
1255107332860176,0,0.0,0
1258828247218728,0,1.0,1
1258976825856290,0,0.0,0
1259681526904375,0,0.0,0
1259804682120265,0,0.0,0
1261135577444512,0,0.0,0
1261148101212904,0,0.0,0
1262043363824353,0,0.0,0
1262965732788207,0,0.0,0
1263165693922926,0,0.0,0
1263749113681314,0,0.0,0
1264347367383786,0,0.0,0
1264737606457899,0,0.0,0
1266836728537777,0,0.0,0
1268138840190747,0,0.0,0
1268377896591266,0,0.0,0
1268382888928801,0,0.0,0
1270735873451029,0,0.0,0
1271852024740873,0,0.0,0
1271856600368474,0,0.0,0
1272155703616947,0,0.0,0
1273142765703964,0,0.0,0
1273150869720113,0,0.0,0
1273276189592046,0,0.0,0
1273543852221833,0,0.0,0
1275266833323516,0,0.0,0
1275705373371693,0,0.0,0
1276433634536068,1,1.0,1
1276614726822600,0,0.0,0
1276858973948890,0,0.0,0
1277504065888551,0,0.0,0
1278871195840852,0,0.0,0
1279622755750613,0,0.0,0
1280008979513153,0,0.0,0
1280064409710311,0,0.0,0
1280098138914814,0,0.0,0
1280821382583238,0,0.0,0
1281936936423379,0,0.0,0
1283673823268890,0,0.0,0
1283824872228982,0,0.0,0
1284158232717687,0,0.0,0
1284158279407795,0,0.0,0
1284546717675746,0,0.0,0
1286989122645283,0,0.0,0
1287641277553739,0,0.0,0
1287641787894199,0,1.0,1
1289062855070274,0,0.0,0
1290922920194494,0,0.0,0
1291491017663392,0,0.0,0
1292912005559981,1,1.0,1
1295020020398125,0,0.0,0
1295225088537745,0,0.0,0
1295857176215432,0,0.0,0
1296875651504967,0,0.0,0
1296967781151734,0,0.0,0
1297022148571362,0,0.0,0
1297846870908190,0,0.0,0
1298934149136803,0,0.0,0
1299625148948859,0,0.0,0
1300198919994287,0,0.0,0
1300400704475921,0,0.0,0
1300405592092040,0,0.0,0
1300406755104846,0,0.0,0
1301891654142611,0,0.0,0
1302307712507078,0,0.0,0
1304402485123113,0,0.0,0
1304406373587894,0,0.0,0
1304506314092359,0,0.0,0
1304995349875007,0,0.0,0
1305617124941750,0,0.0,0
1306075083856449,0,0.0,0
1306077415030831,0,0.0,0
1306077748081335,0,0.0,0
1306078451974521,0,0.0,0
1308622839516279,0,0.0,0
1308942158752400,0,0.0,0
1309685498634084,0,0.0,0
1310738193254972,0,0.0,0
1312657476106715,0,0.0,0
1315963022182377,0,0.0,0
1316294352392549,0,0.0,0
1316818906052166,0,0.0,0
1317784373967154,0,0.0,0
1318058069114086,0,0.0,0
1318058298055222,0,0.0,0
1318699285159215,0,0.0,0
1318969077687216,0,0.0,0
1321784807252793,0,0.0,0
1322010871761217,0,0.0,0
1322477721249131,0,0.0,0
1323607615328257,0,0.0,0
1325291183884986,0,0.0,0
1325999891418116,0,0.0,0
1326002196078830,0,0.0,0
1326065775480662,0,0.0,0
1326169396509468,0,0.0,0
1326572690648809,0,0.0,0
1327058520454289,0,0.0,0
1327602781425844,0,0.0,0
1327606595832018,0,0.0,0
1328657803464293,0,0.0,0
1329159535375965,0,0.0,0
1329262677229167,0,0.0,0
1330402575067775,0,0.0,0
1331310452568601,0,0.0,0
1331709738592585,0,0.0,0
1333043284680705,0,0.0,0
1333237604940719,0,0.0,0
1333917933416816,0,0.0,0
1333991549996419,0,0.0,0
1336217904824185,0,0.0,0
1338359138059238,0,0.0,0
1341022307058463,0,0.0,0
1341306263928823,1,1.0,1
1344036192781311,0,0.0,0
1344704015540513,0,0.0,0
1344760458105141,0,0.0,0
1344763749733864,0,0.0,0
1346582022226112,0,0.0,0
1347144966148880,0,0.0,0
1348658226128318,0,0.0,0
1348705366985711,0,0.0,0
1349135054891763,0,0.0,0
1350564922661586,0,0.0,0
1351750895125154,0,0.0,0
1351751195960457,0,0.0,0
1352035415571554,0,0.0,0
1353172077307863,0,0.0,0
1354305536164176,0,0.0,0
1354612460288615,0,0.0,0
1354864339952015,0,0.0,0
1355066237872800,0,0.0,0
1355215556505712,0,0.0,0
1355219983673204,0,0.0,0
1355887099472856,0,0.0,0
1356050147184544,0,0.0,0
1356261889486980,0,0.0,0
1356435323768392,0,0.0,0
1356765377112711,0,0.0,0
1356938698380097,0,0.0,0
1359988729212293,0,0.0,0
1363196777721125,0,0.0,0
1363674168021525,0,0.0,0
1364527009361827,0,0.0,0
1364934593633725,0,0.0,0
1365182850095518,0,0.0,0
1367357182051032,0,0.0,0
1368121365055548,0,0.0,0
1368639866876560,1,1.0,1
1368770234527471,0,0.0,0
1369159343997809,0,0.0,0
1369764143672848,0,1.0,1
1370005218881755,0,0.0,0
1370948280729111,0,0.0,0
1373107000890091,0,0.0,0
1373827898402848,0,0.0,0
1374510297622359,0,0.0,0
1374623251952735,1,1.0,1
1375509737733199,0,0.0,0
1375628086257352,1,1.0,1
1375940719898535,1,1.0,1
1377076531305287,1,1.0,1
1377273518798051,0,0.0,0
1377337975480410,1,1.0,1
1377637897097553,1,1.0,1
1377967509041529,0,0.0,0
1378176363444130,1,1.0,1
1379181231779296,0,0.0,0
1379719511564296,0,1.0,1
1379800764078850,0,0.0,0
1379927478246111,0,0.0,0
1380147783437089,0,0.0,0
1380691628511740,0,0.0,0
1380859368533738,0,0.0,0
1381096356117008,1,1.0,1
1381098274811305,0,0.0,0
1381101028179199,0,0.0,0
1381461185985086,1,1.0,1
1382051280244158,1,1.0,1
1382722998040751,0,0.0,0
1383082649710883,0,0.0,0
1383390114250307,0,0.0,0
1383512721324139,0,0.0,0
1384321366700196,0,0.0,0
1385661485895255,0,0.0,0
1385661938503984,0,0.0,0
1387989998219262,0,0.0,0
1388934984934101,0,0.0,0
1389499608093204,0,0.0,0
1390382809695549,0,0.0,0
1392605277415096,0,0.0,0
1392672756632965,0,0.0,0
1393068956747741,0,0.0,0
1394963781527716,0,0.0,0
1395417069782449,0,0.0,0
1395569917680359,0,0.0,0
1395974299179832,0,0.0,0
1398462071098038,0,0.0,0
1399921958188832,0,0.0,0
1400201697020033,0,0.0,0
1400815534154102,0,0.0,0
1400818909994106,0,0.0,0
1400919092833080,0,0.0,0
1401183708254130,0,0.0,0
1401217669076703,0,0.0,0
1401258669315727,0,0.0,0
1401756470925763,0,0.0,0
1401822740964441,0,0.0,0
1402487363164940,0,0.0,0
1403894903104090,0,0.0,0
1403991568984048,0,0.0,0
1405349448820203,0,0.0,0
1405489949809258,0,0.0,0
1407049535393911,0,0.0,0
1407053748564572,0,0.0,0
1126150298424542,0,0.0,0
1126159496989975,0,0.0,0
1126169730257543,0,0.0,0
1126170096571314,0,0.0,0
1127993833611733,0,0.0,0
1128151056873035,0,0.0,0
1128280535409444,0,0.0,0
1128306603858507,0,0.0,0
1129277594491085,0,0.0,0
1129937734203367,0,0.0,0
1133353232314131,0,0.0,0
1133861645795593,0,0.0,0
1135285686961176,0,1.0,1
1135287316535849,0,0.0,0
1137172342639184,0,0.0,0
1139396697328887,0,0.0,0
1139871548872918,0,0.0,0
1139929832600303,0,0.0,0
1140212838976626,0,0.0,0
1140767369829812,0,0.0,0
1141321639115360,0,0.0,0
1141948386507629,0,0.0,0
1142256361128141,0,0.0,0
1143033034112799,0,0.0,0
1143144878189735,0,0.0,0
1143150164505630,0,0.0,0
1144060570398088,0,0.0,0
1144422452558586,0,0.0,0
1145877312952142,0,0.0,0
1147023536952172,0,0.0,0
1148196377640352,0,0.0,0
1148655152459851,0,0.0,0
1148657202473956,0,0.0,0
1148717697425456,0,0.0,0
1149107507830273,0,0.0,0
1149588678262286,0,1.0,1
1150984818190743,0,0.0,0
1152226257223108,0,0.0,0
1153431825068345,0,0.0,0
1153433813047929,0,0.0,0
1153507543895162,0,0.0,0
1153509759327944,0,0.0,0
1153546166802616,1,1.0,1
1154088738760156,0,0.0,0
1154093737906432,0,0.0,0
1154096144258748,0,0.0,0
1154656818138906,0,0.0,0
1154658473430463,0,0.0,0
1155629888725680,0,0.0,0
1156499545972047,0,0.0,0
1157412525102787,0,0.0,0
1160675830151904,0,0.0,0
1160964706706302,1,1.0,1
1161813475357955,0,0.0,0
1161815582385674,0,0.0,0
1162052832077802,0,0.0,0
1162244012101975,0,0.0,0
1162354614403957,0,0.0,0
1162364390984235,0,0.0,0
1163032751787926,0,0.0,0
1163034525552447,0,0.0,0
1163512037844298,0,0.0,0
1164554002139279,1,1.0,1
1167491356087684,0,0.0,0
1167545239175110,0,0.0,0
1168368417774629,0,0.0,0
1168490687987734,0,0.0,0
1169046445938515,0,0.0,0
1169202231836173,0,0.0,0
1169937211166976,0,0.0,0
1170001854078277,0,0.0,0
1170245680906249,0,0.0,0
1170686811595329,0,0.0,0
1174351296497409,0,0.0,0
1174383891103470,0,0.0,0
1175381869504954,0,0.0,0
1176798301789935,0,0.0,0
1176857819995573,0,1.0,1
1177361050472882,0,0.0,0
1177480078554089,0,0.0,0
1177509443961628,0,0.0,0
1178327692690694,0,0.0,0
1178539661298991,0,0.0,0
1179123390123645,0,0.0,0
1179377110974501,0,0.0,0
1179593248443337,0,0.0,0
1180095354694521,0,0.0,0
1182174089530069,0,0.0,0
1182209805294709,0,0.0,0
1182951682460739,0,0.0,0
1182996807011494,0,0.0,0
1186098065829047,0,0.0,0
1186185810020888,0,0.0,0
1186938784231527,0,0.0,0
1186941592655034,0,0.0,0
1187118914465659,0,0.0,0
1187192435427446,0,0.0,0
1187697652370607,0,0.0,0
1189046568799785,0,0.0,0
1189683476232834,0,0.0,0
1191280556938143,0,0.0,0
1192277767168453,0,0.0,0
1192339160967446,0,0.0,0
1192340855485114,0,0.0,0
1192548871998246,0,0.0,0
1194271647115112,0,0.0,0
1194332929811696,0,0.0,0
1194338279355098,0,0.0,0
1194952307646068,0,0.0,0
1195026575969520,0,0.0,0
1195031783856302,0,0.0,0
1195104661272795,0,0.0,0
1196076051776429,0,0.0,0
1196136188980818,0,0.0,0
1199524310434553,0,0.0,0
1201684025103945,0,0.0,0
1202953139264885,0,0.0,0
1205340765975390,0,0.0,0
1205477688683089,0,0.0,0
1205905049919455,0,0.0,0
1206476358704491,0,0.0,0
1208166439741620,0,0.0,0
1209529512626347,0,0.0,0
1211543379373954,0,0.0,0
1211556291767234,0,0.0,0
1212133254910783,0,0.0,0
1214218389318006,0,0.0,0
1214771945921015,0,0.0,0
1214777672226430,0,0.0,0
1215883046819447,0,0.0,0
1216291864632290,0,0.0,0
1216354511212858,0,0.0,0
1216896449856907,0,0.0,0
1217962001750631,0,0.0,0
1218641888581609,0,0.0,0
1218644710590920,0,0.0,0
1220172495857729,0,0.0,0
1220495082252127,0,0.0,0
1222903568157856,0,0.0,0
1222904180607863,0,0.0,0
1223650933883625,0,0.0,0
1225486459334948,0,0.0,0
1225548970923575,0,0.0,0
1227445788518483,0,0.0,0
1227534381570147,0,0.0,0
1227637899562126,0,0.0,0
1227761699744385,0,0.0,0
1227935149632726,0,0.0,0
1228250389350337,0,0.0,0
1228505005900327,0,0.0,0
1229678547307124,0,0.0,0
1230720181839315,0,0.0,0
1230831884307054,0,0.0,0
1231389009855513,0,0.0,0
1231891535016825,0,0.0,0
1231921019498192,0,0.0,0
1233531012317731,0,0.0,0
1233532478623699,0,0.0,0
1234058637863629,0,0.0,0
1234067142165401,0,0.0,0
1234761079629353,1,1.0,1
1234762797032407,1,1.0,1
1235931789466628,0,0.0,0
1236007660878678,0,0.0,0
1237505398199855,0,0.0,0
1237978403699981,0,0.0,0
1239067281555231,0,0.0,0
1239395127332158,0,0.0,0
1239568779866284,0,0.0,0
1240757159902210,0,0.0,0
1241020297363430,0,0.0,0
1242682225686601,0,0.0,0
1243068634011154,0,0.0,0
1245318840380968,0,0.0,0
1246566838230036,0,0.0,0
1246926910281104,0,0.0,0
1247191630080395,0,0.0,0
1248838058135398,0,0.0,0
1249036876270123,0,0.0,0
1250463355798993,0,0.0,0
1250550636906022,0,0.0,0
1251373290876781,0,0.0,0
1251375734810923,0,0.0,0
1251548089106525,0,0.0,0
1251550913857878,0,0.0,0
1253056897404166,0,0.0,0
1253645785871691,0,0.0,0
1254181441366474,0,0.0,0
1254248881755100,0,0.0,0
1254900472508265,0,0.0,0
1255463703968452,0,0.0,0
1256639431350381,0,0.0,0
1257895156628400,0,0.0,0
1258780485746678,0,0.0,0
1259513806214806,0,0.0,0
1259833355724494,0,0.0,0
1260128163869413,0,0.0,0
1261051925012049,0,0.0,0
1262638863752103,0,0.0,0
1262867917019185,0,1.0,1
1262871550289241,1,1.0,1
1263575034114960,0,0.0,0
1263632388077200,0,0.0,0
1263685891746753,0,0.0,0
1263763348015051,0,0.0,0
1264367902444794,0,0.0,0
1264370775934597,0,0.0,0
1266042357842475,0,0.0,0
1266524352959086,0,0.0,0
1268607158530202,0,0.0,0
1269061067829540,1,1.0,1
1269300598527356,0,0.0,0
1270313573543419,0,0.0,0
1270744819265357,0,0.0,0
1272967575127522,0,0.0,0
1273080129036987,0,0.0,0
1275331739616792,0,0.0,0
1275543841255456,0,0.0,0
1276091440137906,0,0.0,0
1276462197399347,0,0.0,0
1276520110115622,1,1.0,1
1277022579944260,0,0.0,0
1279943785293332,0,1.0,1
1280096946350744,0,0.0,0
1282515381709560,0,0.0,0
1284107391262980,0,0.0,0
1285076171296805,0,0.0,0
1285149254516748,0,0.0,0
1285151742871395,0,0.0,0
1286246090926106,0,0.0,0
1286246209185526,0,0.0,0
1286310549741992,0,0.0,0
1286666606283514,0,0.0,0
1290590985485505,0,0.0,0
1291757892393494,0,0.0,0
1291866335526613,0,0.0,0
1292241939927896,0,0.0,0
1292384903238331,0,0.0,0
1293536082263778,0,0.0,0
1293764591970962,0,0.0,0
1294039156650694,0,0.0,0
1294084898564306,0,0.0,0
1294254887643466,0,0.0,0
1294632246218263,0,0.0,0
1294713968083513,0,0.0,0
1294714005641439,0,0.0,0
1294857597695832,0,0.0,0
1295084313865909,0,0.0,0
1295810152487575,0,0.0,0
1296814870189809,0,0.0,0
1297026667658600,0,0.0,0
1297302110483379,0,0.0,0
1298035124535140,0,0.0,0
1298041426200652,0,0.0,0
1298360513968757,0,0.0,0
1299834710740668,0,0.0,0
1300635537751521,0,0.0,0
1302623862897609,0,0.0,0
1303094821863503,0,0.0,0
1303890816341182,0,0.0,0
1304342131728208,0,0.0,0
1306108435003263,0,0.0,0
1306115348338653,0,0.0,0
1306116641058426,0,0.0,0
1306366686126516,0,0.0,0
1307486383332070,0,0.0,0
1308295330445599,0,0.0,0
1308299999210021,0,0.0,0
1308837427255605,0,0.0,0
1309513932032393,0,0.0,0
1309516663169972,0,0.0,0
1310952856985138,0,0.0,0
1312296407104779,0,0.0,0
1319292394470927,0,0.0,0
1319965631531997,0,0.0,0
1320467661442759,0,0.0,0
1321851673709361,0,0.0,0
1322249555338462,0,0.0,0
1322674541765253,0,0.0,0
1323422369745789,0,0.0,0
1324500439988435,0,0.0,0
1325932841000766,0,0.0,0
1328760698355442,0,0.0,0
1328926185983054,0,0.0,0
1331132656573478,0,0.0,0
1331456348520162,0,0.0,0
1331586436753220,0,0.0,0
1332143473498293,0,0.0,0
1333597801323263,0,0.0,0
1334668396289576,0,0.0,0
1337082278465845,0,0.0,0
1338109263526476,0,0.0,0
1341666725279212,0,0.0,0
1341860238831128,1,1.0,1
1341975891694724,0,0.0,0
1342905484455374,0,0.0,0
1345510784479923,0,0.0,0
1345511431286250,0,0.0,0
1345679078813818,0,0.0,0
1345796587621254,0,0.0,0
1346271762851414,0,0.0,0
1347071237418749,0,0.0,0
1347336288110693,0,0.0,0
1347524729637012,0,0.0,0
1348629785739772,0,0.0,0
1350298806143599,0,0.0,0
1351094748413353,0,0.0,0
1354193636990518,0,0.0,0
1355390648829176,0,0.0,0
1356766515593050,0,0.0,0
1357019728054028,0,0.0,0
1357073183847364,0,0.0,0
1357531889082711,0,0.0,0
1358100895571752,0,0.0,0
1359124601919945,0,0.0,0
1360985739362131,0,0.0,0
1363536754271461,0,0.0,0
1363758628016874,0,0.0,0
1364175659463047,0,0.0,0
1364329046665525,0,0.0,0
1364514423409745,0,0.0,0
1365187683624657,0,0.0,0
1366217004977337,0,0.0,0
1367065567166094,0,0.0,0
1369578792303999,0,0.0,0
1372100148190830,0,0.0,0
1372570524277360,0,0.0,0
1374159465979888,0,0.0,0
1374242992625856,0,0.0,0
1374702068183864,0,0.0,0
1374846337151012,0,0.0,0
1375183233027468,0,0.0,0
1375183732566705,0,0.0,0
1376628165122152,0,0.0,0
1377576134012059,0,0.0,0
1379159800303418,0,0.0,0
1380607494871074,0,0.0,0
1381723597194857,0,0.0,0
1382289687440467,0,0.0,0
1382291739349594,0,0.0,0
1382747036469019,0,0.0,0
1382747438635558,0,0.0,0
1383094522837062,0,0.0,0
1383377247656942,0,0.0,0
1384466526364351,0,0.0,0
1384493249204532,0,0.0,0
1385585833124732,0,0.0,0
1385718428852531,0,0.0,0
1386971809076875,0,0.0,0
1387429196281135,0,0.0,0
1387440059444594,0,0.0,0
1390535166061175,0,0.0,0
1390588974266494,0,0.0,0
1390758745848122,0,0.0,0
1391334154934724,0,0.0,0
1391543455141770,0,0.0,0
1391647113250504,0,0.0,0
1392381135315039,0,0.0,0
1392391512551565,0,0.0,0
1392673561919666,0,0.0,0
1393239300788168,0,0.0,0
1393824409004085,0,0.0,0
1393825860056391,0,0.0,0
1394261773856859,0,0.0,0
1394531946555024,1,1.0,1
1395603185381190,0,0.0,0
1395654760141567,1,1.0,1
1395964601961829,0,0.0,0
1395969838591958,0,0.0,0
1396563483484570,0,0.0,0
1396565235569302,0,0.0,0
1396955487472272,0,0.0,0
1399973677505354,0,0.0,0
1401715815244907,0,0.0,0
1401758766975856,0,0.0,0
1402241651432520,0,0.0,0
1406193955801689,0,0.0,0
1407138592988719,0,0.0,0
1407194626418426,0,0.0,0
1407331386773235,0,0.0,0
1125921890654130,1,1.0,1
1126038153831340,0,0.0,0
1126046835819601,0,0.0,0
1126103913166911,0,0.0,0
1126107219589126,0,0.0,0
1126138968456770,0,0.0,0
1126580429677410,0,0.0,0
1126966853517742,0,0.0,0
1127096040731811,0,0.0,0
1127939874584924,0,0.0,0
1128317833101055,0,0.0,0
1128540247189254,0,0.0,0
1129693395392328,0,0.0,0
1130281723429267,0,0.0,0
1130505598435884,0,0.0,0
1131199362823337,0,0.0,0
1131499422785679,0,0.0,0
1134801243212487,0,0.0,0
1136737548274383,0,0.0,0
1137568268838154,0,0.0,0
1138022825200335,0,0.0,0
1138023641082527,0,1.0,1
1139153842889518,0,0.0,0
1139159631818696,0,0.0,0
1139359316728910,0,0.0,0
1139827577939843,0,0.0,0
1141599283203806,0,0.0,0
1141605761805797,0,0.0,0
1142433375992343,0,0.0,0
1143702063501403,0,0.0,0
1144780888570693,0,0.0,0
1146081835237655,0,0.0,0
1146318060535157,0,0.0,0
1147068749705525,0,0.0,0
1147491239136907,0,0.0,0
1150363221469233,0,0.0,0
1150959599481065,0,0.0,0
1152288108086597,0,0.0,0
1152464742484139,0,0.0,0
1152865887102627,0,0.0,0
1153301674212962,0,0.0,0
1154536648855916,0,0.0,0
1154678396894592,0,0.0,0
1154751908960796,0,0.0,0
1155410119047671,0,0.0,0
1155659393173185,0,0.0,0
1156763275509104,1,1.0,1
1158029610521777,0,0.0,0
1158988827832115,0,0.0,0
1160534665284616,0,0.0,0
1160539511785551,0,0.0,0
1161182681831964,0,0.0,0
1162484783257376,0,0.0,0
1162544722577877,0,0.0,0
1162547793572228,0,0.0,0
1163433658332466,0,0.0,0
1164077506710354,0,0.0,0
1165225141375596,0,0.0,0
1165427541184192,0,0.0,0
1165472001448266,0,0.0,0
1165548975221256,0,0.0,0
1165553830791348,0,0.0,0
1165682634109914,0,0.0,0
1165806523150899,0,0.0,0
1165850094109811,0,0.0,0
1165953841038513,0,0.0,0
1166126615677304,0,0.0,0
1166295507865219,0,0.0,0
1167843761125882,0,0.0,0
1167937877707239,0,0.0,0
1168166669556034,0,0.0,0
1168409252390883,0,0.0,0
1168415139570397,0,0.0,0
1169696598130838,0,0.0,0
1170569121046032,0,0.0,0
1170830812658477,0,0.0,0
1171596501845946,0,0.0,0
1172597924483974,0,0.0,0
1173411110990806,0,0.0,0
1173637670867134,0,0.0,0
1174521403583811,0,0.0,0
1174998521041012,0,0.0,0
1175338520149418,0,0.0,0
1176316514909523,0,0.0,0
1177257809458527,0,0.0,0
1177694869931532,0,0.0,0
1177695393487639,0,0.0,0
1177986454499704,0,0.0,0
1178085201854381,0,0.0,0
1178501322919656,0,0.0,0
1178572460942036,0,0.0,0
1179394039809314,0,0.0,0
1180397325920142,0,0.0,0
1180999045628853,0,0.0,0
1184410856321719,0,0.0,0
1186214459132954,0,0.0,0
1187108824732166,0,0.0,0
1188160625752355,0,0.0,0
1189785081902473,0,0.0,0
1189989728505746,0,0.0,0
1191274104791423,0,0.0,0
1193247803323876,0,0.0,0
1193831579156510,0,0.0,0
1193878256337350,1,1.0,1
1193880519352360,0,0.0,0
1195087086638348,0,0.0,0
1196682157002217,0,0.0,0
1197337323884869,0,0.0,0
1197871154440489,0,0.0,0
1199354431971038,0,0.0,0
1200181862483537,0,0.0,0
1200394857144168,0,0.0,0
1201407348798052,0,0.0,0
1201555007993729,0,0.0,0
1204177683982820,0,0.0,0
1204179860240157,0,0.0,0
1205459989278032,0,0.0,0
1206561258221432,0,0.0,0
1206708955834154,0,0.0,0
1208623764744383,0,0.0,0
1208815432938827,0,0.0,0
1210315490533050,0,0.0,0
1211166335762028,0,0.0,0
1213680363854686,0,0.0,0
1214257206951133,0,0.0,0
1214374944085560,0,0.0,0
1215915957736078,0,0.0,0
1216515692914049,0,0.0,0
1216516487875321,0,0.0,0
1216567439243877,0,0.0,0
1216568308507441,0,0.0,0
1216818297563331,0,0.0,0
1217581104944701,0,0.0,0
1217911826118972,0,0.0,0
1218144893498374,0,0.0,0
1218150769902547,0,0.0,0
1218194475171177,0,0.0,0
1219705317266143,0,0.0,0
1220671917085541,0,0.0,0
1221740379137625,0,0.0,0
1221799695252280,0,0.0,0
1222670126581116,0,0.0,0
1223790590243467,0,0.0,0
1223881719197982,0,0.0,0
1224073657973146,0,0.0,0
1224903579851874,0,0.0,0
1224944615544729,0,0.0,0
1224945255506057,0,0.0,0
1225374056611367,0,0.0,0
1225997925882289,0,0.0,0
1226550191236781,0,0.0,0
1230046022045147,0,0.0,0
1231963618221669,0,0.0,0
1232132939125522,0,0.0,0
1232486366681954,0,0.0,0
1232893544630021,0,0.0,0
1234167412900263,0,0.0,0
1234363165725141,1,1.0,1
1234506415986636,0,0.0,0
1236097549556344,0,0.0,0
1236098924666110,0,0.0,0
1236301673060742,0,0.0,0
1236578288852235,0,0.0,0
1237641835794530,0,0.0,0
1238832240712707,1,1.0,1
1239058704297245,0,0.0,0
1239601702288689,0,0.0,0
1239828460470269,0,0.0,0
1240280652712398,0,0.0,0
1241963355777415,0,0.0,0
1242184490688413,0,0.0,0
1242298998301602,0,0.0,0
1242300604742479,0,0.0,0
1242728746645217,0,0.0,0
1243503898253326,0,0.0,0
1243961929616187,0,0.0,0
1243966329911903,0,0.0,0
1244700840416844,0,0.0,0
1245046292647246,0,0.0,0
1245336167821858,0,0.0,0
1245760214812905,0,0.0,0
1246012875234854,0,0.0,0
1246182556210114,0,0.0,0
1246441736927246,0,0.0,0
1246831757442352,0,0.0,0
1247021807630019,0,0.0,0
1248445817212794,0,0.0,0
1249436140986550,0,0.0,0
1249548362938776,0,0.0,0
1251334955213681,0,0.0,0
1251531453170754,0,0.0,0
1252924594944772,0,0.0,0
1254264004251503,0,0.0,0
1255016030343295,0,0.0,0
1255687677819198,0,0.0,0
1255965153210851,0,0.0,0
1255973918035626,0,0.0,0
1256480299795405,1,1.0,1
1256702446770447,0,0.0,0
1256838744698595,0,0.0,0
1257263314638337,0,0.0,0
1257264170577086,0,0.0,0
1257840091724283,0,0.0,0
1258940447694036,0,0.0,0
1260042591208508,0,0.0,0
1263315426385011,0,0.0,0
1265047237097205,0,0.0,0
1265047774574263,0,0.0,0
1265338980783774,0,0.0,0
1265341132586210,0,0.0,0
1265661044515763,0,0.0,0
1267075208151397,0,0.0,0
1267294262001666,0,0.0,0
1268342500056294,1,1.0,1
1270048160670054,0,0.0,0
1270218740685755,0,0.0,0
1272245765951406,0,0.0,0
1272790829412938,0,0.0,0
1273134886136162,0,0.0,0
1274069380042686,0,0.0,0
1274373210033399,0,0.0,0
1275419789977733,0,0.0,0
1276472271488005,0,0.0,0
1277594257253088,0,0.0,0
1277874914605672,0,0.0,0
1279688781003178,0,0.0,0
1280345051388083,0,0.0,0
1280354450316932,0,0.0,0
1280796369963910,0,0.0,0
1280796790039668,0,0.0,0
1280986173833483,0,0.0,0
1282314917172334,0,0.0,0
1282421144790271,0,0.0,0
1284893613178053,0,0.0,0
1285410255796745,0,0.0,0
1288209825205525,0,0.0,0
1289512968692852,0,0.0,0
1290324032376879,0,0.0,0
1290876182019113,0,0.0,0
1290985139008429,0,0.0,0
1291083385538581,0,0.0,0
1291752048712204,0,0.0,0
1291918356587047,0,0.0,0
1292337799520797,0,0.0,0
1292758324850832,0,0.0,0
1293258264876877,0,0.0,0
1293953861416786,0,0.0,0
1294055794138398,0,0.0,0
1294453454418767,0,0.0,0
1294454958559118,0,0.0,0
1295346081288261,0,0.0,0
1295940610540959,0,0.0,0
1295943410883007,0,0.0,0
1295945353854719,0,0.0,0
1295950303772420,0,0.0,0
1296539022201725,1,1.0,1
1296541756873644,0,0.0,0
1296702088133954,0,0.0,0
1297092371772956,1,1.0,1
1298652351647294,0,0.0,0
1298659335338214,0,0.0,0
1299028468420263,0,0.0,0
1299569560187745,0,0.0,0
1299681726320293,0,0.0,0
1299683385148879,0,0.0,0
1299980814115248,0,0.0,0
1300028803981237,0,0.0,0
1300426734858153,0,0.0,0
1300958972705408,0,0.0,0
1305209064551051,0,0.0,0
1305385376656990,0,0.0,0
1307195577853979,0,0.0,0
1309099444203995,0,0.0,0
1310717362453382,0,0.0,0
1311760277219683,0,0.0,0
1312441793220760,0,0.0,0
1313010888320693,0,0.0,0
1313124873155326,0,0.0,0
1315015492381135,0,0.0,0
1316389296414955,0,0.0,0
1316917229449778,0,0.0,0
1318485527513202,0,0.0,0
1318760630767579,0,0.0,0
1319071228982633,0,0.0,0
1319084374679763,0,0.0,0
1319850516248509,0,0.0,0
1320769582687242,0,0.0,0
1320772955758686,0,0.0,0
1320773865819358,0,0.0,0
1320802788256395,0,0.0,0
1320893301266685,0,0.0,0
1320893941505448,0,0.0,0
1320900898838215,0,0.0,0
1320904954932812,0,0.0,0
1320977875393167,0,0.0,0
1320981120334726,0,0.0,0
1321018409494747,0,0.0,0
1321021456383309,0,0.0,0
1321069939300487,0,0.0,0
1321094943749340,0,0.0,0
1321141850470571,0,0.0,0
1321144068812589,0,0.0,0
1321225982918259,0,0.0,0
1321264229958545,0,0.0,0
1321347858349691,0,0.0,0
1321353908600062,0,0.0,0
1321465200443946,0,0.0,0
1321466062329022,0,0.0,0
1321494023879333,0,0.0,0
1321501771688871,0,0.0,0
1321533146502889,0,0.0,0
1321586528317679,0,0.0,0
1321592944014216,0,0.0,0
1321624165728998,0,0.0,0
1321627281915720,0,0.0,0
1321879671993880,0,0.0,0
1322219696788153,0,0.0,0
1322296678544958,0,0.0,0
1324010422544581,0,0.0,0
1324076582748342,0,0.0,0
1324366774673445,0,0.0,0
1325096684868933,0,0.0,0
1325156653443119,0,0.0,0
1325216293616679,0,0.0,0
1326597982944742,0,0.0,0
1327283255926797,0,0.0,0
1327285802159255,0,0.0,0
1328033358497822,0,0.0,0
1329500082845423,0,0.0,0
1329511563184639,0,0.0,0
1329699120642724,0,0.0,0
1330935396299458,0,0.0,0
1331968840530138,0,0.0,0
1333421621317747,0,0.0,0
1333479509146052,0,0.0,0
1334710890629952,0,0.0,0
1336079450583239,0,0.0,0
1336107924059315,0,0.0,0
1336598115934030,0,0.0,0
1337248044660271,0,0.0,0
1337532771213576,0,0.0,0
1337952475989631,0,0.0,0
1338677161235133,0,0.0,0
1339425903105851,0,0.0,0
1339763620469416,0,0.0,0
1340258462529768,0,0.0,0
1340398543586967,0,0.0,0
1341503497102274,0,0.0,0
1342529592736832,0,0.0,0
1343626981569196,0,0.0,0
1343935728147973,0,0.0,0
1345095145766231,0,0.0,0
1348976550252560,0,0.0,0
1349446023166985,0,0.0,0
1350961166407708,0,0.0,0
1351094973416556,0,0.0,0
1351968012774057,0,0.0,0
1352867328909402,0,0.0,0
1352912777460891,0,0.0,0
1354811856618574,0,0.0,0
1356011787745863,0,0.0,0
1357771772464350,0,0.0,0
1357941009470762,0,0.0,0
1357941313416796,0,0.0,0
1357950999238507,0,0.0,0
1358014633503856,0,0.0,0
1358753596622357,0,0.0,0
1359261115415995,0,0.0,0
1360548473757142,0,0.0,0
1361171371656646,0,0.0,0
1361612815292762,0,0.0,0
1362105218700634,0,0.0,0
1362371277130767,0,0.0,0
1362434481738644,0,0.0,0
1362803196666806,0,0.0,0
1363019322718643,0,0.0,0
1364386058814824,0,0.0,0
1366042081447052,0,0.0,0
1366172938953655,0,0.0,0
1366787382191333,0,0.0,0
1366788827288524,0,0.0,0
1366963809227990,0,0.0,0
1367062793896729,0,0.0,0
1367100226010467,0,0.0,0
1368341587138628,0,0.0,0
1369171356897333,0,0.0,0
1369902011170052,0,0.0,0
1370325342476003,0,0.0,0
1371125769485092,0,0.0,0
1371918084645986,0,0.0,0
1372290396231712,0,0.0,0
1373730236723413,0,0.0,0
1374073724761269,1,1.0,1
1374119658342657,0,0.0,0
1374428380409498,0,0.0,0
1374879034073759,1,1.0,1
1375014798703018,0,0.0,0
1375511781078925,0,0.0,0
1376399288809201,0,0.0,0
1376435625801973,0,0.0,0
1376974901641467,0,1.0,1
1377026274136806,0,0.0,0
1377132910902976,0,0.0,0
1378635651335306,0,0.0,0
1382510743344867,0,0.0,0
1383104782352239,0,0.0,0
1384342564965029,0,0.0,0
1384810383068146,0,0.0,0
1384944785173173,0,0.0,0
1385646154294257,0,0.0,0
1385682823908944,0,0.0,0
1388790223551061,0,0.0,0
1388919155134575,0,0.0,0
1389091269711004,0,0.0,0
1389348749822174,0,0.0,0
1391662019508195,0,0.0,0
1394924173952559,0,0.0,0
1395484948977807,0,0.0,0
1395556777631194,0,0.0,0
1395558471538350,0,0.0,0
1395561919417484,0,0.0,0
1395586180425209,0,0.0,0
1395588550646616,0,0.0,0
1395904718433983,0,0.0,0
1396408824284948,0,0.0,0
1396476691137561,0,0.0,0
1397007348359589,0,0.0,0
1397007586981987,0,0.0,0
1397190679038710,0,0.0,0
1397566346632621,0,0.0,0
1398215422652319,0,0.0,0
1398221514499706,0,0.0,0
1398515228626914,0,0.0,0
1398553815678224,0,0.0,0
1399353309356826,0,0.0,0
1399553994749384,0,0.0,0
1399912961189287,1,1.0,1
1401224878172732,0,0.0,0
1401488306054615,0,0.0,0
1401489384475509,0,0.0,0
1402702027421412,0,0.0,0
1403780967674900,0,0.0,0
1403949223698892,0,0.0,0
1404050639595052,0,0.0,0
1404084652026037,0,0.0,0
1404349656505894,0,0.0,0
1404515944461629,1,1.0,1
1406599703719568,0,0.0,0
1406869274502051,0,0.0,0
1125905130387659,0,0.0,0
1125905551779775,0,0.0,0
1126196508932384,0,0.0,0
1127711899945909,0,0.0,0
1128383875421445,0,0.0,0
1128534245225903,0,0.0,0
1128780916427016,0,0.0,0
1128786605839641,0,0.0,0
1129617523254582,0,0.0,0
1130156943876876,0,0.0,0
1130214607865359,0,0.0,0
1130218009989213,0,0.0,0
1130301435605364,0,0.0,0
1130560801017295,0,0.0,0
1130654532695553,0,0.0,0
1130658041717754,0,0.0,0
1131798892214199,0,0.0,0
1132559728956721,0,0.0,0
1132616326838588,0,0.0,0
1133401370245048,0,0.0,0
1133818617769616,0,0.0,0
1134776226009200,0,0.0,0
1136545160795106,0,0.0,0
1136589072485121,1,1.0,1
1142987789741443,0,0.0,0
1144183805254556,0,0.0,0
1144708456579183,0,0.0,0
1145409477941638,1,1.0,1
1145767401015654,0,0.0,0
1147473936728849,0,0.0,0
1149696612671373,0,0.0,0
1149940632309363,0,0.0,0
1150044539866695,0,0.0,0
1152570579477329,0,0.0,0
1152574110892053,0,0.0,0
1154147963541605,0,0.0,0
1156973342863835,0,0.0,0
1157105064332330,0,0.0,0
1158654450617767,0,0.0,0
1159124760283997,0,0.0,0
1159180535465736,0,0.0,0
1160737017503121,0,0.0,0
1160839710249520,0,0.0,0
1161295545502657,0,0.0,0
1161357589948652,0,0.0,0
1161710094852843,0,0.0,0
1161940116714466,0,0.0,0
1161997771751738,0,0.0,0
1162928066392074,0,0.0,0
1163765982970685,0,0.0,0
1164872088467029,0,0.0,0
1165608899226569,0,0.0,0
1168369026309095,0,0.0,0
1168372467436335,0,0.0,0
1170960311957508,0,0.0,0
1172207199046161,0,0.0,0
1172405797213843,0,0.0,0
1173140440048569,0,0.0,0
1174164474327796,0,0.0,0
1175196127324584,0,0.0,0
1178115919770633,0,0.0,0
1178121590985704,0,0.0,0
1178613112893067,0,0.0,0
1178918737013581,0,0.0,0
1179460501961157,0,0.0,0
1180077878285255,0,0.0,0
1181196541178877,0,0.0,0
1182498350325670,0,0.0,0
1183335124648022,0,0.0,0
1184387381885881,0,0.0,0
1184584734463483,0,0.0,0
1185211067419988,0,0.0,0
1186049427916586,0,0.0,0
1186521316540027,0,0.0,0
1186763394970115,1,1.0,1
1186871954293397,0,0.0,0
1187489157470993,0,0.0,0
1187589931011984,0,0.0,0
1187678064880702,0,0.0,0
1189202293010856,0,0.0,0
1189601470060992,1,1.0,1
1189973507536274,0,0.0,0
1189978028680013,0,0.0,0
1189979030014274,0,0.0,0
1190091441413300,1,1.0,1
1190912800785972,0,0.0,0
1190974972676373,0,0.0,0
1190977947989585,0,0.0,0
1191561473696784,0,0.0,0
1191578128502164,0,0.0,0
1191616791202801,0,0.0,0
1191937884450302,0,0.0,0
1192454251301706,0,0.0,0
1192926175913391,0,0.0,0
1194086572688558,0,0.0,0
1195666930343126,0,0.0,0
1195668513642284,0,0.0,0
1195672722124696,0,0.0,0
1197203679595857,0,0.0,0
1197269793426037,0,0.0,0
1201249376475349,0,0.0,0
1201353643337542,0,0.0,0
1201800486676759,0,0.0,0
1202004325943729,0,0.0,0
1202005435062729,0,0.0,0
1202478831307487,0,0.0,0
1202646715780502,0,0.0,0
1202663563367794,0,0.0,0
1203479239418171,0,0.0,0
1203583083437260,0,0.0,0
1204144415321859,0,0.0,0
1206020317455843,0,0.0,0
1206048750952262,0,0.0,0
1206865618907402,0,0.0,0
1208565442647520,0,0.0,0
1208742964923080,0,0.0,0
1209673779137914,0,1.0,1
1210972623222287,0,0.0,0
1211082519456441,0,0.0,0
1211182560116185,0,0.0,0
1211845882744941,0,0.0,0
1211974095953477,0,0.0,0
1211975462903365,0,0.0,0
1212514004604947,0,0.0,0
1213115661939382,0,0.0,0
1214237222461209,0,0.0,0
1216002156421666,0,0.0,0
1216317891172389,0,0.0,0
1216487130017687,0,0.0,0
1217477900140383,0,0.0,0
1219027897110820,0,0.0,0
1220800829658420,0,0.0,0
1221064276341795,0,0.0,0
1221346483956458,0,0.0,0
1221950682822554,1,1.0,1
1222028571159322,1,1.0,1
1222608006247095,0,0.0,0
1223462945018102,0,0.0,0
1223551582163404,0,0.0,0
1223855862132971,1,1.0,1
1224443551413590,0,0.0,0
1224595388845856,0,0.0,0
1224750829710392,0,0.0,0
1225135410144853,0,0.0,0
1226452973696429,0,0.0,0
1226607261134265,0,0.0,0
1229035482462647,0,0.0,0
1230667983903230,0,0.0,0
1231119563649352,0,0.0,0
1231121269551082,0,0.0,0
1233015170079091,0,0.0,0
1233079107465986,0,0.0,0
1233153558093781,0,0.0,0
1233339142380945,1,1.0,1
1233636889048790,0,0.0,0
1234130742115457,0,0.0,0
1234386678471558,0,0.0,0
1234797060957919,0,0.0,0
1235470704311504,0,0.0,0
1237977506702233,0,0.0,0
1237977947623072,0,0.0,0
1238050663165218,0,0.0,0
1238086831201815,0,0.0,0
1238090181919490,0,0.0,0
1238161989762328,0,0.0,0
1238278488966432,0,0.0,0
1239193270361183,0,0.0,0
1241320139094372,0,0.0,0
1242650586285889,0,0.0,0
1243923122465111,0,0.0,0
1243923511587088,0,0.0,0
1245606897201927,0,1.0,1
1246137483020109,0,1.0,1
1246140499596194,0,0.0,0
1246583190568502,0,0.0,0
1247553958631250,0,0.0,0
1248131296039836,0,0.0,0
1249792622072640,0,1.0,1
1254282911370508,0,0.0,0
1255308425898778,0,0.0,0
1255313348663274,0,0.0,0
1255531730828524,1,1.0,1
1255608988459861,0,0.0,0
1257963495689142,0,0.0,0
1258369687669143,0,0.0,0
1258580301991121,0,0.0,0
1260270883974396,0,0.0,0
1260943265464056,0,0.0,0
1261881603753994,0,0.0,0
1262651372516605,0,0.0,0
1263400866224181,0,0.0,0
1264814041934809,0,0.0,0
1265097169164365,0,0.0,0
1265153845870659,0,0.0,0
1265484068805376,0,0.0,0
1266842049702806,0,0.0,0
1267029042741187,0,0.0,0
1267085715252954,0,0.0,0
1267153359617977,0,0.0,0
1267218128725309,0,0.0,0
1267218635766070,0,0.0,0
1267385215961807,0,0.0,0
1268988162562553,0,0.0,0
1269051836898358,0,0.0,0
1269853857887441,0,0.0,0
1270330264248455,0,0.0,0
1271256548518132,0,0.0,0
1271303863226784,0,0.0,0
1273235832793486,0,0.0,0
1273483647505822,0,0.0,0
1274115100025008,0,0.0,0
1274125284825494,0,0.0,0
1274128246448598,0,0.0,0
1274259887883004,0,0.0,0
1275761884798579,0,0.0,0
1275797595658327,0,0.0,0
1276392484471915,0,0.0,0
1277934469424232,0,0.0,0
1280032951694233,0,0.0,0
1281958649098320,0,0.0,0
1281993338636315,0,0.0,0
1282230559450867,0,0.0,0
1282231283221738,0,0.0,0
1283307255770808,0,0.0,0
1284027167199152,0,0.0,0
1284102513208911,0,0.0,0
1284270065661345,0,0.0,0
1285940399477549,1,1.0,1
1287215392097351,0,0.0,0
1288665472404329,0,0.0,0
1288733022085358,0,0.0,0
1289167957079578,0,0.0,0
1289312041358019,0,0.0,0
1289312478267714,0,0.0,0
1289520815933963,0,0.0,0
1289742458158182,0,0.0,0
1289989713340678,0,0.0,0
1290000798590873,0,0.0,0
1290745308273196,0,0.0,0
1291035425316554,0,0.0,0
1291137084690615,1,1.0,1
1291537527493440,0,0.0,0
1291693210682476,0,0.0,0
1292030003107732,0,0.0,0
1292161765890461,0,0.0,0
1292258828807332,0,0.0,0
1292767324583236,0,0.0,0
1297737129266685,0,0.0,0
1298593232671300,0,0.0,0
1298696995703221,0,0.0,0
1299254238628014,0,0.0,0
1300393399010562,0,0.0,0
1301957985604477,0,0.0,0
1302241735636251,0,0.0,0
1303931260202065,0,0.0,0
1304052654451171,0,0.0,0
1304139034607064,0,0.0,0
1305727115475823,0,0.0,0
1308403648253280,0,0.0,0
1308755726650009,0,0.0,0
1308854877450794,0,0.0,0
1309162747030848,0,0.0,0
1309658687895046,0,0.0,0
1311150049010550,0,0.0,0
1311527633382309,0,0.0,0
1311529027889278,0,0.0,0
1311529627298245,0,0.0,0
1312603048972290,0,0.0,0
1312731712400551,1,1.0,1
1313918557437738,0,0.0,0
1313921798289884,0,0.0,0
1313923119529347,0,0.0,0
1314043417578055,0,0.0,0
1314113112809015,0,0.0,0
1314184682990094,0,0.0,0
1316110513758252,0,0.0,0
1316176664994127,0,0.0,0
1316539464711835,0,0.0,0
1317697556326441,0,0.0,0
1319182228532968,0,0.0,0
1320396575254812,0,0.0,0
1320441187958103,0,0.0,0
1322567309095231,0,0.0,0
1322646609189579,0,0.0,0
1325282069120426,0,0.0,0
1325449525782800,0,0.0,0
1325771465883444,0,0.0,0
1326066354116964,0,0.0,0
1327244265048231,0,0.0,0
1327687654599528,1,1.0,1
1327847882777655,0,0.0,0
1328955432727417,0,0.0,0
1330238114478889,0,0.0,0
1330622524396117,0,0.0,0
1331677858250326,0,0.0,0
1332862547391536,1,1.0,1
1333361078282435,0,0.0,0
1333673818137911,0,0.0,0
1333977376327262,0,0.0,0
1334840157676997,0,0.0,0
1335076569906840,0,0.0,0
1335081635142985,0,0.0,0
1335456033630644,0,0.0,0
1335803356231754,0,0.0,0
1336024278345890,0,0.0,0
1337033380075825,0,0.0,0
1337064714028847,0,0.0,0
1337986422863273,0,0.0,0
1337991828348673,0,0.0,0
1338221765480044,0,0.0,0
1338349844782606,0,0.0,0
1338527461983669,1,1.0,1
1338535324036573,0,0.0,0
1338661294860506,0,0.0,0
1338748635797564,0,0.0,0
1340256492527518,0,0.0,0
1345970774313863,0,0.0,0
1346026225626716,0,0.0,0
1346740035989866,0,0.0,0
1348389191248430,0,0.0,0
1350035872073034,1,1.0,1
1350728888342123,0,0.0,0
1350914266415838,0,0.0,0
1352504159463670,0,0.0,0
1353021155690245,0,0.0,0
1353371080024554,0,0.0,0
1353507376905608,0,0.0,0
1353700135964354,0,0.0,0
1354045528449995,0,0.0,0
1354052120774268,0,0.0,0
1354461329410649,0,0.0,0
1355045314636050,0,0.0,0
1356365439771025,0,0.0,0
1356581720969641,0,0.0,0
1357485063153821,0,0.0,0
1359333173471881,0,0.0,0
1359343693363910,0,0.0,0
1359435417398022,0,0.0,0
1359593553467468,0,0.0,0
1360318671148499,0,0.0,0
1360847256316250,0,0.0,0
1360850507750897,0,0.0,0
1361890438669629,0,0.0,0
1361959067026484,0,0.0,0
1362216277965939,1,1.0,1
1362676289834505,0,0.0,0
1363380596602447,0,0.0,0
1363651225533804,0,1.0,1
1363974157912099,0,0.0,0
1364377651419638,0,0.0,0
1364410838110182,0,0.0,0
1365512700418868,0,0.0,0
1367421303097075,0,0.0,0
1367598819171703,0,0.0,0
1368568472143940,0,0.0,0
1369359167431363,0,0.0,0
1369422396938591,0,0.0,0
1370876159769112,0,0.0,0
1371182396650431,0,0.0,0
1371507680568633,0,0.0,0
1372296450829945,0,0.0,0
1372790897563154,0,0.0,0
1373061486314187,0,0.0,0
1373339534723165,0,0.0,0
1373594047293540,0,0.0,0
1376392786858605,0,0.0,0
1377233515383785,0,0.0,0
1377949783982851,0,0.0,0
1379708075527504,0,0.0,0
1379740919249080,0,0.0,0
1379741747958546,0,0.0,0
1380116159728211,0,0.0,0
1380347804832943,0,0.0,0
1380470285313203,0,0.0,0
1380840923466539,0,0.0,0
1381003781503357,0,0.0,0
1381636878483922,0,0.0,0
1383696221253115,0,0.0,0
1384975958611019,0,0.0,0
1387340341273993,0,1.0,1
1388514098379353,0,0.0,0
1388522819042407,0,0.0,0
1388793226317766,0,0.0,0
1389327302945477,0,0.0,0
1389375649214196,0,0.0,0
1389799878316271,0,0.0,0
1389964204370902,0,0.0,0
1390026942106939,0,0.0,0
1391058905720858,0,0.0,0
1391831853697913,0,0.0,0
1392282732817482,0,0.0,0
1392395831669153,0,0.0,0
1392429839843230,0,0.0,0
1393523005641643,0,0.0,0
1393625953162219,0,0.0,0
1394318908824312,0,0.0,0
1394620560048244,0,0.0,0
1394622239058790,0,0.0,0
1394622955969539,0,0.0,0
1395116224011425,0,0.0,0
1396179396524161,0,0.0,0
1397164993911631,0,0.0,0
1398238565095076,0,0.0,0
1399230921796114,0,0.0,0
1402066277943986,0,0.0,0
1404400030348636,0,0.0,0
1404554262640888,0,0.0,0
1404589897960249,0,0.0,0
1404763490249798,0,0.0,0
1405324420178032,0,0.0,0
1406091487573727,0,0.0,0
1406655263895380,0,0.0,0
1127653561804932,0,0.0,0
1131270720329846,0,0.0,0
1131336964696076,0,0.0,0
1132380370789117,0,0.0,0
1133459314734861,0,0.0,0
1133558295113279,0,0.0,0
1136361764861177,0,0.0,0
1138287837836644,0,0.0,0
1138292702905755,0,0.0,0
1138491127903356,0,0.0,0
1139335336598641,0,0.0,0
1139629786251008,0,0.0,0
1139778283080803,0,0.0,0
1140008365350878,0,0.0,0
1140686320029861,0,0.0,0
1140875017216777,0,0.0,0
1141229749280953,0,0.0,0
1141609642911544,0,0.0,0
1141610093652488,0,0.0,0
1142187151055467,0,0.0,0
1144023069474811,0,0.0,0
1144137200091571,0,0.0,0
1144516142838536,0,0.0,0
1145495221865873,0,0.0,0
1145552898887882,0,0.0,0
1146013112072697,0,0.0,0
1147203287571022,0,0.0,0
1148055332140432,0,0.0,0
1148066886384260,0,0.0,0
1148197751370996,0,0.0,0
1150930346839467,0,0.0,0
1151789588177100,0,0.0,0
1151914098173035,0,0.0,0
1151956127126357,0,0.0,0
1153212607237509,0,0.0,0
1155240882983887,0,0.0,0
1156266849651576,0,0.0,0
1156770559197495,0,0.0,0
1157403050113317,0,0.0,0
1158048761115878,0,0.0,0
1158718158298601,0,0.0,0
1159280991488209,0,0.0,0
1159356923618867,0,0.0,0
1159359681976837,0,0.0,0
1159652188631217,0,0.0,0
1160190360117306,0,0.0,0
1160693481631139,0,0.0,0
1161742528464263,0,0.0,0
1162188179788144,0,1.0,1
1162648932105348,0,0.0,0
1163354895177231,0,0.0,0
1163809394460742,0,0.0,0
1163945262363325,0,0.0,0
1163953918383853,0,0.0,0
1164323952969453,0,0.0,0
1164430915150052,0,0.0,0
1165121416042380,0,0.0,0
1165121973378883,0,0.0,0
1165854477565676,0,0.0,0
1165909048787970,0,0.0,0
1166316285059434,0,0.0,0
1168359061255363,0,0.0,0
1169138301123462,0,0.0,0
1169812464896487,0,0.0,0
1172128629460705,0,0.0,0
1175352190457355,0,0.0,0
1175514725708172,0,0.0,0
1175517474567090,0,0.0,0
1175548662040794,0,0.0,0
1175552781501939,0,0.0,0
1175657239717585,0,0.0,0
1177522260392199,0,0.0,0
1178869156573921,0,0.0,0
1180010378406388,0,0.0,0
1180970483788720,0,0.0,0
1182891907230567,0,0.0,0
1183366447983424,0,0.0,0
1184496265230515,0,0.0,0
1184498342809829,0,0.0,0
1184654611498161,0,0.0,0
1184665024420753,0,0.0,0
1185657899885136,0,0.0,0
1187233354210261,0,0.0,0
1187302504174202,0,0.0,0
1187559753933082,0,0.0,0
1187914733176391,0,0.0,0
1187918959638660,0,0.0,0
1189088753804423,0,0.0,0
1190569607194549,0,0.0,0
1192358822722388,0,0.0,0
1192418488659592,0,0.0,0
1192419761668430,1,1.0,1
1192966024095215,0,0.0,0
1193257809648360,0,0.0,0
1193436332081490,0,0.0,0
1194296827881558,0,0.0,0
1194458163488932,0,0.0,0
1194533056880244,0,0.0,0
1196172523594204,0,0.0,0
1197064056711131,0,0.0,0
1198643948369252,0,0.0,0
1200867180170033,0,0.0,0
1200893435213316,0,0.0,0
1200926890115029,0,1.0,1
1201526063223316,1,1.0,1
1202439024883768,0,0.0,0
1203736557243867,0,0.0,0
1204491973189501,0,0.0,0
1204492133780816,0,0.0,0
1205482500446310,0,0.0,0
1205625337931948,0,0.0,0
1205749410255806,0,0.0,0
1207201209279982,0,0.0,0
1208828877534628,0,0.0,0
1211040617951905,0,0.0,0
1211294215452683,0,0.0,0
1211835392853429,0,0.0,0
1212613190823403,0,0.0,0
1214305631019019,0,0.0,0
1214891289639569,0,0.0,0
1215207187779686,0,0.0,0
1215490404241379,0,0.0,0
1215624746174927,0,0.0,0
1216560834143097,0,0.0,0
1217025193209281,0,0.0,0
1217243447287684,0,0.0,0
1217297155204105,0,0.0,0
1218255209840376,0,0.0,0
1218709157691315,0,0.0,0
1218983000754232,0,0.0,0
1221827110351526,0,0.0,0
1222949837526749,0,0.0,0
1223166539874585,0,0.0,0
1223458756808335,0,0.0,0
1225010049208071,0,0.0,0
1225584003503386,0,0.0,0
1225961938378464,0,0.0,0
1226025689412935,0,0.0,0
1226159404479954,0,0.0,0
1226284687564553,0,0.0,0
1226454594246319,0,0.0,0
1226858488732390,0,0.0,0
1227894536111756,0,0.0,0
1227932499302555,0,0.0,0
1228249952600014,0,0.0,0
1228574255385728,0,0.0,0
1228642931250282,0,0.0,0
1229247760627963,0,0.0,0
1229426997488553,0,1.0,1
1230306448162489,0,0.0,0
1230309045901424,0,0.0,0
1230680995238621,1,1.0,1
1231734411753550,0,0.0,0
1233935373249080,0,0.0,0
1234098780543041,0,0.0,0
1234781221799890,0,0.0,0
1235867811901548,0,0.0,0
1236329829858060,0,0.0,0
1236538608490379,0,0.0,0
1236546363098232,0,0.0,0
1236547073069504,0,0.0,0
1237030939670204,0,0.0,0
1237535052730934,0,0.0,0
1238729407361188,0,0.0,0
1240108183513131,0,0.0,0
1240781121898555,0,0.0,0
1240947450847910,0,0.0,0
1242424138477630,0,0.0,0
1243038542711051,0,0.0,0
1243128273345983,0,0.0,0
1244098267718938,0,0.0,0
1244430614851888,0,0.0,0
1246135358700588,0,0.0,0
1247123305426813,0,0.0,0
1247392752549491,0,0.0,0
1249499599387143,0,0.0,0
1251454868247256,0,0.0,0
1251575800711200,0,0.0,0
1251979627576536,0,0.0,0
1253256074532615,0,0.0,0
1253534074412777,0,0.0,0
1253539400491031,0,0.0,0
1253595059297988,0,0.0,0
1253652814752941,0,0.0,0
1254051804635374,0,0.0,0
1255417416070768,0,0.0,0
1255420696777832,0,0.0,0
1255544757741157,0,0.0,0
1255609071010775,0,0.0,0
1256343761113808,0,0.0,0
1256947673344170,0,0.0,0
1257729585164200,0,0.0,0
1258170229221758,0,0.0,0
1258594141977930,0,0.0,0
1259931268346486,0,0.0,0
1261452869495041,0,0.0,0
1261453002958929,0,0.0,0
1262459540401534,0,0.0,0
1263387703868890,0,0.0,0
1264202560667870,0,0.0,0
1264314741837145,0,0.0,0
1264325680118002,0,0.0,0
1264961893981551,0,0.0,0
1264965902702651,0,0.0,0
1265143591224639,0,0.0,0
1266414489386870,0,0.0,0
1266415652675257,0,0.0,0
1266495274007576,0,0.0,0
1268964800785676,0,0.0,0
1269786863710844,0,0.0,0
1271628773404877,0,0.0,0
1273295122795393,0,0.0,0
1273816715003053,0,0.0,0
1274217135552827,0,0.0,0
1277256980783482,0,0.0,0
1277385911385783,0,0.0,0
1277651696922464,0,0.0,0
1277902822615352,0,0.0,0
1279372399181940,0,0.0,0
1279525441490228,0,0.0,0
1281304973763055,0,0.0,0
1281307572595386,0,0.0,0
1282592270676181,0,0.0,0
1285221537427435,0,0.0,0
1286087560895802,0,0.0,0
1288189122808558,0,0.0,0
1289799440066045,0,0.0,0
1291245042441944,0,0.0,0
1291784106482976,0,0.0,0
1291786587181569,0,0.0,0
1291791908639980,0,0.0,0
1291823914566198,0,0.0,0
1292049310056808,1,1.0,1
1292884926899629,0,0.0,0
1293393831061891,0,0.0,0
1293397091136517,0,0.0,0
1293564306870645,0,0.0,0
1294521735258933,0,0.0,0
1298313709055548,0,0.0,0
1298636518852876,0,0.0,0
1299307782821892,0,0.0,0
1299671715545595,0,0.0,0
1299676885328293,0,0.0,0
1299801773231202,0,0.0,0
1299804260850761,0,0.0,0
1299845393515214,0,0.0,0
1302142721437298,0,0.0,0
1302378898118835,0,0.0,0
1302862183549921,0,0.0,0
1302869439945103,0,0.0,0
1303107306857743,0,0.0,0
1304167913005143,0,0.0,0
1304234225291650,0,0.0,0
1304238708392723,0,0.0,0
1304265270521262,0,0.0,0
1304493940363305,0,0.0,0
1304499817408581,0,0.0,0
1305681940362555,0,0.0,0
1307995044622278,0,0.0,0
1308470118313679,0,0.0,0
1309097362973245,0,0.0,0
1310440043629403,0,0.0,0
1310444688795559,0,0.0,0
1313212349987712,0,0.0,0
1317082658961809,0,0.0,0
1319623271237668,0,0.0,0
1319998772885201,0,0.0,0
1320230861629800,0,0.0,0
1320869819983066,0,0.0,0
1321674808394349,0,0.0,0
1322173423248409,0,0.0,0
1323163160209504,0,0.0,0
1323653955479194,0,0.0,0
1324039126285986,0,1.0,1
1324242738065521,0,0.0,0
1324744238236295,0,0.0,0
1326921899067309,0,0.0,0
1328546724438476,0,0.0,0
1329371834650460,0,0.0,0
1329684478429654,0,0.0,0
1329763647858209,0,0.0,0
1331528281119852,0,0.0,0
1331529530288214,0,0.0,0
1331593962545675,0,0.0,0
1332363205612854,0,0.0,0
1332954260209107,0,0.0,0
1333200312216664,0,0.0,0
1333539990376921,0,0.0,0
1334399978816698,0,0.0,0
1334440425563513,0,0.0,0
1335325261262808,0,0.0,0
1335827636733159,1,1.0,1
1336390349633134,0,0.0,0
1336390860506846,0,0.0,0
1337132239097537,0,0.0,0
1339658795972595,0,0.0,0
1339761032041767,0,0.0,0
1339881552654937,0,0.0,0
1340260307030401,0,0.0,0
1340261157690964,0,0.0,0
1340438600127754,0,0.0,0
1342045510523637,0,0.0,0
1342165039662161,0,0.0,0
1343319068689597,0,0.0,0
1347373581833147,0,0.0,0
1348788342942044,0,0.0,0
1349495623145107,0,0.0,0
1350176442035129,0,0.0,0
1350379138749963,0,0.0,0
1352318043415990,0,0.0,0
1354151540408721,0,0.0,0
1355370494077790,0,0.0,0
1355551637379897,0,0.0,0
1355632208279582,0,0.0,0
1357778409504948,0,0.0,0
1358402954094358,0,0.0,0
1358742743785177,0,0.0,0
1358773725077023,0,0.0,0
1359118168957040,0,0.0,0
1359279095873784,0,0.0,0
1359379954157548,0,0.0,0
1365023804886835,0,0.0,0
1365995467347727,0,0.0,0
1366793377301228,0,0.0,0
1367845352441675,0,0.0,0
1367850959984000,0,0.0,0
1368910004252023,0,0.0,0
1369307177700354,0,0.0,0
1370347425067890,0,0.0,0
1370968110228282,0,0.0,0
1373047414809801,0,0.0,0
1373557482253108,0,0.0,0
1373780143239725,0,0.0,0
1374049292857046,0,0.0,0
1374627306813830,0,0.0,0
1375218091253316,0,0.0,0
1375490113585325,0,0.0,0
1375494701563373,0,0.0,0
1375575514134535,0,0.0,0
1375831528074151,0,0.0,0
1377158700029349,0,0.0,0
1378181200374726,0,0.0,0
1378397910193997,0,0.0,0
1378943974621875,0,0.0,0
1379398691874863,0,0.0,0
1380133196371731,0,0.0,0
1380197402534919,0,0.0,0
1380719279682298,0,0.0,0
1381221980289373,0,0.0,0
1381608748234422,0,0.0,0
1383079149487215,0,0.0,0
1385182881900578,0,0.0,0
1387311415936990,0,0.0,0
1388683071959788,0,0.0,0
1389094244060084,0,0.0,0
1389151425198294,0,0.0,0
1389577279381230,0,0.0,0
1389813587323367,0,0.0,0
1391071182113486,0,0.0,0
1391703266354013,0,0.0,0
1395331616852737,0,0.0,0
1395990912498243,0,0.0,0
1400129280414795,0,0.0,0
1400923505093652,0,0.0,0
1403825853029932,0,0.0,0
1406099698354961,0,0.0,0
1406131340922142,0,0.0,0
1407227808604802,0,0.0,0
1127655996186477,0,0.0,0
1129987579009944,0,0.0,0
1129990704782520,0,0.0,0
1129994500895281,0,0.0,0
1131143027380900,0,0.0,0
1131830960201734,0,0.0,0
1134562966066747,0,0.0,0
1135172008222700,0,0.0,0
1135901608366451,0,0.0,0
1136955460331566,0,0.0,0
1138036608386023,0,0.0,0
1138674575122117,0,0.0,0
1138675901232348,0,0.0,0
1138827790793966,0,0.0,0
1139036896171520,0,0.0,0
1139310371404045,0,0.0,0
1139314371465692,0,0.0,0
1140282214886021,0,0.0,0
1140287297577077,0,0.0,0
1140328455072703,0,0.0,0
1142745943884558,0,0.0,0
1143069277146664,0,0.0,0
1144268387051803,0,0.0,0
1148620551099651,1,1.0,1
1149313210391185,0,0.0,0
1149949284648057,0,0.0,0
1150686609084233,0,0.0,0
1150956632630826,0,0.0,0
1151114930131830,0,0.0,0
1151474675271896,0,0.0,0
1154938360793711,0,0.0,0
1156759473145564,0,0.0,0
1159547659316687,0,0.0,0
1161281716219163,0,0.0,0
1162310825217599,0,0.0,0
1162426681541045,0,0.0,0
1162526654041820,0,0.0,0
1162962677364304,0,0.0,0
1163239020498553,0,0.0,0
1163605990998731,0,0.0,0
1164151592476400,0,0.0,0
1164209675438332,0,0.0,0
1165776225200746,0,0.0,0
1166113330457741,0,0.0,0
1166439055316839,0,0.0,0
1166440792686833,0,0.0,0
1166613879015475,0,0.0,0
1167666519650671,0,0.0,0
1167917683824344,0,0.0,0
1168141085983943,0,0.0,0
1168162960108294,0,0.0,0
1168436238006765,0,0.0,0
1168439426303923,0,0.0,0
1168443969455615,0,0.0,0
1170659655460357,0,0.0,0
1171328727991149,0,0.0,0
1171685956282922,0,0.0,0
1173534456225479,0,0.0,0
1174729792684351,0,0.0,0
1175691541697104,0,0.0,0
1175749704110277,0,0.0,0
1177492878212836,0,0.0,0
1177854728480182,0,0.0,0
1178164904343421,0,0.0,0
1178219286117012,0,0.0,0
1178433727148402,0,0.0,0
1178435934667503,0,0.0,0
1179542296752309,0,0.0,0
1179575811942596,0,0.0,0
1180082727081859,1,1.0,1
1181060784035040,0,0.0,0
1182027319022256,0,0.0,0
1182115087963612,0,0.0,0
1182138256022345,0,0.0,0
1183194728071428,0,0.0,0
1183396244613846,0,0.0,0
1183527654937772,0,0.0,0
1183672554284724,0,0.0,0
1183672554647006,0,0.0,0
1183834021743288,0,0.0,0
1186657315327429,0,0.0,0
1187005769938465,0,0.0,0
1189887057877955,0,1.0,1
1192402507808389,0,0.0,0
1193150749215994,0,0.0,0
1193812161775806,0,0.0,0
1194200232584463,0,0.0,0
1195036687431753,0,0.0,0
1195275328644773,0,0.0,0
1200502614895466,0,0.0,0
1200764470268087,0,0.0,0
1201912981296344,0,0.0,0
1201915663757269,1,1.0,1
1201918197060060,1,1.0,1
1203056323120442,0,0.0,0
1203329012048446,0,0.0,0
1203429701125048,0,0.0,0
1203881985092387,0,0.0,0
1204092457678626,0,0.0,0
1204165623661193,0,0.0,0
1204231106346498,0,0.0,0
1205230543009117,0,0.0,0
1206986701157389,0,0.0,0
1208300161504419,0,0.0,0
1208565748088723,0,0.0,0
1208858264677200,0,0.0,0
1209158458349177,0,0.0,0
1210480942125652,0,0.0,0
1212247162710202,0,0.0,0
1212438169329677,0,0.0,0
1212657966412228,0,0.0,0
1212703351945800,0,0.0,0
1212705243780020,0,0.0,0
1212769400641458,0,0.0,0
1214207979034209,0,0.0,0
1214694766358009,0,0.0,0
1215097018684031,1,1.0,1
1215439267441591,0,0.0,0
1215474698024017,0,0.0,0
1215504659680450,0,0.0,0
1215506264034375,0,0.0,0
1216369258128178,0,0.0,0
1216441678359099,0,0.0,0
1216449914488596,0,0.0,0
1216509855544405,0,1.0,1
1217054018175570,0,0.0,0
1217311965272282,0,0.0,0
1217825782570295,0,0.0,0
1217826188958417,0,0.0,0
1218672158696332,0,0.0,0
1220171584734740,0,0.0,0
1220716841170015,0,0.0,0
1221158555663896,0,0.0,0
1221525070578566,0,0.0,0
1221969894383231,0,0.0,0
1222093769535153,0,0.0,0
1222566936668017,0,0.0,0
1224721979538316,0,0.0,0
1225074367585234,0,0.0,0
1226821124027650,0,0.0,0
1228059706821266,0,0.0,0
1228315113930510,0,0.0,0
1228557355471764,0,0.0,0
1230573145266602,0,0.0,0
1231264985744743,0,0.0,0
1232797671913967,0,0.0,0
1233325547710115,0,0.0,0
1234513865358280,0,0.0,0
1234539353755088,0,0.0,0
1236609432351487,0,0.0,0
1236988501525240,0,0.0,0
1238035445497765,0,0.0,0
1238672958566608,0,0.0,0
1238677795455669,0,0.0,0
1241515305182408,0,0.0,0
1241518930029017,0,0.0,0
1241561461348835,0,0.0,0
1243913519183893,1,1.0,1
1243916063093793,0,0.0,0
1245340531516261,0,0.0,0
1245401929619237,0,0.0,0
1245402921654767,0,0.0,0
1246363437474979,0,0.0,0
1246962896338879,0,0.0,0
1247018096175086,0,0.0,0
1247566241440022,0,0.0,0
1248615414662058,0,0.0,0
1248930345872161,0,0.0,0
1249411651504869,0,0.0,0
1250368024279682,0,0.0,0
1250369137635367,0,0.0,0
1250430669041168,0,0.0,0
1250909999681378,0,0.0,0
1250913564413125,0,0.0,0
1250940099387499,1,1.0,1
1251346458747629,0,0.0,0
1252496430921885,0,0.0,0
1252605674751206,0,0.0,0
1252605750333217,0,0.0,0
1254570550541354,0,0.0,0
1255377004594617,0,0.0,0
1255867656676415,0,0.0,0
1256588603192181,0,0.0,0
1258919486194512,0,0.0,0
1259049935535280,0,0.0,0
1259885638204691,0,0.0,0
1260233231567395,0,0.0,0
1260682609731256,0,0.0,0
1260729541827163,0,0.0,0
1260810726809291,0,0.0,0
1261137740187089,0,0.0,0
1261292338572375,0,0.0,0
1261584315293453,0,0.0,0
1261682798886017,0,0.0,0
1261804958891833,0,0.0,0
1261985668181119,0,0.0,0
1262438152138999,0,0.0,0
1262617889675440,0,0.0,0
1262623611921663,0,0.0,0
1262729625154344,0,0.0,0
1262736154216020,0,0.0,0
1267858089692736,0,0.0,0
1268419046872446,0,0.0,0
1271465350118313,0,0.0,0
1272611455886135,0,0.0,0
1272614584804664,0,0.0,0
1274581046140139,0,0.0,0
1275533672188877,0,0.0,0
1275710861148072,0,0.0,0
1275992180330135,0,0.0,0
1277691328603243,0,0.0,0
1278126978748004,0,0.0,0
1278129381539578,0,0.0,0
1278579837661579,0,0.0,0
1279280592274447,0,0.0,0
1279645382975100,0,0.0,0
1280359283733620,0,0.0,0
1281095237744921,0,0.0,0
1281158112187395,0,0.0,0
1281621399279129,0,0.0,0
1283851262469569,0,0.0,0
1284299316526306,0,0.0,0
1285595637310476,0,0.0,0
1285775813924614,0,0.0,0
1285893969686950,0,0.0,0
1286089000911235,0,0.0,0
1286090862204898,0,0.0,0
1286523505680046,0,0.0,0
1286649672452547,0,0.0,0
1286656968518567,0,0.0,0
1286658350045195,0,0.0,0
1288119055429790,0,0.0,0
1288544857260756,0,0.0,0
1289467126558619,0,0.0,0
1289831728879793,0,0.0,0
1290054302366051,0,0.0,0
1290491385706818,0,0.0,0
1291225119911401,0,0.0,0
1291850995018435,0,0.0,0
1292146322456114,0,0.0,0
1292151829480111,0,0.0,0
1293037548899312,0,0.0,0
1293812312748561,0,0.0,0
1296572801286995,0,0.0,0
1296642271641198,0,0.0,0
1296944317892065,0,0.0,0
1297063771465350,0,0.0,0
1297921807987482,0,0.0,0
1298347545643974,0,0.0,0
1298726379891097,0,0.0,0
1299227338327257,0,0.0,0
1299707247974940,0,0.0,0
1300685121765981,0,0.0,0
1301616133311739,0,0.0,0
1301996713734749,1,1.0,1
1304621613778404,0,0.0,0
1304763137824344,0,0.0,0
1309029937651296,1,1.0,1
1312921389903357,0,0.0,0
1312926051318913,0,0.0,0
1313710337054294,0,0.0,0
1315390865686342,0,0.0,0
1315511440538542,0,0.0,0
1316184496455964,0,0.0,0
1317383231899949,0,0.0,0
1317949490803673,0,0.0,0
1318011780416417,0,0.0,0
1318146615139038,0,0.0,0
1318235740997869,0,0.0,0
1320509967039172,0,0.0,0
1320566072889903,0,0.0,0
1322819215457756,0,0.0,0
1324272235686773,0,0.0,0
1326979652336013,0,0.0,0
1326980441334619,0,0.0,0
1326981338398436,0,0.0,0
1327321765094397,0,0.0,0
1327330013416291,0,0.0,0
1327658852853697,0,0.0,0
1328865571130003,0,0.0,0
1330698886134714,0,0.0,0
1331825798644868,0,0.0,0
1333094308726947,0,0.0,0
1333575147197151,0,0.0,0
1334810641073772,0,0.0,0
1334914418330642,0,0.0,0
1335147290145618,0,0.0,0
1336246719460504,0,0.0,0
1337817676786045,0,0.0,0
1338112927196541,0,0.0,0
1338244689810837,0,0.0,0
1338393610591004,0,0.0,0
1339241813717679,0,0.0,0
1340115058580762,0,0.0,0
1340840621378519,0,0.0,0
1341432028424936,0,0.0,0
1342988276816957,0,0.0,0
1344159928535767,0,0.0,0
1344516770172613,0,0.0,0
1345043258829534,0,0.0,0
1345172584724331,0,0.0,0
1345327711527835,0,0.0,0
1346471779930446,0,0.0,0
1347120652374624,0,0.0,0
1347187753530266,0,0.0,0
1347280992224866,0,0.0,0
1347737202517849,0,0.0,0
1351389038966664,0,0.0,0
1353050968805932,0,0.0,0
1353578014696451,0,0.0,0
1354410395815659,0,0.0,0
1354439994978151,0,0.0,0
1354444913601767,0,0.0,0
1354581508095282,0,0.0,0
1354754409598966,0,0.0,0
1356254961801783,0,0.0,0
1356449778368846,0,0.0,0
1356490236245706,0,0.0,0
1356492485257378,0,0.0,0
1356564687839349,0,0.0,0
1359123861080574,0,0.0,0
1359583562034684,1,1.0,1
1361738823677232,0,0.0,0
1362739883245536,0,0.0,0
1363347112867205,0,0.0,0
1363682027254991,0,0.0,0
1364971309600926,0,0.0,0
1364980979613842,0,0.0,0
1365551290169964,0,0.0,0
1365556747953362,0,0.0,0
1365611512581770,0,0.0,0
1365988275162302,0,0.0,0
1366522251824418,0,0.0,0
1367750502827587,0,0.0,0
1369718034670414,0,0.0,0
1369890642265061,0,0.0,0
1370852883857625,0,0.0,0
1373420491151634,0,0.0,0
1373719713703601,0,0.0,0
1373854820276896,0,0.0,0
1374115824063690,0,0.0,0
1375022242988686,0,0.0,0
1375080627126415,0,0.0,0
1375432387074750,0,0.0,0
1375496268031080,0,1.0,1
1376274511434097,0,0.0,0
1377283634333031,0,0.0,0
1377623438385098,0,0.0,0
1379151969686364,0,0.0,0
1380037611295413,1,1.0,1
1381667912410677,0,0.0,0
1382459022932477,0,0.0,0
1384721852059069,0,0.0,0
1385859065681836,0,0.0,0
1386155413618524,0,0.0,0
1386915837051473,0,0.0,0
1387674955422604,0,0.0,0
1388437611398858,0,0.0,0
1389619488858196,0,0.0,0
1389701486708390,0,0.0,0
1390279153220691,0,0.0,0
1391139734960461,0,0.0,0
1391669821957619,0,0.0,0
1391678765100545,0,0.0,0
1391916592289514,0,0.0,0
1392763073029217,0,0.0,0
1392957128998834,0,0.0,0
1393106548979309,0,0.0,0
1395009089467727,0,0.0,0
1395429762283380,0,0.0,0
1395893091348906,0,0.0,0
1396930179973065,0,0.0,0
1398089513845428,0,0.0,0
1398719444290117,0,0.0,0
1399326185314828,0,0.0,0
1400261186120049,0,0.0,0
1400262712470246,0,0.0,0
1400409641082513,0,0.0,0
1400409899965342,0,0.0,0
1402225253528886,0,0.0,0
1402372471110138,0,0.0,0
1402514925235409,0,0.0,0
1402552683110008,0,0.0,0
1402556835192384,0,0.0,0
1403634058790862,0,0.0,0
1404235588086886,0,0.0,0
1404241547728291,0,0.0,0
1404839097346327,0,0.0,0
1404909096493584,0,0.0,0
1407145670497252,0,0.0,0
1126184845390533,0,0.0,0
1126966580445285,0,0.0,0
1127135975583026,0,0.0,0
1127137977108137,0,0.0,0
1127454383757570,0,0.0,0
1128315936015622,0,0.0,0
1129420075242142,0,0.0,0
1129426036606779,0,0.0,0
1131789945509344,0,0.0,0
1132313328558093,0,0.0,0
1132418975370628,0,0.0,0
1133275444029917,0,0.0,0
1135299370911666,1,1.0,1
1135453675513890,0,0.0,0
1135813261525767,0,0.0,0
1135935533995237,0,0.0,0
1137306980536403,0,0.0,0
1137556251774070,0,0.0,0
1137852252018462,0,0.0,0
1138395279701795,0,0.0,0
1138928278581693,0,0.0,0
1139051512357511,0,0.0,0
1141072046727525,0,0.0,0
1141970893761686,0,0.0,0
1145076256304997,0,0.0,0
1146051356650230,0,0.0,0
1149271533901728,0,0.0,0
1150311367180380,0,0.0,0
1150755715319056,0,0.0,0
1151122453071222,0,0.0,0
1152923676484378,0,0.0,0
1152956699183091,0,0.0,0
1154256622487884,0,0.0,0
1155329274361336,0,0.0,0
1155438120785199,0,0.0,0
1156429875320819,0,0.0,0
1156976823554100,0,0.0,0
1157257105275062,0,0.0,0
1158889584802600,0,0.0,0
1159081171119626,0,0.0,0
1160138451612622,0,0.0,0
1160262720517267,0,0.0,0
1160778303753002,0,0.0,0
1161507297467910,0,0.0,0
1161517752680601,0,0.0,0
1161755290764538,0,0.0,0
1162012425173849,0,0.0,0
1162138379376773,0,0.0,0
1162578343405897,0,0.0,0
1163500170248832,0,0.0,0
1163806294930415,0,0.0,0
1165153971521154,0,0.0,0
1166137805767488,0,0.0,0
1166273233993430,0,0.0,0
1168137405677690,0,0.0,0
1168196031236767,0,0.0,0
1168400860242371,0,0.0,0
1169598487686298,0,0.0,0
1171230671096120,0,0.0,0
1173007568273556,0,0.0,0
1173297467173588,0,0.0,0
1173940206549107,0,0.0,0
1173962339562448,0,0.0,0
1174625949171764,0,0.0,0
1174652812759580,0,0.0,0
1175167721113215,0,0.0,0
1176486335797550,0,0.0,0
1176627601269804,0,0.0,0
1176793141643161,0,0.0,0
1177727115162447,0,0.0,0
1179099902598553,0,0.0,0
1180426388523826,0,0.0,0
1180616722449076,0,0.0,0
1181496032338126,0,0.0,0
1181773593887170,0,0.0,0
1182043767229866,0,0.0,0
1182133304460013,0,0.0,0
1182199339909596,0,1.0,1
1182202876344796,0,0.0,0
1182772350246273,0,0.0,0
1183003199560911,0,0.0,0
1183070205293529,0,0.0,0
1184316983034816,0,0.0,0
1184654220442521,0,0.0,0
1185413787738796,0,0.0,0
1185842528060759,0,0.0,0
1188141494137354,0,0.0,0
1188280297876792,0,0.0,0
1188594100653375,0,0.0,0
1188597072544734,0,0.0,0
1189262111665947,0,0.0,0
1191692679239336,0,0.0,0
1192110697732910,0,0.0,0
1192684792698787,0,0.0,0
1193936149571807,0,0.0,0
1194920553444034,0,0.0,0
1197992781403988,0,0.0,0
1198756446617699,0,0.0,0
1199997407444689,0,0.0,0
1200260225265584,0,0.0,0
1201385963507140,0,0.0,0
1201852298880526,0,0.0,0
1203372773680758,0,0.0,0
1204767563985687,0,0.0,0
1207006946239378,0,0.0,0
1207194827022028,0,0.0,0
1207361430904578,0,0.0,0
1207431067631588,0,0.0,0
1207983172809836,0,0.0,0
1209264839595766,0,0.0,0
1209833247126690,0,0.0,0
1209864536497782,0,0.0,0
1210067422373896,0,0.0,0
1210897692176005,0,0.0,0
1212823347345495,0,0.0,0
1213225910771824,0,0.0,0
1213801983726901,0,0.0,0
1214116559929729,1,1.0,1
1214629653635254,0,0.0,0
1215673351420114,0,0.0,0
1216393764238499,0,0.0,0
1216715116779738,0,0.0,0
1218304219980065,0,0.0,0
1219365386587885,0,0.0,0
1219905841103250,0,0.0,0
1220396515527424,0,0.0,0
1220923572463629,0,0.0,0
1221137083420235,0,0.0,0
1222712659866162,0,0.0,0
1223305757203784,0,0.0,0
1223644947252553,0,0.0,0
1225354728968364,0,0.0,0
1226875876711941,0,0.0,0
1228025555471076,0,0.0,0
1228249048458813,0,0.0,0
1229057970385324,0,0.0,0
1229147066613838,0,0.0,0
1229391972847117,0,0.0,0
1229395207161754,0,0.0,0
1229402102696825,0,0.0,0
1230184342292641,0,0.0,0
1230222379147964,0,0.0,0
1230223737677008,0,0.0,0
1231421096988410,0,0.0,0
1231492337396228,0,0.0,0
1231681122793413,0,0.0,0
1231812630916451,0,0.0,0
1233937351053354,0,0.0,0
1233943886558342,0,0.0,0
1234262878887970,0,0.0,0
1235399445334616,0,0.0,0
1235511420330944,0,0.0,0
1236501650485185,0,0.0,0
1236567271954405,0,1.0,1
1236662924352345,0,0.0,0
1237429364927109,0,0.0,0
1238519573777683,0,0.0,0
1238523258806618,1,1.0,1
1240914507122159,0,0.0,0
1241376639520394,0,0.0,0
1241798007532165,0,0.0,0
1242675642722760,0,0.0,0
1242774993460610,0,0.0,0
1243599155369978,0,0.0,0
1244377341184859,0,0.0,0
1245632621050736,0,0.0,0
1245677222883132,0,0.0,0
1245679128549081,0,0.0,0
1245802017949629,0,0.0,0
1245802708469276,0,0.0,0
1246622080597091,0,0.0,0
1249347288338652,0,0.0,0
1249772792492265,0,0.0,0
1251637678151971,0,0.0,0
1254202795808542,0,0.0,0
1255554321169561,0,0.0,0
1255554461590161,0,0.0,0
1255559208727650,0,0.0,0
1255669406005770,0,0.0,0
1258922838931656,0,0.0,0
1260608505457678,0,0.0,0
1261682699310373,0,1.0,1
1263898138669460,0,0.0,0
1264896861956339,0,0.0,0
1265015179094996,0,0.0,0
1266226230588705,0,0.0,0
1266383186888387,0,0.0,0
1266437195936782,0,0.0,0
1267520476501148,0,0.0,0
1269967575713241,0,0.0,0
1272026965703185,0,0.0,0
1272512399473429,0,0.0,0
1272660101784846,0,0.0,0
1273230033936116,0,0.0,0
1274575836015830,0,0.0,0
1274580672884158,0,0.0,0
1275653852597585,0,0.0,0
1275909530500098,0,0.0,0
1276071928870583,0,0.0,0
1276877594399341,0,0.0,0
1277130422656037,0,0.0,0
1277490047706097,0,0.0,0
1278117726864253,0,0.0,0
1279007747666037,0,0.0,0
1279381291004080,0,0.0,0
1279778488893476,0,0.0,0
1280523279822957,0,0.0,0
1280714542717686,0,0.0,0
1282020338298598,0,0.0,0
1282184486338398,0,0.0,0
1282620621903151,0,0.0,0
1283510311230321,0,0.0,0
1283816650257756,0,0.0,0
1283974155255272,0,0.0,0
1284112722883451,0,0.0,0
1284112770602649,0,0.0,0
1285451668313674,0,0.0,0
1285981331028125,0,0.0,0
1286165166912338,0,0.0,0
1287209734972878,0,0.0,0
1288094398490240,0,0.0,0
1288150091511767,0,0.0,0
1288241091174663,0,0.0,0
1288241806132368,0,0.0,0
1289150691230204,0,0.0,0
1289309360845661,0,0.0,0
1289321249762721,0,0.0,0
1289984635372462,0,0.0,0
1290698375669599,0,0.0,0
1290828437651541,0,0.0,0
1291078899311534,0,0.0,0
1293904479173375,1,1.0,1
1295145847697887,0,0.0,0
1295449129052494,0,0.0,0
1295454113405448,0,0.0,0
1299131885351205,0,0.0,0
1299478221102188,0,0.0,0
1300132235793117,0,0.0,0
1300465121735187,1,1.0,1
1302055875721361,0,0.0,0
1302208681564429,0,0.0,0
1302367561838511,1,1.0,1
1302699321517360,0,0.0,0
1302702510400599,0,0.0,0
1303169675736491,0,0.0,0
1303202516003511,0,0.0,0
1303208442735581,0,0.0,0
1304251449849158,0,0.0,0
1304327938935779,0,0.0,0
1304366170869638,0,0.0,0
1304367071907307,0,0.0,0
1304555915327087,0,0.0,0
1304556905813813,0,0.0,0
1304558021965646,0,0.0,0
1304644598158605,0,0.0,0
1304945198567849,0,0.0,0
1306862975963107,0,0.0,0
1307612042291806,0,0.0,0
1307683402881017,0,0.0,0
1308014396063230,0,0.0,0
1309109558919750,0,0.0,0
1309792446971165,0,0.0,0
1309821341520219,0,0.0,0
1310479803310354,1,1.0,1
1310568817422297,0,0.0,0
1310664440752705,0,0.0,0
1311036904409306,0,0.0,0
1311604415345825,0,0.0,0
1311665338493257,0,0.0,0
1311668593753847,0,0.0,0
1311735113014744,0,0.0,0
1311975223350967,0,0.0,0
1312960069735245,0,0.0,0
1314233199973294,0,0.0,0
1314870472208880,0,0.0,0
1315293551298448,0,0.0,0
1316726533037431,0,0.0,0
1317815575294820,0,0.0,0
1317817640657831,0,0.0,0
1318390717226081,0,0.0,0
1319912616977921,0,0.0,0
1319913725756224,0,0.0,0
1319917288605213,0,0.0,0
1319921190660754,0,0.0,0
1320216565917431,1,1.0,1
1321686163474453,0,0.0,0
1322723622089305,0,0.0,0
1322850612482496,0,0.0,0
1323000975072426,0,0.0,0
1323781088930481,0,0.0,0
1323890829872125,0,0.0,0
1324259120206961,0,0.0,0
1325728790232659,0,0.0,0
1326341547313132,0,0.0,0
1326651744036932,0,0.0,0
1329604980848882,0,0.0,0
1330367028607223,0,0.0,0
1331948648024496,0,0.0,0
1332561893227666,0,0.0,0
1333232168431121,0,0.0,0
1333892324733304,1,1.0,1
1334720036689102,0,0.0,0
1335336112513025,0,0.0,0
1335338461971203,0,0.0,0
1335753216478615,0,0.0,0
1337154751840534,0,0.0,0
1337243463317859,0,0.0,0
1338281639118752,0,0.0,0
1339532506817479,0,0.0,0
1339954516242457,0,0.0,0
1340438372679199,0,0.0,0
1340630223501845,0,0.0,0
1340834984248788,0,0.0,0
1341791304347271,0,0.0,0
1344439904853741,0,0.0,0
1346862169248679,0,0.0,0
1348150500501687,0,0.0,0
1348211928393514,0,0.0,0
1348646899530103,0,0.0,0
1348896116621923,0,0.0,0
1349028186452869,0,0.0,0
1349028260386048,0,0.0,0
1349098659796613,0,0.0,0
1350050252168366,0,0.0,0
1350052100700975,0,1.0,1
1350080787066693,0,0.0,0
1350456132510919,0,0.0,0
1350782478877920,0,0.0,0
1350841136854362,0,0.0,0
1351828372147155,0,0.0,0
1352758020304116,0,0.0,0
1352997465767233,0,0.0,0
1353003011735694,0,1.0,1
1353006340735711,0,0.0,0
1353297842982540,0,0.0,0
1354103093481554,0,0.0,0
1354231238436173,0,0.0,0
1354656017253343,0,0.0,0
1356018751271459,0,0.0,0
1356269623135547,0,0.0,0
1356833937330999,0,0.0,0
1357932232163670,0,0.0,0
1358001915590922,0,0.0,0
1358514910976099,0,0.0,0
1358553440325080,0,0.0,0
1361639140916403,0,0.0,0
1361739209200269,0,0.0,0
1362979557671818,0,0.0,0
1362984345622735,0,0.0,0
1363966572123737,1,1.0,1
1364414249300773,0,0.0,0
1365041475746663,0,0.0,0
1368167073396919,0,0.0,0
1369611661396915,0,0.0,0
1370648054944281,0,0.0,0
1371382617067638,0,0.0,0
1371553702477948,0,0.0,0
1371611120809522,0,0.0,0
1373070987053616,0,0.0,0
1374435684175142,0,0.0,0
1374563852879029,0,0.0,0
1378555130556607,0,0.0,0
1378615083947766,0,0.0,0
1378737395240012,0,0.0,0
1380430789923573,0,0.0,0
1380724137579369,0,0.0,0
1381390121984825,0,0.0,0
1381681774030556,0,0.0,0
1382869402300232,0,0.0,0
1385834986492523,0,0.0,0
1386282965389262,0,0.0,0
1386289335184534,0,0.0,0
1386412313707134,0,0.0,0
1388269377544305,0,0.0,0
1389497507317131,0,0.0,0
1390399999548386,0,0.0,0
1391284754689960,0,0.0,0
1392800366967404,1,1.0,1
1392837777490757,0,0.0,0
1393335682750357,0,0.0,0
1394384972149077,0,0.0,0
1396097884998699,0,0.0,0
1397445128655081,0,0.0,0
1398680857621741,0,0.0,0
1399346659269906,0,1.0,1
1399601875198254,0,0.0,0
1399669471143717,0,0.0,0
1402373648139604,0,0.0,0
1402679088203706,0,0.0,0
1402680805254385,0,0.0,0
1403634575677967,0,0.0,0
1406621563915435,0,0.0,0
1406679817681536,0,0.0,0
1406681714908456,0,0.0,0
1406686249951894,0,0.0,0
1406825308022506,0,0.0,0
1407076219952313,0,0.0,0
1126180603192358,0,0.0,0
1126548117165013,0,0.0,0
1127277712412282,1,1.0,1
1127333053610334,0,0.0,0
1127337768404929,0,0.0,0
1127726407649752,0,0.0,0
1127728536994680,0,0.0,0
1127971523516433,0,0.0,0
1128922644717292,0,0.0,0
1128996296141914,0,0.0,0
1129349419277738,0,0.0,0
1131006041109536,0,0.0,0
1135341340137959,0,0.0,0
1135343376383253,0,0.0,0
1135548724680742,0,0.0,0
1136228649358156,0,0.0,0
1137392094067625,0,0.0,0
1137924524539390,0,0.0,0
1138249476587604,0,0.0,0
1138333496752491,0,0.0,0
1139416166772059,0,0.0,0
1139623999204469,0,0.0,0
1139696023318729,0,0.0,0
1140069674514463,0,0.0,0
1140900791688414,0,0.0,0
1140934688445123,0,0.0,0
1142703651224332,0,0.0,0
1142776829825450,0,0.0,0
1143697929330876,0,0.0,0
1143891597299113,0,0.0,0
1143896666987494,0,0.0,0
1143898176877619,0,0.0,0
1145208425110260,0,0.0,0
1146544522161976,0,0.0,0
1146595138467395,1,1.0,1
1146849618767249,0,0.0,0
1147769473216408,0,0.0,0
1147980039655295,0,0.0,0
1148467036944087,0,0.0,0
1149607714075310,0,0.0,0
1150000584270714,0,0.0,0
1150037041794934,0,0.0,0
1150836501245603,0,0.0,0
1151241810738820,0,0.0,0
1151449502277163,0,0.0,0
1152038424834264,0,0.0,0
1153483422865640,0,0.0,0
1153809225959546,0,0.0,0
1153858855461404,0,0.0,0
1154080913394688,0,0.0,0
1154855413571670,0,0.0,0
1155124052777723,0,0.0,0
1155164472661679,0,0.0,0
1155584364686179,0,0.0,0
1158998460537403,0,0.0,0
1161045284923975,1,1.0,1
1162783812805458,0,0.0,0
1165929911302161,0,0.0,0
1166479913627337,0,0.0,0
1166612465178675,0,0.0,0
1169248219880832,0,0.0,0
1172497922391504,0,0.0,0
1173589088833139,0,0.0,0
1175514334297791,0,0.0,0
1177573814629479,0,0.0,0
1178626978365332,0,0.0,0
1178631029142458,0,0.0,0
1178632314499209,0,0.0,0
1178731511591895,0,0.0,0
1178734184640254,0,0.0,0
1178735769206175,0,0.0,0
1181525678582640,0,0.0,0
1181554032030556,0,0.0,0
1181604694724591,0,0.0,0
1181673971821738,0,0.0,0
1183627809408233,0,1.0,1
1183714639895559,0,0.0,0
1183864597816519,0,0.0,0
1184053563306492,1,1.0,1
1184148659221720,0,0.0,0
1184920399121818,0,0.0,0
1184922587097047,0,0.0,0
1184967285695751,0,0.0,0
1185870027314086,0,0.0,0
1187986171847272,0,0.0,0
1188732701330035,0,0.0,0
1189213040845934,0,0.0,0
1190067465627498,0,0.0,0
1190240126611038,0,0.0,0
1191008863780641,1,1.0,1
1191407461347412,0,0.0,0
1191588552525239,0,0.0,0
1192821514907850,0,0.0,0
1194133000642252,0,0.0,0
1194203501800390,0,0.0,0
1194534563728997,0,0.0,0
1195046324836193,0,0.0,0
1195165571871607,0,0.0,0
1197628126038636,0,0.0,0
1197787871271597,0,0.0,0
1200107393131206,1,1.0,1
1200440958029019,0,0.0,0
1202648142669923,0,0.0,0
1204876436197406,0,0.0,0
1205251450083514,0,0.0,0
1206890184630621,0,0.0,0
1207912130921330,0,0.0,0
1209566642623934,0,0.0,0
1209603608841737,0,0.0,0
1209666018381527,0,0.0,0
1211959723674571,0,0.0,0
1211960420503665,0,0.0,0
1211960590248337,0,0.0,0
1212187036313452,0,0.0,0
1212416952216104,0,0.0,0
1213883636639486,0,0.0,0
1216513297161425,0,0.0,0
1217063722098371,0,0.0,0
1217372324511644,0,0.0,0
1217408852791397,0,0.0,0
1218213612659994,0,0.0,0
1218264396171340,0,0.0,0
1219311185984992,0,0.0,0
1219815387859968,0,0.0,0
1219846995639906,0,0.0,0
1223573775614975,0,0.0,0
1224448439935519,0,0.0,0
1226045549379720,0,0.0,0
1226052633223780,0,0.0,0
1227051891105566,0,0.0,0
1229565148766123,0,0.0,0
1229568454389355,0,0.0,0
1229571159550212,0,0.0,0
1229598371059553,0,0.0,0
1229604799836754,0,0.0,0
1232253708145263,0,0.0,0
1234528807496480,0,0.0,0
1234780518292194,0,0.0,0
1234829060539180,0,0.0,0
1234833175525985,0,0.0,0
1234836145200483,0,0.0,0
1234898415824065,0,0.0,0
1235763616620755,0,0.0,0
1235849240541436,0,0.0,0
1235985955164049,0,0.0,0
1236221946183706,0,0.0,0
1236558925449468,0,0.0,0
1237727178297792,0,0.0,0
1238392097557051,0,0.0,0
1238397219359785,0,0.0,0
1239043890560210,0,0.0,0
1239810744832874,0,0.0,0
1240011790891809,0,0.0,0
1240359267329357,0,0.0,0
1240835903605925,0,0.0,0
1241637771114622,0,0.0,0
1242420722516185,0,0.0,0
1242593412739125,0,0.0,0
1242879881759325,0,0.0,0
1244709705729622,0,0.0,0
1245249473242005,0,0.0,0
1246938898772779,0,0.0,0
1247601462480802,0,0.0,0
1247719006595264,0,0.0,0
1248326915848195,0,0.0,0
1248757645533133,0,0.0,0
1248969419939765,0,0.0,0
1249465286592017,0,0.0,0
1249829862933371,0,0.0,0
1249961575668476,0,0.0,0
1250123740844588,0,0.0,0
1250187235646674,0,0.0,0
1250250302265751,0,0.0,0
1250376270745440,0,0.0,0
1252547445141831,0,0.0,0
1252629108339240,0,0.0,0
1252843629816443,0,0.0,0
1255781737810004,0,0.0,0
1255864257974416,0,0.0,0
1255976494433318,0,0.0,0
1256201646908387,0,0.0,0
1257329444405219,0,0.0,0
1257734919774263,0,0.0,0
1257801019735102,0,0.0,0
1259068432817041,0,0.0,0
1259861853199210,0,0.0,0
1260430010601745,0,0.0,0
1260434821101319,0,0.0,0
1261974519659533,0,0.0,0
1263539933222023,0,0.0,0
1263943618027507,0,0.0,0
1264001742122280,0,0.0,0
1264562589066042,0,0.0,0
1265346692204089,0,1.0,1
1265789225754148,0,0.0,0
1266338030638635,0,0.0,0
1267087268660293,0,0.0,0
1267156107706577,0,0.0,0
1267304743994972,0,0.0,0
1267483892686211,0,0.0,0
1267765037922114,0,0.0,0
1270855765466475,0,0.0,0
1271887694587991,0,0.0,0
1272639503393289,0,0.0,0
1273204815101199,0,0.0,0
1273960773180713,0,0.0,0
1274345286520333,0,0.0,0
1275979625469878,0,0.0,0
1276017311333547,0,0.0,0
1276022169155902,0,0.0,0
1276327501714023,0,0.0,0
1279301845868853,0,1.0,1
1279304380749012,0,0.0,0
1279847575889846,0,0.0,0
1280491252772466,0,0.0,0
1280781961744319,0,0.0,0
1280867508329080,1,1.0,1
1280879228931724,0,0.0,0
1280968970032624,0,0.0,0
1281274371449563,0,0.0,0
1281566673370648,0,0.0,0
1281574055924988,0,0.0,0
1281693112342490,0,0.0,0
1281738934648711,0,0.0,0
1281807889191190,0,0.0,0
1281884112448564,0,0.0,0
1282044635467856,0,1.0,1
1282532434347315,0,0.0,0
1283112364549136,0,0.0,0
1283526379353268,0,0.0,0
1284740604930747,0,0.0,0
1284825835051460,0,0.0,0
1285710299696669,0,0.0,0
1286158942558010,0,0.0,0
1286535187610544,0,0.0,0
1287119145693118,0,0.0,0
1287217811515023,0,0.0,0
1287354389263232,0,0.0,0
1287420505481119,0,0.0,0
1288119984102718,0,0.0,0
1289108145997763,0,0.0,0
1289276503926716,0,0.0,0
1290147655039132,0,0.0,0
1290290681891550,0,0.0,0
1290503189275206,0,0.0,0
1290632080266175,0,0.0,0
1292267323289189,0,0.0,0
1292273147735349,0,0.0,0
1292298620817406,0,0.0,0
1292299550443993,0,0.0,0
1292306732560536,0,0.0,0
1292705987400258,0,0.0,0
1294871652786531,0,0.0,0
1296659249904163,0,0.0,0
1296659250556229,0,0.0,0
1298516657799303,0,0.0,0
1298660116997144,0,0.0,0
1299045245225438,0,0.0,0
1299233040607676,0,0.0,0
1299657854805674,0,0.0,0
1300020831755435,0,0.0,0
1300731104090677,0,0.0,0
1300888665890450,0,0.0,0
1301135962484780,0,0.0,0
1302689053707895,0,0.0,0
1303956382497929,0,0.0,0
1304713526722365,0,0.0,0
1304928330241378,0,0.0,0
1304928650248567,0,0.0,0
1304928982789943,0,0.0,0
1305132257054643,0,0.0,0
1306479492122617,0,0.0,0
1306485061247007,0,0.0,0
1306515267605271,0,0.0,0
1307033003202831,0,0.0,0
1307126837911588,0,0.0,0
1307433214122295,0,0.0,0
1309103760150492,0,0.0,0
1310353315132660,0,0.0,0
1310491009956264,0,0.0,0
1311160192763958,0,0.0,0
1311318076348834,0,0.0,0
1312341379006027,1,1.0,1
1312342780327055,0,0.0,0
1312955048388521,0,0.0,0
1313540266704799,0,0.0,0
1314767192281259,0,0.0,0
1315821097429318,0,0.0,0
1315825204771734,0,0.0,0
1316075685880504,1,1.0,1
1317509581910607,0,0.0,0
1317513273193544,0,0.0,0
1317758810378077,0,0.0,0
1318138148802018,1,1.0,1
1318990624634894,0,0.0,0
1318994191750349,0,0.0,0
1319291386182394,0,0.0,0
1319912187499402,0,0.0,0
1319991607068909,0,0.0,0
1320943728198051,0,0.0,0
1321592620235669,1,1.0,1
1322472970660266,0,0.0,0
1323009994961142,0,0.0,0
1323239091702366,0,0.0,0
1323241472642197,0,0.0,0
1323318264821547,0,0.0,0
1325142856035060,0,0.0,0
1326165164707450,0,0.0,0
1327166441126956,0,0.0,0
1327172334176385,0,0.0,0
1328182512637493,0,0.0,0
1329247360777989,0,0.0,0
1329625725299528,0,0.0,0
1330263730710173,0,0.0,0
1330593872928605,0,0.0,0
1330645555520818,0,0.0,0
1330676776976035,0,0.0,0
1330681702195169,0,0.0,0
1330682617040701,0,0.0,0
1330685178735622,0,0.0,0
1330797785119836,0,0.0,0
1331344684645021,0,0.0,0
1331404847039618,0,0.0,0
1331406690794569,0,0.0,0
1332416088304577,0,0.0,0
1332626189522013,0,0.0,0
1334170008024211,0,1.0,1
1335479374680510,0,0.0,0
1335674659041610,0,0.0,0
1336224582236401,0,0.0,0
1336577462863409,0,0.0,0
1336849179403566,0,0.0,0
1336851254466147,0,0.0,0
1337629572410849,0,0.0,0
1338200187836512,1,1.0,1
1338341191742249,0,0.0,0
1338342759447277,0,0.0,0
1338478915166696,0,0.0,0
1338694831520549,0,0.0,0
1340482662470773,1,1.0,1
1341404810389717,0,0.0,0
1341653028214208,0,0.0,0
1343054387528288,0,0.0,0
1343056947775965,0,0.0,0
1343057907834193,0,0.0,0
1343091823857307,0,0.0,0
1343690710243243,0,0.0,0
1344952101906955,0,0.0,0
1344955555957500,0,0.0,0
1344957319451428,1,1.0,1
1344960452589221,0,0.0,0
1346105189974765,0,0.0,0
1346281725238646,0,0.0,0
1346858343555465,0,0.0,0
1349891315084866,0,0.0,0
1350878647858988,0,0.0,0
1352106090035776,0,0.0,0
1352379589881219,0,0.0,0
1352571077966247,0,0.0,0
1352950523094021,0,0.0,0
1353014397873118,0,0.0,0
1354175987322217,0,0.0,0
1354291163535981,0,0.0,0
1356019607768162,0,0.0,0
1356349500041979,0,0.0,0
1356396445671455,0,0.0,0
1356860273687861,0,0.0,0
1357694743551584,0,0.0,0
1358007056199765,0,0.0,0
1358012085419623,0,0.0,0
1358643811946721,1,1.0,1
1359242947324044,0,0.0,0
1359270286513699,0,0.0,0
1359411068946382,0,0.0,0
1359447913555369,0,0.0,0
1359644052778309,0,0.0,0
1359869213423774,0,0.0,0
1360856187523595,0,0.0,0
1361401830402357,0,0.0,0
1361654487581788,0,0.0,0
1364572864350957,0,0.0,0
1367578036304293,0,0.0,0
1368430536144000,0,0.0,0
1368677935024908,0,0.0,0
1369859594076147,0,0.0,0
1370172628545872,0,0.0,0
1370256095342097,0,0.0,0
1370523289380720,0,0.0,0
1370688640047061,0,0.0,0
1372063633926703,0,0.0,0
1373162240812608,0,0.0,0
1373163701620940,0,0.0,0
1373664934282466,0,0.0,0
1374412961109973,0,0.0,0
1375141462435390,0,0.0,0
1378612915648108,0,0.0,0
1379460583296804,0,0.0,0
1379514158990871,0,0.0,0
1380135802564118,0,0.0,0
1380474634883384,0,0.0,0
1380797677763075,0,0.0,0
1381790455298199,0,0.0,0
1382076928895103,0,0.0,0
1383076490973475,0,0.0,0
1383120091397886,0,0.0,0
1384876382130047,0,0.0,0
1384982549703896,0,0.0,0
1385325405269686,0,0.0,0
1385703586888865,0,0.0,0
1385774704095417,0,0.0,0
1388632607791987,0,0.0,0
1388874511350713,0,0.0,0
1391795172014871,0,0.0,0
1392736170934923,0,0.0,0
1393642452406171,0,0.0,0
1394052683572895,0,0.0,0
1394748576508585,0,0.0,0
1395260435604617,0,0.0,0
1395894793518022,0,0.0,0
1396720921509116,0,0.0,0
1397206653049748,1,1.0,1
1397212966679765,0,0.0,0
1400885828287724,0,0.0,0
1402183806803946,0,0.0,0
1402185436101604,0,0.0,0
1402192160087629,0,0.0,0
1404488141536942,0,0.0,0
1405165075555681,0,0.0,0
1125934460008889,0,0.0,0
1125942123976177,0,0.0,0
1126165352728471,0,0.0,0
1126997414533322,0,0.0,0
1127415072770222,0,0.0,0
1127502732628529,0,0.0,0
1129189009786994,0,0.0,0
1129426729951939,0,0.0,0
1129427263535557,0,0.0,0
1129435021268163,0,0.0,0
1129765081811082,0,0.0,0
1130187212547734,0,0.0,0
1130427500623614,0,0.0,0
1130767730801904,0,0.0,0
1132621057885114,0,0.0,0
1133277139305904,0,0.0,0
1133655746808648,0,0.0,0
1133682636682728,0,0.0,0
1133781613876970,0,0.0,0
1134114826890900,0,0.0,0
1134944203454804,0,0.0,0
1136269474171161,0,0.0,0
1137048580629922,0,0.0,0
1138245157812316,0,0.0,0
1138248169011902,0,0.0,0
1138254978896318,0,0.0,0
1138580855230656,0,0.0,0
1139028715805705,0,0.0,0
1140560396885221,0,0.0,0
1143013146426213,0,0.0,0
1144289059449338,1,1.0,1
1146215460412000,0,0.0,0
1146739661079089,0,0.0,0
1149212355614627,0,0.0,0
1149616140364050,0,0.0,0
1149692664506226,0,0.0,0
1151352558086336,0,0.0,0
1151354263361383,0,0.0,0
1151732310253465,0,0.0,0
1152019078768619,0,0.0,0
1152683205185387,0,0.0,0
1152769785675479,0,0.0,0
1154531125397246,0,0.0,0
1156505141767555,0,0.0,0
1156506592438103,0,0.0,0
1157242288658752,0,0.0,0
1158170304815694,0,0.0,0
1158997507743656,0,0.0,0
1159009108583594,0,0.0,0
1159099215484957,0,0.0,0
1159216519250682,0,0.0,0
1160458059068459,0,0.0,0
1160459821452500,1,1.0,1
1162771988006431,0,0.0,0
1162984041342452,0,0.0,0
1163239704277817,0,0.0,0
1164020846304087,0,0.0,0
1164120751984898,0,0.0,0
1165373318449527,0,0.0,0
1166786989288563,0,0.0,0
1170752062083679,0,0.0,0
1171336513085336,0,0.0,0
1171824566292871,0,0.0,0
1172199701700080,0,0.0,0
1172314097541947,0,0.0,0
1172414920592365,0,0.0,0
1173176265759051,0,0.0,0
1175891317468320,0,0.0,0
1176606835673469,0,0.0,0
1176967906378016,0,0.0,0
1177067122489729,0,0.0,0
1177297541102172,0,0.0,0
1177547241055220,1,1.0,1
1177766320027257,0,0.0,0
1178337630114927,0,0.0,0
1178456411950557,0,0.0,0
1178527567153997,0,0.0,0
1179027923535572,0,0.0,0
1179385721137560,1,1.0,1
1181138688890842,0,0.0,0
1182488840654082,0,0.0,0
1183150760978450,0,0.0,0
1183212253373800,0,0.0,0
1183717073527601,0,0.0,0
1183886092515788,0,0.0,0
1184792583604085,0,0.0,0
1186360448027557,0,0.0,0
1186879048245295,0,0.0,0
1187348452665260,0,0.0,0
1187367763280204,0,0.0,0
1187981233776085,0,0.0,0
1190565335069161,0,0.0,0
1191289854133119,0,0.0,0
1191335920715601,0,0.0,0
1191868310187570,0,0.0,0
1192483360979950,0,0.0,0
1193136542391903,0,0.0,0
1195320951806182,0,1.0,1
1195586218645006,0,0.0,0
1195879709557719,0,0.0,0
1195991682127939,0,0.0,0
1195992247973090,0,0.0,0
1197609665190275,0,0.0,0
1197646548896654,0,0.0,0
1197677539212218,0,0.0,0
1199885083205690,0,0.0,0
1199917889517334,0,0.0,0
1200711518036154,0,0.0,0
1201538999824449,0,0.0,0
1203109269913460,0,0.0,0
1204032670153811,0,0.0,0
1204908960456660,0,0.0,0
1205013147318668,0,0.0,0
1205113799113125,0,0.0,0
1205169924247684,0,0.0,0
1207008044768431,0,0.0,0
1207527590220333,0,0.0,0
1207780487848657,0,0.0,0
1209549065824751,0,0.0,0
1213138938236484,0,0.0,0
1214430324363923,0,0.0,0
1219261427870305,0,0.0,0
1219403156961663,0,0.0,0
1220531599833678,1,1.0,1
1223828229932842,0,0.0,0
1223829893877747,1,1.0,1
1224191117476403,0,0.0,0
1224871264656813,0,0.0,0
1226123886258456,0,0.0,0
1226216056553130,0,0.0,0
1226680651896306,0,0.0,0
1226819254239753,0,0.0,0
1227175016606498,0,0.0,0
1227458418522670,0,0.0,0
1228040461760001,0,0.0,0
1232229944931040,0,0.0,0
1233581096686315,0,0.0,0
1233622813719641,0,0.0,0
1234196514933331,0,0.0,0
1235091269093775,0,0.0,0
1238310923019651,0,0.0,0
1238510807688202,0,0.0,0
1238686629122850,0,0.0,0
1238881553839051,0,0.0,0
1240833435537467,0,1.0,1
1241899810808331,0,0.0,0
1242036106287972,1,1.0,1
1242041832397812,0,0.0,0
1242049368523852,0,0.0,0
1244416055927054,0,0.0,0
1244536394898765,0,0.0,0
1244546382803404,0,0.0,0
1244546637903201,0,0.0,0
1244613418076392,0,0.0,0
1244909154905323,0,0.0,0
1246258802132227,0,0.0,0
1247718356543222,0,0.0,0
1247724861069348,0,0.0,0
1248035472788888,0,0.0,0
1249183844737249,0,0.0,0
1249389114009012,0,0.0,0
1249789277128804,0,0.0,0
1249982708537343,0,0.0,0
1250652957655431,0,0.0,0
1251017392124866,0,0.0,0
1251549538810297,0,0.0,0
1252798746455864,0,0.0,0
1254398976137004,0,0.0,0
1254810617938907,0,0.0,0
1254819869123507,0,0.0,0
1255952867416841,0,0.0,0
1256047074311197,0,0.0,0
1256363498110474,0,0.0,0
1256804150350657,0,0.0,0
1259228787074779,0,0.0,0
1259776918005132,0,0.0,0
1260815783677992,0,0.0,0
1264529148659575,0,0.0,0
1267040203107181,0,0.0,0
1268223322060918,0,0.0,0
1268597326898090,0,0.0,0
1268777487787926,0,0.0,0
1272951452003437,0,0.0,0
1273100786887026,0,0.0,0
1273172072761674,0,0.0,0
1273377191901709,0,0.0,0
1273863592199907,0,0.0,0
1275243158534013,0,0.0,0
1275480713954556,0,0.0,0
1276977365994007,0,0.0,0
1277276095484849,0,0.0,0
1277545163652485,0,1.0,1
1277576016914677,0,0.0,0
1279016808777621,0,0.0,0
1280028266394285,0,0.0,0
1281603444326659,0,0.0,0
1281607006103926,0,0.0,0
1282045372126354,0,0.0,0
1283350183480014,0,0.0,0
1283385572654337,0,0.0,0
1283975601644183,0,0.0,0
1284954667502908,0,0.0,0
1285009905706314,0,0.0,0
1285580647785459,0,0.0,0
1285636964644102,0,0.0,0
1285859218502597,0,0.0,0
1287309380235597,0,0.0,0
1287365300695114,0,0.0,0
1287663863147080,0,0.0,0
1287910805536863,0,0.0,0
1287913349982946,0,0.0,0
1288821262002672,0,0.0,0
1289540707908656,0,0.0,0
1290274835975911,0,0.0,0
1290339200673647,0,0.0,0
1290747270710405,0,0.0,0
1292560605559802,0,0.0,0
1292829512235754,0,0.0,0
1292873998688528,0,1.0,1
1293189381151059,0,0.0,0
1294162281589336,0,0.0,0
1296281892510573,0,0.0,0
1298853803163226,0,0.0,0
1299074063920473,1,1.0,1
1300877635396995,0,0.0,0
1300945523832149,0,0.0,0
1301657636630819,0,0.0,0
1302090142882274,0,0.0,0
1302341473118813,0,0.0,0
1303472738591505,0,0.0,0
1303839697641266,0,0.0,0
1303842203775642,0,0.0,0
1304543722846771,0,0.0,0
1304676340034861,0,0.0,0
1304679627127545,0,0.0,0
1305185949076222,0,0.0,0
1306111183010560,0,0.0,0
1306347098078537,0,0.0,0
1307018646520795,0,0.0,0
1307868275907619,0,0.0,0
1308502215947822,1,1.0,1
1308508971514781,0,0.0,0
1309031858231452,0,0.0,0
1309544060230980,0,0.0,0
1309600288357902,0,0.0,0
1309725893886708,0,0.0,0
1309810670769795,0,0.0,0
1310827715922772,0,0.0,0
1312024961673312,1,1.0,1
1312025542838153,0,0.0,0
1312260275467350,0,0.0,0
1313866139265705,0,0.0,0
1315227830158064,0,0.0,0
1315512311390648,1,1.0,1
1317112715576151,0,0.0,0
1317113768106146,0,0.0,0
1317435391228091,0,0.0,0
1318420710267963,0,0.0,0
1318496106343983,0,0.0,0
1318699743984821,0,0.0,0
1319080384733457,0,0.0,0
1319082107113711,0,0.0,0
1319208755837327,0,0.0,0
1319210685153744,0,0.0,0
1319352747800657,0,0.0,0
1319355975174286,0,0.0,0
1320719391181747,0,0.0,0
1321151253655960,0,0.0,0
1321232972169173,0,0.0,0
1321274120254416,0,0.0,0
1321642939788331,0,0.0,0
1322850853017888,0,0.0,0
1323166629263115,0,0.0,0
1325060961033224,0,0.0,0
1325605083817194,0,0.0,0
1326439233146584,0,0.0,0
1328997121285731,0,0.0,0
1329604616317092,0,0.0,0
1331554795577963,0,0.0,0
1332791913674501,0,0.0,0
1333524116222277,0,0.0,0
1334699827231973,0,0.0,0
1339143978699421,0,0.0,0
1343690676812139,0,1.0,1
1344064965772252,0,0.0,0
1344431003267084,0,0.0,0
1344694860069989,0,0.0,0
1345594929265956,0,0.0,0
1345629461976662,0,0.0,0
1346537580497914,0,0.0,0
1347204784566487,0,0.0,0
1347845048984435,0,0.0,0
1348094782222541,0,0.0,0
1349738889386312,0,0.0,0
1349804955836022,0,0.0,0
1349809309482200,0,0.0,0
1350142339950298,0,0.0,0
1352736055092759,0,0.0,0
1352851825598660,0,0.0,0
1353570482565004,0,0.0,0
1354313830184945,0,0.0,0
1354947735445415,0,0.0,0
1355934522691748,0,0.0,0
1356152325193038,0,0.0,0
1357635137245908,0,0.0,0
1358281706211753,0,0.0,0
1358601455200311,0,0.0,0
1359132087010443,0,0.0,0
1359242867292678,0,0.0,0
1359953583325943,0,0.0,0
1359977502375623,0,0.0,0
1360140945620281,0,0.0,0
1360141526074187,0,0.0,0
1360146117831215,0,0.0,0
1360149090775845,0,0.0,0
1361049580843840,0,0.0,0
1361698970760917,0,0.0,0
1361970140020905,0,0.0,0
1362302962394262,0,0.0,0
1362897556011276,0,0.0,0
1362905801949328,0,0.0,0
1362906259848618,0,0.0,0
1362936630625155,0,0.0,0
1362939675466382,1,1.0,1
1363263008389115,0,0.0,0
1363263746679063,0,0.0,0
1363681725293201,0,0.0,0
1364186612738148,0,0.0,0
1365949862541375,0,0.0,0
1366269896687396,0,0.0,0
1366917023564214,0,0.0,0
1368007366046535,0,0.0,0
1368112760140772,0,0.0,0
1368485033966302,0,0.0,0
1369256330311742,0,0.0,0
1369321791152164,0,0.0,0
1370246099862519,0,0.0,0
1370247367908764,0,0.0,0
1371126965558457,0,0.0,0
1371466940306253,0,0.0,0
1371467300015927,0,0.0,0
1371595540437107,0,0.0,0
1371720556857146,0,0.0,0
1372047897074755,0,0.0,0
1372952861699109,0,0.0,0
1375429288823906,0,0.0,0
1376507798674920,0,0.0,0
1378412257326207,0,0.0,0
1378736089856306,0,0.0,0
1379735585694955,0,0.0,0
1382172226372814,0,1.0,1
1383022172560818,1,1.0,1
1383072557752788,0,0.0,0
1383409463126866,0,0.0,0
1383646571715236,0,0.0,0
1384903312897270,0,0.0,0
1384953116255071,0,0.0,0
1385441539744885,0,0.0,0
1385684363662253,0,0.0,0
1386031940372888,0,0.0,0
1387724471783628,0,0.0,0
1388441959921739,0,0.0,0
1393709526950015,0,0.0,0
1393993595542978,0,0.0,0
1394363065150496,0,0.0,0
1394659099403723,0,0.0,0
1394874892887358,0,0.0,0
1396020418705551,0,0.0,0
1396706645758275,0,0.0,0
1396830535564395,1,1.0,1
1397140818235722,0,0.0,0
1397143172436547,0,0.0,0
1397171586043351,0,0.0,0
1397208461180969,0,0.0,0
1397944351047817,0,0.0,0
1400235231852827,0,0.0,0
1400246837072807,0,0.0,0
1400253386150983,0,0.0,0
1400378035571211,0,0.0,0
1400416386239953,0,0.0,0
1400424384737486,1,1.0,1
1400730682867540,0,0.0,0
1400994754121898,0,0.0,0
1400998353480308,0,0.0,0
1401193829517432,0,0.0,0
1402488078404236,0,0.0,0
1402531125787838,0,0.0,0
1402541375756226,0,0.0,0
1403582207108227,0,0.0,0
1404035238181146,0,0.0,0
1404038496691853,0,0.0,0
1404039330630516,0,0.0,0
1404117340507468,0,0.0,0
1404195448688362,0,0.0,0
1404221957185434,0,0.0,0
1404354044735165,0,0.0,0
1404948898883218,0,0.0,0
1405525298736871,0,0.0,0
1405581045162498,0,0.0,0
1405822963483406,0,0.0,0
1405914551745686,0,0.0,0
1406260107063422,0,0.0,0
1406561945185711,0,0.0,0
1406788370859797,0,0.0,0
1128506329171046,0,0.0,0
1128680424687998,0,0.0,0
1128845229652670,0,0.0,0
1129172897572278,0,0.0,0
1130452372138684,0,0.0,0
1131030491284577,0,0.0,0
1131032942697956,0,0.0,0
1132184899798867,0,0.0,0
1132765814468868,0,0.0,0
1133850659226695,0,0.0,0
1133963663388359,0,0.0,0
1134091972153699,0,0.0,0
1134205128573690,0,0.0,0
1134723166733793,0,0.0,0
1134971270725974,0,0.0,0
1134974524098647,0,0.0,0
1140093452613738,0,0.0,0
1140510652933243,0,0.0,0
1140933393149712,0,0.0,0
1142963319595237,0,0.0,0
1143285973176746,0,0.0,0
1143692059792479,0,0.0,0
1144517942450863,0,0.0,0
1145643341695775,0,0.0,0
1150210087181965,0,0.0,0
1151871198433279,0,0.0,0
1152815330455189,1,1.0,1
1152821381658655,1,1.0,1
1152851089490487,0,0.0,0
1153798673329596,0,0.0,0
1155477154432942,0,0.0,0
1155552101360971,0,0.0,0
1155669727147212,0,1.0,1
1158482366261103,0,0.0,0
1158599138222242,0,0.0,0
1158602683517296,0,0.0,0
1158896190486571,0,0.0,0
1158952470755664,0,0.0,0
1159138525735357,0,0.0,0
1160565619384369,0,0.0,0
1160704431234269,0,0.0,0
1162962947183756,0,0.0,0
1163535276006323,0,0.0,0
1164000931969980,0,0.0,0
1164003385458250,0,0.0,0
1164091038219766,0,0.0,0
1164281409543409,0,0.0,0
1165652089794958,0,0.0,0
1165868923602220,0,0.0,0
1166533407959682,0,0.0,0
1166538434438864,0,0.0,0
1166657380835543,0,0.0,0
1167281475810248,0,0.0,0
1169014562425205,0,0.0,0
1171950893516251,0,0.0,0
1171967899519471,0,0.0,0
1172568853112877,0,0.0,0
1173641656611083,0,0.0,0
1174280366801175,0,0.0,0
1175324734798375,0,0.0,0
1175356005563688,0,0.0,0
1179362962310250,0,0.0,0
1179524903179617,0,0.0,0
1181660633439777,0,0.0,0
1182120146687996,0,0.0,0
1184097184400675,0,0.0,0
1184944738776425,0,0.0,0
1185926550484409,0,0.0,0
1191611720044709,0,0.0,0
1191969387389884,0,0.0,0
1193069792684832,0,0.0,0
1193070050955985,0,0.0,0
1193236713437128,0,0.0,0
1194664754190330,0,0.0,0
1194985220364392,0,0.0,0
1195350508688536,0,0.0,0
1195506473811036,0,0.0,0
1195605968319967,0,0.0,0
1196426765292999,0,0.0,0
1196575204621915,0,0.0,0
1196686896564596,0,0.0,0
1198279986492743,0,0.0,0
1198854156929122,1,1.0,1
1199499255840104,0,0.0,0
1201189066506125,0,0.0,0
1203915881973965,0,0.0,0
1204198746729172,0,0.0,0
1205038076759534,0,0.0,0
1205993735347747,0,0.0,0
1206221794367251,0,0.0,0
1206311110725665,0,0.0,0
1207061073650534,0,0.0,0
1207418916693260,0,0.0,0
1207423668875103,0,0.0,0
1208524954235473,0,0.0,0
1208828703221093,0,0.0,0
1209515495817077,0,0.0,0
1210392781343302,0,0.0,0
1210518859231902,0,0.0,0
1211545107926389,0,0.0,0
1211571940227216,0,0.0,0
1212072071675087,0,0.0,0
1212695633111810,0,0.0,0
1212697672726182,0,0.0,0
1213032053082184,0,0.0,0
1213089157426282,0,0.0,0
1213218330047544,0,0.0,0
1213219378345380,0,0.0,0
1214805714582053,0,0.0,0
1215179674024419,0,0.0,0
1215355894493825,0,0.0,0
1215403036478553,0,0.0,0
1216189058823286,0,0.0,0
1218585676630494,0,0.0,0
1220502466033436,0,0.0,0
1221630329259018,0,0.0,0
1221749224153233,0,0.0,0
1222180077314309,0,0.0,0
1222652560068407,0,0.0,0
1222847974603933,0,0.0,0
1223442828018663,1,1.0,1
1226227103646557,0,0.0,0
1226505140689371,0,0.0,0
1227378215445774,0,0.0,0
1227862411428280,0,0.0,0
1228569306117455,0,0.0,0
1232268638327839,0,0.0,0
1232751158126948,0,0.0,0
1232841878054124,0,0.0,0
1234333981217816,0,0.0,0
1235603854013071,0,0.0,0
1236472756197899,0,0.0,0
1236504599738628,0,0.0,0
1237247165209720,0,0.0,0
1240419625692822,1,1.0,1
1240534732946849,0,0.0,0
1240538441137086,0,0.0,0
1240623925050842,0,0.0,0
1240630044256358,0,0.0,0
1242747713221773,0,0.0,0
1243331486276415,0,0.0,0
1243631118040425,0,0.0,0
1243973354603058,0,0.0,0
1247362316112823,0,0.0,0
1248763001312601,0,0.0,0
1250755087383232,0,0.0,0
1254192463594636,0,0.0,0
1258442504898755,0,0.0,0
1258568106009514,0,0.0,0
1259073817959317,0,0.0,0
1259562235128492,0,0.0,0
1260032618078185,0,0.0,0
1260037288438054,0,0.0,0
1260317833177867,0,0.0,0
1261217186679718,0,0.0,0
1262197983278377,0,0.0,0
1262549384484198,0,0.0,0
1263407113150713,0,0.0,0
1267372545956698,0,0.0,0
1267404266116279,0,0.0,0
1268739383399747,0,0.0,0
1269481235318569,0,0.0,0
1269484153410282,0,0.0,0
1270246051692572,0,0.0,0
1270286949701944,0,0.0,0
1271367495039941,0,0.0,0
1271682882412823,0,0.0,0
1272175525941360,1,1.0,1
1272886956334247,0,0.0,0
1273119847768696,0,0.0,0
1273123432541228,0,0.0,0
1273123814563446,0,0.0,0
1273644273556352,0,0.0,0
1273646077049690,0,0.0,0
1273720577472196,0,0.0,0
1274903139011526,0,0.0,0
1275721530673690,0,0.0,0
1275996927913559,0,0.0,0
1276580336840975,0,0.0,0
1277561455435301,0,0.0,0
1277746360026444,0,0.0,0
1278243672302942,0,0.0,0
1278635741420136,0,0.0,0
1279919744646159,0,0.0,0
1281385648396421,0,0.0,0
1281491357841144,0,0.0,0
1281527813789855,0,0.0,0
1282936549129131,0,0.0,0
1282940322826451,0,0.0,0
1283710602541786,0,0.0,0
1283898256869796,0,0.0,0
1287946369140170,0,0.0,0
1290644735192806,0,0.0,0
1291417478165039,0,0.0,0
1291738655880061,0,0.0,0
1293954230850225,0,0.0,0
1294134725971275,0,0.0,0
1294450505642722,0,0.0,0
1296445869364440,0,0.0,0
1297390343848828,0,0.0,0
1297780770979671,0,0.0,0
1300277448141286,0,0.0,0
1301215610590584,0,0.0,0
1301884556102569,0,0.0,0
1302591052434713,0,0.0,0
1303774840875875,0,0.0,0
1303776819186014,0,0.0,0
1303973054025305,0,0.0,0
1304179433120250,0,0.0,0
1304183815651412,0,0.0,0
1304918186464404,0,0.0,0
1305745401105564,0,0.0,0
1305850850111194,0,0.0,0
1305860804390576,0,0.0,0
1306015838190181,0,0.0,0
1307034157989724,0,0.0,0
1307128616997079,0,0.0,0
1308645935994286,0,0.0,0
1309089363790679,0,0.0,0
1309215713148591,0,0.0,0
1309407592648917,0,0.0,0
1309655323052229,0,0.0,0
1309872573715221,0,0.0,0
1310046735305442,0,0.0,0
1310056078895226,0,0.0,0
1310156589705633,0,0.0,0
1310221314370772,0,0.0,0
1310617425316877,0,0.0,0
1311443634260454,0,0.0,0
1312196623444545,0,0.0,0
1312543766875551,0,0.0,0
1312544694341140,0,0.0,0
1312840945699875,0,0.0,0
1312848218956703,0,0.0,0
1313203116430028,0,0.0,0
1313273084623095,0,0.0,0
1313278793304665,0,0.0,0
1313338076151418,0,0.0,0
1313345177466987,0,0.0,0
1313349145268785,0,0.0,0
1313349436823559,0,0.0,0
1313378493011652,0,0.0,0
1316472149067059,0,0.0,0
1317308287887338,0,0.0,0
1317602172408222,0,0.0,0
1318410001358451,0,0.0,0
1320357209236094,0,0.0,0
1320479633045231,0,0.0,0
1321774542955320,0,0.0,0
1322255945286702,0,0.0,0
1322934073040798,0,0.0,0
1325734373886664,0,0.0,0
1325738248047605,1,1.0,1
1326466005632852,0,0.0,0
1326534047588308,0,0.0,0
1326659799038413,0,0.0,0
1326973274823467,0,0.0,0
1327560532330002,0,0.0,0
1330028826520986,0,1.0,1
1330033999435471,0,0.0,0
1330082286105263,0,0.0,0
1331340826434846,0,0.0,0
1332193643482709,0,0.0,0
1332748690048085,0,0.0,0
1333468431242776,0,0.0,0
1333592792852339,0,0.0,0
1334860773660343,0,0.0,0
1334982689117750,0,0.0,0
1338534504222638,0,0.0,0
1339267125841125,0,0.0,0
1339985151205183,0,0.0,0
1342733525216774,0,0.0,0
1345403227623512,0,0.0,0
1345901269708452,0,0.0,0
1346737651737843,0,0.0,0
1348501320046376,0,0.0,0
1348507328308045,0,0.0,0
1348564984317957,0,0.0,0
1348778588743939,0,0.0,0
1349952921197805,0,0.0,0
1349953810995748,0,0.0,0
1351404900795907,0,0.0,0
1351889175349720,0,0.0,0
1351939024256858,0,0.0,0
1353866383685804,0,0.0,0
1354642279602198,0,0.0,0
1355009033478703,0,0.0,0
1355921310236795,0,0.0,0
1355922565784133,0,0.0,0
1355922898275414,0,0.0,0
1356421366108256,0,0.0,0
1356974400589546,0,0.0,0
1357043188201725,0,0.0,0
1357668765624259,0,0.0,0
1358559425864812,0,0.0,0
1358604627617776,0,0.0,0
1359035655060635,0,0.0,0
1359443240912047,0,0.0,0
1361509754676206,0,0.0,0
1362837131134269,0,0.0,0
1366175496989883,0,0.0,0
1366347786093065,0,0.0,0
1369756065232595,0,0.0,0
1369757594378308,0,0.0,0
1370629481179674,0,0.0,0
1371054226897953,0,0.0,0
1371054334580484,0,0.0,0
1371133897945643,1,1.0,1
1374087939836653,0,0.0,0
1374128642410951,0,0.0,0
1374353784849576,0,0.0,0
1375213303235112,0,0.0,0
1375638584931997,0,0.0,0
1376138346605824,0,0.0,0
1378146913496520,0,0.0,0
1380296954031547,0,0.0,0
1380716216835290,0,0.0,0
1381671371347363,0,0.0,0
1381741451598129,0,0.0,0
1383058090492151,0,0.0,0
1383292792066069,0,0.0,0
1385881585563947,0,0.0,0
1386596063209863,0,0.0,0
1386716237583201,0,0.0,0
1386907771350830,0,0.0,0
1387051882406245,0,0.0,0
1387161377586891,1,1.0,1
1387596558717534,0,0.0,0
1389469959704388,0,0.0,0
1389965507972796,0,0.0,0
1390098965822230,0,0.0,0
1390407173201182,0,0.0,0
1390550724746780,0,0.0,0
1391221447760374,0,0.0,0
1391443587089292,0,0.0,0
1391844479746657,0,0.0,0
1392169306520206,0,0.0,0
1392173225594077,0,0.0,0
1392206427312700,0,0.0,0
1392286813322555,0,0.0,0
1392292711039452,0,0.0,0
1392904491473094,0,0.0,0
1393108079533000,0,0.0,0
1393400939176179,0,0.0,0
1393654733061857,0,0.0,0
1394020188607824,0,0.0,0
1395944978350078,0,0.0,0
1398136512431836,0,0.0,0
1399264789074025,0,0.0,0
1399543823365169,0,0.0,0
1400933832756682,0,0.0,0
1401172101594957,0,0.0,0
1402776617864685,0,0.0,0
1403227173435958,0,0.0,0
1403967553606302,1,1.0,1
1404445475291943,0,0.0,0
1404792958413636,0,0.0,0
1404796725648991,0,0.0,0
1405866308315240,0,0.0,0
1406439343965615,0,0.0,0
1406961881258770,0,0.0,0
1128073735787321,0,0.0,0
1133092966910851,0,0.0,0
1135740236037371,0,0.0,0
1136941354769319,0,0.0,0
1139584914579713,0,0.0,0
1139591729269822,0,0.0,0
1140068176891188,0,0.0,0
1140643988100569,0,0.0,0
1142038371479258,0,0.0,0
1143133885449823,0,0.0,0
1143743726990373,0,0.0,0
1145949160645391,0,0.0,0
1146006246748042,0,0.0,0
1146537970808324,0,0.0,0
1147172893276304,0,0.0,0
1149529304723488,0,0.0,0
1149711941061789,0,0.0,0
1151954597127763,0,0.0,0
1152173132551301,0,0.0,0
1152174780387333,0,0.0,0
1152377862336883,0,0.0,0
1152816358708846,0,0.0,0
1153090739970311,0,0.0,0
1153478392654011,0,0.0,0
1153697301904518,0,0.0,0
1158177108004466,0,0.0,0
1159187680535810,0,0.0,0
1159528638287454,0,0.0,0
1162652772626143,0,0.0,0
1163431691839249,0,0.0,0
1163724363561162,0,0.0,0
1164888282881505,0,0.0,0
1166932866019488,0,0.0,0
1167769631769211,0,0.0,0
1167994896107544,0,0.0,0
1169377813875092,0,0.0,0
1169411420374192,0,0.0,0
1169413237838612,0,0.0,0
1169811921558432,0,0.0,0
1169819866853059,0,0.0,0
1170135568992198,0,0.0,0
1170822963375537,0,0.0,0
1170953166642223,0,0.0,0
1172259588617541,1,1.0,1
1172732688459130,0,0.0,0
1176514071253205,0,0.0,0
1176631803713036,0,0.0,0
1177480547874875,0,0.0,0
1177562402067112,0,0.0,0
1177613029849864,0,0.0,0
1177907632785645,0,0.0,0
1178195125366250,0,0.0,0
1178515560521589,0,0.0,0
1178571326451842,0,0.0,0
1178930587699474,0,0.0,0
1179114302179365,0,0.0,0
1179217810733987,0,0.0,0
1179374674071290,0,0.0,0
1179379054663704,0,0.0,0
1179624872844519,0,0.0,0
1180445139432964,0,0.0,0
1181594994120356,0,0.0,0
1184049525130834,0,0.0,0
1184123102205526,0,0.0,0
1184124819067119,0,0.0,0
1184583773915879,0,0.0,0
1184666517990100,0,0.0,0
1185126260406058,0,0.0,0
1185276765264539,0,0.0,0
1185548518954581,0,0.0,0
1186903934838882,0,0.0,0
1189434168197066,0,0.0,0
1189597789710066,0,0.0,0
1190674041549055,0,0.0,0
1190891988768626,0,0.0,0
1191154787526046,0,0.0,0
1192643297745629,0,0.0,0
1195402677994747,0,0.0,0
1197913037817459,0,0.0,0
1198159150628837,0,0.0,0
1198674580274379,0,0.0,0
1200874438164368,0,0.0,0
1203639573179938,0,0.0,0
1204060479138888,0,0.0,0
1204398081896231,0,0.0,0
1206186335283887,0,0.0,0
1206187017423360,0,0.0,0
1207247062807268,0,0.0,0
1209297663769555,0,0.0,0
1211201270984901,0,0.0,0
1211410513095667,0,0.0,0
1213003537212192,1,1.0,1
1213006281388399,0,0.0,0
1214340673857125,0,0.0,0
1215296038284799,0,0.0,0
1215655922271066,0,0.0,0
1215788666843482,1,1.0,1
1216648821163009,0,0.0,0
1217734884536693,0,0.0,0
1219386883296426,0,0.0,0
1219721843103843,0,0.0,0
1220089384811218,0,0.0,0
1220986327912940,0,0.0,0
1220995587093234,0,0.0,0
1222100881002269,0,0.0,0
1222190904861678,0,0.0,0
1222362014595115,0,0.0,0
1222823353861616,0,0.0,0
1223240832534489,0,0.0,0
1223905269804500,0,0.0,0
1224404984687661,0,0.0,0
1226318363903567,0,0.0,0
1227609539072103,0,0.0,0
1227647023432352,0,0.0,0
1228899188760651,0,0.0,0
1231032676682002,0,0.0,0
1232144958751831,0,0.0,0
1232148772527209,0,0.0,0
1232591674856180,0,0.0,0
1232686556121390,0,0.0,0
1235480386008492,0,0.0,0
1235858718802448,0,0.0,0
1236362963026988,0,0.0,0
1237318894907380,0,0.0,0
1237843376335448,0,0.0,0
1238152491514768,0,0.0,0
1238195806891391,0,0.0,0
1238249492218307,0,0.0,0
1238254902088973,0,0.0,0
1238702007126300,0,0.0,0
1238796704756290,0,0.0,0
1239456006857310,0,0.0,0
1241032555482520,0,0.0,0
1241791249355242,0,0.0,0
1243133736516515,0,0.0,0
1243685305599144,0,0.0,0
1245443366625529,0,0.0,0
1245448753433845,0,0.0,0
1245830034880065,0,0.0,0
1247104798303307,0,0.0,0
1248196610235424,0,0.0,0
1249249721914080,0,0.0,0
1249753688084662,0,0.0,0
1250079912913102,0,0.0,0
1252756525386658,0,0.0,0
1253508550444998,0,0.0,0
1253888116562322,0,0.0,0
1253891766295085,0,0.0,0
1254290881317315,1,1.0,1
1258202152603783,0,0.0,0
1258203728415144,0,0.0,0
1258467693388044,0,0.0,0
1258648436498821,0,0.0,0
1259554520146610,0,0.0,0
1260598077000813,0,0.0,0
1261909427938532,0,0.0,0
1262010207767119,0,0.0,0
1262682132176769,0,0.0,0
1265093105924254,0,0.0,0
1265097989780369,0,0.0,0
1265741836605391,0,0.0,0
1268020984497286,0,0.0,0
1268316610089084,0,0.0,0
1268463732351940,0,0.0,0
1268855497803567,0,0.0,0
1271953228569806,1,1.0,1
1272545309691947,0,0.0,0
1273558044651960,0,0.0,0
1274637461018406,0,0.0,0
1274910027470104,0,0.0,0
1275096529629835,0,0.0,0
1275971061379936,0,0.0,0
1277216344331437,1,1.0,1
1277634817007450,0,0.0,0
1279528523343585,0,0.0,0
1280784736607736,0,0.0,0
1281735064545925,0,0.0,0
1283065379850155,0,0.0,0
1283070856974863,0,0.0,0
1283555567961132,0,0.0,0
1286698234864719,0,0.0,0
1286825445800986,0,0.0,0
1287695135903231,0,0.0,0
1288698824583817,0,0.0,0
1288754481737410,0,0.0,0
1291827348310746,0,0.0,0
1291840090851817,0,0.0,0
1291924413317196,0,0.0,0
1292503698438516,0,0.0,0
1292508788378532,0,0.0,0
1292680391562080,0,0.0,0
1293184397088999,0,0.0,0
1293631340663317,0,0.0,0
1294308301754864,0,0.0,0
1295500284834736,0,0.0,0
1295727554373093,0,0.0,0
1296184732971347,0,0.0,0
1296989187060842,0,0.0,0
1297274037355709,0,0.0,0
1297678683409799,0,0.0,0
1297953995314528,0,0.0,0
1299481865746324,0,0.0,0
1299685428451857,0,0.0,0
1299687836048473,0,0.0,0
1300162924703612,0,0.0,0
1300345554433032,0,0.0,0
1301030748057074,0,0.0,0
1301034076587185,0,0.0,0
1301741712510261,0,0.0,0
1302677564146593,0,0.0,0
1308649611706499,0,0.0,0
1308650554844007,0,0.0,0
1309772419684219,0,0.0,0
1310400501671442,0,0.0,0
1311997098307651,0,0.0,0
1312284228027010,0,0.0,0
1313213059895801,1,1.0,1
1313531925463138,0,1.0,1
1313978889955051,0,0.0,0
1315536428280280,0,0.0,0
1315537512031382,0,0.0,0
1315540766094724,0,0.0,0
1315541973677339,0,0.0,0
1316877528464080,0,0.0,0
1318161220257006,0,0.0,0
1318764317473242,0,0.0,0
1319727166547915,0,0.0,0
1319944074930464,0,0.0,0
1320912027888934,1,1.0,1
1321160627447887,0,0.0,0
1321208788362903,0,1.0,1
1321896997693215,0,0.0,0
1322000400017761,0,0.0,0
1322057521628985,0,0.0,0
1322201112464903,0,0.0,0
1325549200087863,0,0.0,0
1327612567482705,0,0.0,0
1328769031672063,0,0.0,0
1329704848075252,0,0.0,0
1332914407210549,0,0.0,0
1332966685170933,0,0.0,0
1335375685555227,0,0.0,0
1335417185398353,0,0.0,0
1335951701595751,0,0.0,0
1336263520641580,0,0.0,0
1337046172567258,0,0.0,0
1337080678385989,0,0.0,0
1337211607338585,0,0.0,0
1337212184211579,0,0.0,0
1338118672749735,0,0.0,0
1338125213859825,0,0.0,0
1338128427934901,0,0.0,0
1339141439486662,0,0.0,0
1340040595621802,0,1.0,1
1340843715492845,0,0.0,0
1341216905703539,0,0.0,0
1341221228697479,0,0.0,0
1348049968830199,0,0.0,0
1348056354423741,0,0.0,0
1348582321599934,0,0.0,0
1348762084116161,0,0.0,0
1349595644032434,0,0.0,0
1350475193436900,0,0.0,0
1350778591461036,0,0.0,0
1350853609017480,0,0.0,0
1350863620282387,0,0.0,0
1351033231898809,0,0.0,0
1351259078040715,0,0.0,0
1354397672397947,0,0.0,0
1354398734817339,0,0.0,0
1354488532092314,0,0.0,0
1355043061383439,0,0.0,0
1355493253144579,0,0.0,0
1355925983510526,0,0.0,0
1356015408948360,0,0.0,0
1357760530436689,0,0.0,0
1358483332171836,0,0.0,0
1361472426965730,0,0.0,0
1363604251307684,0,0.0,0
1363606558080261,0,0.0,0
1364163678130567,0,0.0,0
1364177905771222,0,0.0,0
1367360515779500,0,0.0,0
1368466859630401,1,1.0,1
1368468797312110,0,0.0,0
1369018501466871,0,0.0,0
1370862329479478,0,0.0,0
1370895665080012,0,0.0,0
1372663550756956,0,0.0,0
1375105943190283,0,0.0,0
1379004475902655,0,1.0,1
1379006207457406,1,1.0,1
1379938854533073,0,0.0,0
1380414579383651,0,0.0,0
1381490501597484,0,0.0,0
1382370157305157,0,0.0,0
1382411536591173,0,0.0,0
1384060495161735,0,0.0,0
1384688756922581,0,0.0,0
1385437599482012,0,0.0,0
1385913230388827,0,0.0,0
1388885759529156,0,0.0,0
1389515124468354,0,0.0,0
1389725565554366,1,1.0,1
1390133054365476,0,0.0,0
1390140212074388,0,0.0,0
1390558008180202,0,0.0,0
1391010469466237,0,0.0,0
1391861567307032,0,0.0,0
1392161581714248,0,0.0,0
1392645587843567,0,0.0,0
1392857044776759,0,0.0,0
1393132925360523,0,0.0,0
1393369645631277,0,0.0,0
1393371820106909,0,0.0,0
1394910677638456,0,0.0,0
1395027124515823,0,0.0,0
1395805487229803,0,0.0,0
1395922871673065,0,0.0,0
1395928204694530,0,0.0,0
1396089284860511,0,0.0,0
1396498382305418,0,0.0,0
1397725009413315,0,0.0,0
1398287562762473,0,0.0,0
1399201133610399,0,0.0,0
1401316941912002,0,0.0,0
1403461780727884,0,0.0,0
1403489050339506,0,1.0,1
1405283297501215,0,0.0,0
1405428851914899,0,0.0,0
1406442001928737,0,0.0,0
1406674046653667,0,0.0,0
1126482522643997,0,0.0,0
1127552264131185,0,0.0,0
1128931006074380,0,0.0,0
1128968993928618,0,0.0,0
1130466148493638,0,0.0,0
1133035232256278,1,1.0,1
1138920454725521,0,0.0,0
1141540499779523,0,0.0,0
1142040977264066,0,0.0,0
1142044091202628,0,0.0,0
1143816028598896,0,0.0,0
1144169788033129,0,0.0,0
1144709159706828,0,0.0,0
1145027234328017,0,0.0,0
1145083218251999,0,0.0,0
1145306866842900,0,0.0,0
1145711746583095,0,0.0,0
1146854935265588,0,0.0,0
1147049522927609,0,0.0,0
1147984918204565,0,0.0,0
1148226556938922,0,0.0,0
1149198798514567,0,0.0,0
1149236081054919,0,0.0,0
1151214881014336,0,0.0,0
1151953562003511,0,0.0,0
1152268640882491,0,0.0,0
1153192611331937,0,0.0,0
1153436060148258,0,0.0,0
1153703111983013,0,0.0,0
1154779530741361,0,0.0,0
1155254341604395,0,0.0,0
1155254800826895,0,0.0,0
1155473986976097,0,0.0,0
1156184648937515,0,0.0,0
1161510270647242,0,0.0,0
1163560455194672,0,1.0,1
1165106456227329,0,0.0,0
1165421371194005,0,0.0,0
1166833050032411,0,0.0,0
1167387170538474,0,0.0,0
1167421489471841,0,0.0,0
1168823756770208,0,0.0,0
1169448467186191,0,0.0,0
1169638003114786,0,0.0,0
1169638888551414,0,0.0,0
1169959513078592,0,0.0,0
1170390131341244,0,0.0,0
1170599111986180,0,0.0,0
1171610210717901,0,0.0,0
1172909743678754,1,1.0,1
1174035512824196,0,0.0,0
1174949076599226,0,0.0,0
1175828653907251,0,0.0,0
1176138795563701,1,1.0,1
1177318060075449,0,0.0,0
1178114306441470,0,0.0,0
1178408950374422,0,0.0,0
1179642022006512,0,0.0,0
1179900668355349,0,0.0,0
1180069907795832,0,0.0,0
1180487336448555,0,0.0,0
1182179288027926,0,0.0,0
1182278389166251,0,0.0,0
1187074353103060,0,0.0,0
1187168726095200,0,0.0,0
1188047345724667,0,0.0,0
1188626842168854,0,0.0,0
1189264860973105,0,0.0,0
1189996071512848,0,0.0,0
1190941631488240,0,0.0,0
1191307656568246,0,0.0,0
1192347170975166,0,0.0,0
1192624288701662,0,0.0,0
1193924654167476,0,0.0,0
1194570695511707,0,0.0,0
1194577463439151,0,0.0,0
1195255308506652,0,0.0,0
1195758219129611,0,0.0,0
1196747244368619,0,0.0,0
1407422223901934,0,0.0,0
1407487185953215,0,0.0,0
1407923104840320,0,0.0,0
1408185892181953,0,0.0,0
1408219478815592,0,0.0,0
1408288634661194,0,0.0,0
1410436736452736,0,1.0,1
1411070977621874,0,0.0,0
1411653216005180,1,1.0,1
1412205251071389,0,0.0,0
1412491278613994,0,0.0,0
1412496419310645,0,0.0,0
1413361041688752,0,0.0,0
1414017224212393,0,0.0,0
1414983058457946,0,0.0,0
1415492500597381,0,0.0,0
1417150448568726,0,0.0,0
1417504659572250,0,0.0,0
1418455188132692,0,0.0,0
1420984441950092,0,0.0,0
1421215622295110,0,1.0,1
1422909330617351,0,0.0,0
1423277034204515,0,0.0,0
1424091014869819,0,0.0,0
1424981528534973,0,0.0,0
1426921122944922,0,0.0,0
1426979989940313,0,0.0,0
1427084490678632,0,0.0,0
1427686141035751,0,0.0,0
1428377899930520,0,0.0,0
1428383364827952,1,1.0,1
1428616205147971,0,0.0,0
1428629253619010,0,0.0,0
1429262438706557,0,0.0,0
1430200231992560,0,0.0,0
1431709040207651,0,0.0,0
1432586532482605,0,0.0,0
1432588075140841,0,0.0,0
1432679698704268,0,0.0,0
1432799148937994,0,0.0,0
1432857656793160,0,0.0,0
1433404150498477,0,0.0,0
1434224047976977,0,0.0,0
1434518058796365,0,0.0,0
1435197936718229,0,0.0,0
1435403468409335,0,0.0,0
1435725231475526,0,0.0,0
1436213551009816,0,0.0,0
1436437528838769,0,0.0,0
1437754377547843,0,0.0,0
1438108242460471,0,0.0,0
1438172097895597,0,0.0,0
1443663045705588,0,0.0,0
1446076666005274,0,0.0,0
1446697727781571,0,0.0,0
1447054170968281,0,0.0,0
1448115000058342,0,0.0,0
1449689194925690,0,0.0,0
1449989156147282,0,0.0,0
1451624757827975,0,0.0,0
1452088688460038,0,0.0,0
1452137605480556,0,0.0,0
1456232070444044,0,0.0,0
1456866062838132,0,0.0,0
1458804293213369,0,0.0,0
1458940161873054,0,0.0,0
1459329065377214,0,0.0,0
1460006530229484,0,0.0,0
1463416355647554,0,0.0,0
1463421358936729,0,0.0,0
1463968615558205,0,0.0,0
1464706396103127,0,0.0,0
1465739492707110,0,0.0,0
1466519978715555,1,1.0,1
1466832033102571,0,0.0,0
1466832952360000,0,0.0,0
1467084630053788,0,0.0,0
1469824574234952,0,0.0,0
1470379099756193,0,0.0,0
1470441421267126,0,0.0,0
1470923796038992,0,0.0,0
1472519618931103,0,0.0,0
1472716131412654,0,0.0,0
1472756739519130,0,0.0,0
1473187302436818,0,0.0,0
1475093610650658,0,0.0,0
1475432409073247,0,0.0,0
1475545225442963,0,0.0,0
1476324165945908,0,0.0,0
1476486520641887,0,0.0,0
1477668052378836,0,0.0,0
1477673712508104,0,0.0,0
1478521763675913,0,0.0,0
1478708588706021,0,0.0,0
1478887832043789,0,0.0,0
1479398603377459,0,0.0,0
1480914902635198,0,0.0,0
1480949277120689,0,0.0,0
1481144915160239,0,0.0,0
1483339114288264,0,0.0,0
1483520924133384,0,0.0,0
1483555459184453,0,0.0,0
1484046842478070,0,0.0,0
1485526096541797,0,0.0,0
1485643024573867,0,0.0,0
1485827775769736,0,0.0,0
1485829949394696,0,0.0,0
1485892467021623,0,0.0,0
1486126410175278,0,0.0,0
1486131121623402,0,0.0,0
1486338037522367,0,0.0,0
1486765178478055,0,0.0,0
1487677797494455,0,0.0,0
1487685064773090,0,0.0,0
1488526366866901,0,0.0,0
1488675719533284,0,0.0,0
1489607658498514,0,0.0,0
1489889299582287,0,0.0,0
1489893678096421,0,0.0,0
1490025728944120,0,0.0,0
1490413067955856,0,0.0,0
1492175097469574,0,0.0,0
1494111898975265,0,0.0,0
1494249367281599,0,0.0,0
1494250607532916,0,0.0,0
1494378392538938,0,0.0,0
1494466407420764,0,0.0,0
1495222658760086,0,0.0,0
1496728356253899,0,0.0,0
1499137796392289,0,0.0,0
1499691597206609,0,0.0,0
1499789640162862,0,0.0,0
1500672501683202,0,0.0,0
1502400390493198,0,0.0,0
1502483979493777,0,0.0,0
1504941737947291,0,1.0,1
1506167152610174,0,0.0,0
1506491657483975,0,0.0,0
1506927496928157,0,0.0,0
1507225744660559,0,0.0,0
1507253605474774,0,0.0,0
1507325148980840,0,0.0,0
1507388328417329,0,0.0,0
1507615868495654,0,0.0,0
1508445441059400,0,0.0,0
1508657181575286,0,0.0,0
1509025833279057,0,0.0,0
1509589704164737,0,0.0,0
1509659529446979,0,0.0,0
1509859522461293,0,0.0,0
1510235561714430,0,0.0,0
1510239454473508,0,0.0,0
1510484950660695,0,0.0,0
1511915169429902,0,0.0,0
1513420609309634,0,0.0,0
1513422812264596,0,0.0,0
1517177981263219,0,0.0,0
1517416358138266,0,0.0,0
1517417090125497,0,0.0,0
1518044493432359,0,0.0,0
1518397287930627,0,0.0,0
1520100789172867,0,0.0,0
1523073118425770,0,0.0,0
1523123799918016,0,0.0,0
1523848685801611,0,0.0,0
1524868189617220,0,0.0,0
1524927028274596,0,0.0,0
1524993432032970,0,0.0,0
1527414781402189,0,0.0,0
1527523499636148,0,0.0,0
1527576415123451,0,0.0,0
1527746677725071,0,0.0,0
1529659414510298,0,0.0,0
1531319108797955,0,0.0,0
1532076149581958,0,0.0,0
1532485132228033,0,0.0,0
1532550070350805,0,0.0,0
1533689089726562,0,0.0,0
1534310333879403,0,0.0,0
1534642900468416,0,0.0,0
1535549460120979,0,0.0,0
1535980175681710,0,0.0,0
1536405336241450,0,0.0,0
1536410799879543,0,0.0,0
1536412777287379,0,0.0,0
1536416934688210,0,0.0,0
1537087023925181,0,0.0,0
1537149815297331,0,0.0,0
1540423728512092,0,0.0,0
1541292771584299,0,0.0,0
1541350229503210,0,0.0,0
1545687696866843,0,0.0,0
1545967658632721,0,0.0,0
1546454077970976,0,0.0,0
1546926684287119,0,1.0,1
1547095490859881,0,0.0,0
1547430191583953,0,0.0,0
1548127285053306,0,0.0,0
1548964990467767,0,0.0,0
1549043003382469,0,0.0,0
1549243242886893,0,0.0,0
1550033635675913,0,1.0,1
1550116924502265,0,0.0,0
1551261430877792,0,0.0,0
1552208334565385,0,0.0,0
1553556204754082,0,0.0,0
1553560349561103,0,0.0,0
1555403443091832,0,0.0,0
1555408529652822,0,0.0,0
1555781371614622,0,0.0,0
1556005721736105,0,0.0,0
1556859484289141,0,0.0,0
1557818535315733,0,0.0,0
1558222476672851,0,0.0,0
1559427488202229,0,0.0,0
1559845404452718,0,0.0,0
1562003621029735,0,0.0,0
1564529213266633,0,0.0,0
1564774592654822,0,0.0,0
1566725455691032,0,0.0,0
1567359030755346,0,0.0,0
1568222505733745,0,0.0,0
1569162442533524,0,0.0,0
1569163716114256,0,0.0,0
1569785954610066,0,0.0,0
1573050198379450,0,0.0,0
1573964059583149,0,0.0,0
1574724561348060,0,1.0,1
1575516595932494,0,0.0,0
1575770275039015,0,0.0,0
1575820453413494,0,0.0,0
1576166159091580,0,0.0,0
1576338933521454,0,0.0,0
1576342000240529,0,0.0,0
1576681842656139,0,0.0,0
1577200247294498,0,0.0,0
1577604249020208,0,0.0,0
1577791704360253,0,0.0,0
1579293420411214,0,0.0,0
1579688928617463,0,0.0,0
1579689187308218,0,0.0,0
1580011630078323,0,0.0,0
1580614514384632,0,0.0,0
1580893235214764,0,0.0,0
1580957432716317,0,0.0,0
1582040232194007,0,0.0,0
1582042348444770,0,0.0,0
1582076784400966,0,0.0,0
1582083457344774,0,0.0,0
1582212264871391,0,0.0,0
1582218615041943,0,0.0,0
1582933465955085,0,0.0,0
1584079434999248,0,0.0,0
1584473955991890,0,0.0,0
1584919836209608,0,0.0,0
1585685547573880,0,0.0,0
1586327892132464,0,0.0,0
1587565981302013,0,0.0,0
1588764240282149,0,0.0,0
1588764299904233,0,0.0,0
1589072447195002,0,0.0,0
1589610751969927,0,0.0,0
1590381490554438,0,0.0,0
1590442216867491,0,0.0,0
1591201051484314,0,0.0,0
1591204471454436,0,0.0,0
1592235047100423,1,1.0,1
1593826250790956,0,0.0,0
1594827644066314,0,0.0,0
1595188986186089,0,0.0,0
1595370884615060,1,1.0,1
1595546486295240,0,0.0,0
1595569747836535,0,0.0,0
1596733160546440,0,0.0,0
1597944512837605,0,0.0,0
1598691042035977,0,0.0,0
1599849490166497,0,0.0,0
1600139172605610,0,0.0,0
1600984457469490,0,0.0,0
1601709917005729,0,0.0,0
1601888693091150,0,0.0,0
1602686260577153,0,0.0,0
1604337316794600,0,0.0,0
1605090097984683,0,0.0,0
1606083322854265,0,0.0,0
1606370775277916,0,0.0,0
1606794867176886,0,0.0,0
1606796944802841,0,0.0,0
1610019213701527,0,0.0,0
1610582016718639,0,0.0,0
1610731240889088,0,0.0,0
1610981532625352,0,0.0,0
1611036328342414,0,0.0,0
1611745523471954,0,0.0,0
1612498058948294,0,0.0,0
1612962326155478,0,0.0,0
1613198673828654,0,0.0,0
1613341979184471,0,0.0,0
1614204668724252,0,0.0,0
1614695782026669,0,1.0,1
1614851167079566,0,0.0,0
1615601685788385,0,0.0,0
1615667466315412,0,0.0,0
1616324486344400,0,0.0,0
1616762454260689,0,0.0,0
1617448880304020,0,0.0,0
1617450211970232,0,0.0,0
1617450998693272,0,0.0,0
1618132797055071,1,1.0,1
1619136295846640,1,1.0,1
1620716125212255,0,0.0,0
1620982127047134,0,0.0,0
1621038717333426,0,0.0,0
1622301057465725,0,0.0,0
1622437007207749,0,0.0,0
1624000091438036,0,0.0,0
1624248429741991,0,0.0,0
1624315404253727,0,0.0,0
1624316081381469,1,1.0,1
1625398503332033,0,0.0,0
1627162372383202,0,0.0,0
1628693188732234,0,0.0,0
1630014707140543,1,1.0,1
1636489297276735,0,0.0,0
1636976841950676,0,0.0,0
1637476413086991,0,0.0,0
1637684966962073,0,0.0,0
1638258537056123,0,0.0,0
1638562904659047,0,0.0,0
1638966701171642,0,0.0,0
1639439035521796,0,0.0,0
1640088264039109,0,0.0,0
1641903905501883,0,0.0,0
1643126506792972,0,0.0,0
1643188668870969,0,0.0,0
1643302772347393,0,0.0,0
1643313445641079,0,0.0,0
1643558038943320,0,0.0,0
1644783929918691,0,0.0,0
1645191992207062,0,0.0,0
1645939603516614,0,0.0,0
1647546340770585,0,0.0,0
1650531792549031,0,0.0,0
1652040777433888,0,0.0,0
1653401993365229,0,0.0,0
1653468453170509,0,0.0,0
1654494845542633,0,0.0,0
1656266861039089,0,0.0,0
1656330085833622,0,0.0,0
1656849960310077,0,0.0,0
1657410438313278,0,0.0,0
1658540797445570,0,0.0,0
1658728934064643,0,0.0,0
1659483700365881,0,0.0,0
1659483754338026,0,0.0,0
1659484640565666,0,0.0,0
1659488060800508,0,0.0,0
1662049064836164,0,0.0,0
1662129993550696,0,0.0,0
1664053171759741,0,0.0,0
1664112319152680,0,0.0,0
1664182936720846,0,0.0,0
1664446244911162,0,0.0,0
1664977453968938,0,0.0,0
1665328590118194,0,0.0,0
1665486716704101,0,0.0,0
1665724726814588,0,0.0,0
1666084369117061,0,0.0,0
1666311102882402,0,0.0,0
1666779688997686,0,0.0,0
1667092803627014,0,0.0,0
1668118715818609,0,1.0,1
1668120308221331,1,1.0,1
1668902048978855,0,0.0,0
1672335932868875,0,0.0,0
1672622318805181,1,1.0,1
1673402443633570,0,0.0,0
1674025168677804,0,0.0,0
1675724566679474,0,0.0,0
1677697849978861,0,0.0,0
1679529298152005,0,0.0,0
1679990278597620,0,0.0,0
1680217978708964,0,0.0,0
1680802417697118,0,0.0,0
1680817077175439,0,0.0,0
1680820275650792,0,0.0,0
1680919622249092,0,0.0,0
1683259344219429,0,0.0,0
1683595988993881,0,0.0,0
1684395893489971,0,0.0,0
1685104401892603,0,0.0,0
1686028059534808,0,0.0,0
1687978431894168,0,0.0,0
1408423741871933,0,0.0,0
1408468756324042,0,0.0,0
1409202739318156,0,0.0,0
1410391509178148,0,0.0,0
1411524169173534,0,0.0,0
1413417380750416,0,0.0,0
1413597576276635,0,0.0,0
1413666944976661,0,0.0,0
1414461521905337,0,0.0,0
1415155822656253,0,0.0,0
1415157875718265,0,0.0,0
1415552102914130,0,0.0,0
1415553340220329,0,0.0,0
1415748037185239,0,0.0,0
1415974917175362,0,0.0,0
1415978167440356,0,0.0,0
1415980952551090,0,0.0,0
1417871960494417,0,0.0,0
1419028608205674,0,0.0,0
1419135593312880,0,0.0,0
1419677318124531,0,0.0,0
1420005255850678,0,0.0,0
1422730454134088,0,0.0,0
1423782985307130,0,0.0,0
1424749514377872,0,0.0,0
1426261733903549,0,0.0,0
1426743804796536,0,0.0,0
1429271181185068,0,0.0,0
1431592466392923,0,0.0,0
1432769433364564,0,0.0,0
1434377556640100,0,0.0,0
1435264297320118,0,0.0,0
1436300478089950,0,0.0,0
1436679905006174,0,0.0,0
1437352471742961,0,0.0,0
1437414912163075,0,0.0,0
1437467241939384,0,0.0,0
1437533986668436,0,0.0,0
1438027685166488,0,0.0,0
1438057739072584,1,1.0,1
1438272015738027,0,0.0,0
1439587793079369,0,0.0,0
1440633319835792,0,0.0,0
1444468672170260,0,0.0,0
1447741094930488,0,0.0,0
1448097695002353,0,0.0,0
1449713630421704,0,0.0,0
1449821745935414,0,0.0,0
1450666813664163,0,0.0,0
1450860789089598,0,0.0,0
1451477070586667,0,0.0,0
1451846070152068,0,0.0,0
1453538591924325,0,0.0,0
1454129059397037,0,0.0,0
1454807164169689,0,0.0,0
1454959036659197,0,0.0,0
1456654242372687,0,0.0,0
1457927780064060,0,0.0,0
1457929845217043,0,0.0,0
1458539310371545,0,0.0,0
1458563833380955,0,0.0,0
1458646123498145,0,0.0,0
1459409666582945,0,0.0,0
1459946945084982,0,0.0,0
1460051635737306,0,0.0,0
1461108471893240,0,0.0,0
1461763052282662,0,0.0,0
1462700198056967,0,0.0,0
1463468409078733,0,0.0,0
1463941302961138,0,0.0,0
1464287813368340,0,0.0,0
1465595848095877,0,0.0,0
1466066150012283,0,0.0,0
1468026477950227,0,0.0,0
1468785778674252,0,0.0,0
1469192367890296,0,0.0,0
1469778761069073,0,0.0,0
1469939558175568,0,0.0,0
1471556110786502,0,0.0,0
1471558839807334,0,0.0,0
1473141739371501,0,0.0,0
1473525371883710,0,0.0,0
1473532744929842,0,0.0,0
1474678552064084,0,0.0,0
1475011152524229,0,0.0,0
1475278758561336,0,0.0,0
1475459241221171,0,0.0,0
1476731531309399,0,0.0,0
1476739494367007,0,0.0,0
1478015589767200,0,0.0,0
1480201256134153,0,0.0,0
1480706419040566,0,0.0,0
1480979409391448,0,0.0,0
1481540398864503,0,0.0,0
1482005106883401,0,0.0,0
1483391639544501,0,0.0,0
1485494487404034,0,0.0,0
1486288065841635,0,0.0,0
1486971316696468,1,1.0,1
1488155744156694,0,0.0,0
1489188324078300,0,0.0,0
1490163919106048,0,0.0,0
1490814086068666,0,0.0,0
1491170160172402,0,0.0,0
1491557729966804,0,0.0,0
1493770535724009,0,0.0,0
1494614484768639,0,0.0,0
1494760917322214,0,0.0,0
1494762469388031,0,0.0,0
1495439120745801,0,0.0,0
1496258124980226,0,0.0,0
1496343005102073,0,0.0,0
1497191874808112,0,0.0,0
1497913408115575,0,0.0,0
1501137578063815,0,0.0,0
1504322789519386,0,0.0,0
1506530187608625,0,0.0,0
1506626537411094,0,0.0,0
1506837113103860,0,0.0,0
1511484118640371,0,0.0,0
1513257631038406,0,0.0,0
1513297862327673,0,0.0,0
1513300491012970,0,0.0,0
1513530409951057,0,0.0,0
1513600155949141,0,0.0,0
1514870861932350,0,0.0,0
1515277500458832,0,0.0,0
1518657447602502,0,0.0,0
1519047578861144,0,0.0,0
1519508461715268,0,0.0,0
1521296178060323,0,0.0,0
1522293780594865,0,0.0,0
1522719908261505,0,0.0,0
1523837396224765,0,0.0,0
1524309565901877,0,0.0,0
1524438467831253,0,0.0,0
1524479402515518,0,0.0,0
1524780561566911,0,0.0,0
1524886095867312,0,0.0,0
1524946318926361,0,0.0,0
1526343693919972,0,0.0,0
1527024782213263,0,0.0,0
1527267357062050,0,0.0,0
1528406264751914,0,0.0,0
1528406793552352,0,0.0,0
1528675894990127,0,0.0,0
1529073793450133,0,0.0,0
1530337179100976,0,0.0,0
1531400053359428,0,0.0,0
1532328788576252,0,0.0,0
1532335719173193,0,0.0,0
1532534132539057,0,0.0,0
1532629495176804,0,0.0,0
1533159093877983,0,0.0,0
1533922164625767,0,0.0,0
1534491038164612,0,0.0,0
1534956337636008,0,0.0,0
1535592719790621,0,0.0,0
1535765697548755,0,0.0,0
1536269144428529,0,0.0,0
1538790522699318,0,0.0,0
1540028508865407,0,0.0,0
1542625444505946,0,0.0,0
1542772259889931,0,0.0,0
1542873067615916,0,0.0,0
1543819111419980,0,0.0,0
1543950575325241,0,0.0,0
1544070336591149,0,0.0,0
1544352826120607,0,0.0,0
1544812120216665,0,0.0,0
1544927606647165,0,0.0,0
1544993371614694,0,0.0,0
1544995665453994,0,0.0,0
1545516974502799,0,0.0,0
1547083347351136,0,0.0,0
1547672643063252,0,0.0,0
1547983271655744,0,0.0,0
1549958667402018,0,0.0,0
1551140827866737,0,0.0,0
1551394648433992,0,0.0,0
1551714811362292,0,0.0,0
1551762117418411,0,0.0,0
1551762700185330,0,0.0,0
1554562906931185,0,0.0,0
1555045236716848,0,0.0,0
1555749331151991,0,0.0,0
1557145343608240,0,0.0,0
1558471705064704,1,1.0,1
1558734605510399,0,1.0,1
1559905549580010,0,0.0,0
1560223748609702,0,0.0,0
1560398818819020,0,0.0,0
1562518307326326,0,0.0,0
1566082744963254,0,0.0,0
1566088754357085,0,0.0,0
1566094928939190,0,0.0,0
1566095222588951,0,0.0,0
1566100243089506,0,0.0,0
1566182595254413,0,0.0,0
1567046273786006,0,0.0,0
1567334216566100,0,0.0,0
1567434865362845,0,0.0,0
1568476840293636,0,0.0,0
1569952961168751,0,0.0,0
1569955017280366,0,0.0,0
1570125428809602,0,0.0,0
1570411952574119,0,0.0,0
1570537806206288,0,0.0,0
1570951159403499,0,1.0,1
1572264815321741,0,0.0,0
1572361979803201,0,0.0,0
1573859051410996,0,0.0,0
1573886714899029,0,0.0,0
1574372439316053,1,1.0,1
1574881467021969,0,0.0,0
1575385798089042,0,0.0,0
1577858915253875,0,0.0,0
1578979709696855,0,0.0,0
1579264182836096,0,0.0,0
1579391124621230,0,0.0,0
1579427445614522,0,0.0,0
1582008020563981,0,0.0,0
1582533818129313,0,0.0,0
1583081677240054,0,0.0,0
1583178915901704,0,0.0,0
1583420848706860,0,0.0,0
1583648046659352,0,0.0,0
1584579553189395,0,0.0,0
1585114293844049,0,0.0,0
1585175986504038,0,0.0,0
1585325815535992,0,0.0,0
1585804785875204,0,0.0,0
1586401356380329,0,0.0,0
1586744239970812,0,0.0,0
1589234108676752,0,0.0,0
1590071106932370,0,0.0,0
1590410595192326,0,0.0,0
1592357218140807,0,0.0,0
1592396158485335,0,0.0,0
1592683970765403,0,0.0,0
1593636348238684,0,0.0,0
1594402659210338,0,0.0,0
1594525991562533,0,0.0,0
1594797571043793,0,0.0,0
1596285182915813,1,1.0,1
1600397104543260,0,0.0,0
1600917282067001,0,0.0,0
1602175220529111,0,0.0,0
1602315103707462,0,0.0,0
1602803275333803,0,0.0,0
1603524182863955,0,0.0,0
1603977737062810,0,0.0,0
1603980476000395,0,0.0,0
1604037765793517,0,0.0,0
1604459431473447,0,0.0,0
1604460202508874,0,0.0,0
1604868009881842,0,0.0,0
1605416381666767,0,0.0,0
1606588917941893,0,0.0,0
1607747377648301,0,0.0,0
1607808966129426,0,0.0,0
1607811984784695,0,0.0,0
1608855091461056,0,0.0,0
1609414740776831,0,0.0,0
1609786341506890,0,0.0,0
1610966472976725,0,0.0,0
1611254526035868,0,0.0,0
1611366425782255,0,0.0,0
1612075542876075,0,0.0,0
1612211210711781,0,0.0,0
1612413889666116,1,1.0,1
1612427706622786,0,0.0,0
1612577134421192,0,0.0,0
1612579096981055,0,0.0,0
1612644389761058,0,0.0,0
1612692641364728,0,0.0,0
1613279919932508,0,0.0,0
1613812864987540,0,0.0,0
1616776996386124,0,0.0,0
1619955070006817,0,0.0,0
1621042722171278,0,0.0,0
1621606142209804,0,0.0,0
1621609804157708,0,0.0,0
1621782008759949,0,0.0,0
1622606554462639,0,0.0,0
1622882741568299,0,0.0,0
1623653497118545,0,0.0,0
1623705589081687,0,0.0,0
1623770106244686,0,0.0,0
1623776044287217,0,0.0,0
1623898113629334,0,0.0,0
1624004350043124,0,0.0,0
1624067759122429,0,0.0,0
1624756171690677,0,0.0,0
1625065620906147,0,0.0,0
1627561364779310,0,0.0,0
1628169155802439,0,0.0,0
1628408994860562,0,0.0,0
1628560595230756,0,0.0,0
1630013149329967,0,0.0,0
1630961930897931,0,0.0,0
1632985634969826,0,0.0,0
1633605312283467,0,0.0,0
1633693587403588,0,0.0,0
1633742428884861,0,0.0,0
1634857893986822,0,0.0,0
1638349161171369,0,0.0,0
1640170370064077,0,0.0,0
1640299195389256,0,1.0,1
1640301129654024,0,0.0,0
1640302480746293,0,0.0,0
1641916302801181,0,0.0,0
1642048558043557,0,0.0,0
1642049482173746,0,0.0,0
1642054672197205,0,0.0,0
1643306997227792,0,0.0,0
1643511764703812,0,0.0,0
1645256095501122,0,0.0,0
1645757920511524,0,0.0,0
1645811148256708,0,0.0,0
1645811901880982,0,0.0,0
1645817470947896,0,0.0,0
1646854716795577,0,0.0,0
1647771904024329,0,0.0,0
1648437329001506,0,0.0,0
1648441373511179,0,0.0,0
1648442253790897,0,0.0,0
1648804079887194,0,1.0,1
1648810268654741,1,1.0,1
1649818858551291,0,0.0,0
1650046840451366,0,0.0,0
1650773428543895,0,0.0,0
1650961548179595,0,0.0,0
1651781265088431,0,0.0,0
1651865702048089,0,0.0,0
1652128804363794,0,0.0,0
1652194323181682,0,0.0,0
1653418980411137,0,0.0,0
1654902197679110,0,0.0,0
1654904108492174,0,0.0,0
1656074620637210,0,0.0,0
1656132431433615,0,0.0,0
1656674227418287,0,0.0,0
1657341541661586,1,1.0,1
1659985051355364,0,0.0,0
1660176919535577,0,0.0,0
1661932680665664,0,0.0,0
1662664999719759,0,0.0,0
1663682710842785,0,0.0,0
1664372882668496,0,0.0,0
1664564963772505,0,0.0,0
1664663433753229,0,0.0,0
1665006374349278,0,0.0,0
1667177378423121,0,0.0,0
1669565644228585,0,0.0,0
1670157730998530,1,1.0,1
1670209465722508,0,0.0,0
1671368393593260,0,0.0,0
1671376175894225,0,0.0,0
1673983221136648,0,0.0,0
1673984050106239,0,0.0,0
1676205706649669,0,0.0,0
1677198760702981,0,0.0,0
1677325364782144,1,1.0,1
1677360546452128,0,0.0,0
1678408045657192,0,0.0,0
1679009302119765,0,0.0,0
1679467867169540,0,0.0,0
1680231534159546,0,0.0,0
1680500631980018,0,0.0,0
1680868006157394,0,0.0,0
1680906063769691,0,0.0,0
1681336140913691,0,0.0,0
1681924616892381,0,0.0,0
1682023663705883,0,0.0,0
1682412489872862,0,0.0,0
1683584799112230,0,0.0,0
1684071754787056,0,0.0,0
1684649894052062,0,0.0,0
1684829498173545,0,0.0,0
1684942748980868,0,0.0,0
1684943729221583,0,0.0,0
1684949317467330,0,0.0,0
1685084124102593,0,0.0,0
1685739904721199,0,0.0,0
1685928682657651,0,0.0,0
1687215010281541,0,0.0,0
1687711389452872,0,0.0,0
1688104702279376,0,0.0,0
1409038305494023,1,1.0,1
1409039061587507,0,0.0,0
1409591536830701,1,1.0,1
1409856582932311,1,1.0,1
1410611393529300,1,1.0,1
1410733317201777,0,0.0,0
1413719466088102,0,0.0,0
1414437286858767,0,0.0,0
1415984917808226,0,0.0,0
1416049401478180,0,0.0,0
1417294733335621,0,0.0,0
1418120256823441,0,0.0,0
1418208518627804,0,0.0,0
1418294851716890,0,0.0,0
1418444643870706,0,0.0,0
1418447201950007,0,0.0,0
1418658942944554,0,0.0,0
1418905769190855,0,0.0,0
1421646705190216,0,0.0,0
1421721731738112,0,0.0,0
1425729243579217,0,0.0,0
1425730406983333,0,0.0,0
1425730951886772,0,0.0,0
1425787009228583,0,0.0,0
1425887019450152,0,0.0,0
1425893221652761,0,0.0,0
1426801730157926,0,0.0,0
1426889836898272,0,0.0,0
1429046522805208,0,0.0,0
1430330636504757,0,0.0,0
1430809675482782,0,0.0,0
1430872704246061,0,0.0,0
1431088641011369,0,0.0,0
1432385936387773,0,0.0,0
1434234031436057,0,0.0,0
1434947490556196,0,0.0,0
1435222230550348,0,0.0,0
1435535665571202,0,0.0,0
1435538377659991,0,0.0,0
1435538932143670,0,0.0,0
1435733619153920,0,0.0,0
1437668854558742,0,0.0,0
1439207665079329,0,0.0,0
1440061110970796,0,0.0,0
1440122067222583,0,0.0,0
1440199181976269,0,0.0,0
1440233240781595,0,0.0,0
1441628598272216,0,0.0,0
1441658774783836,0,0.0,0
1442034718134437,0,0.0,0
1443523265200822,0,0.0,0
1443925175878863,0,0.0,0
1444057523030329,0,0.0,0
1444061363573968,0,0.0,0
1444204822457664,0,0.0,0
1444260987920942,0,0.0,0
1445001575231749,0,0.0,0
1445063358833144,0,0.0,0
1445063382230007,0,0.0,0
1446485890852735,0,0.0,0
1447274527773296,0,0.0,0
1449071124754948,0,0.0,0
1449101673288950,0,0.0,0
1449574121017344,0,0.0,0
1449607438575034,0,0.0,0
1451061910538691,0,0.0,0
1451070500771203,0,0.0,0
1451417954081117,0,0.0,0
1451497646063902,0,0.0,0
1453327521458147,0,0.0,0
1454379995137211,0,0.0,0
1454491526229600,0,0.0,0
1455141924968277,0,0.0,0
1455869564327267,1,1.0,1
1455918234960094,0,0.0,0
1456193014597956,0,0.0,0
1456242842654832,0,0.0,0
1456244247404678,0,0.0,0
1456677745608850,0,0.0,0
1458120910684541,0,0.0,0
1459518743419685,0,0.0,0
1460142111433803,0,0.0,0
1460200626391678,0,0.0,0
1460436127188232,0,0.0,0
1462179797749089,0,0.0,0
1462496019379323,0,0.0,0
1462642482354291,0,0.0,0
1462995662521448,0,0.0,0
1465800120248453,0,0.0,0
1465876783851073,0,0.0,0
1467826540449665,0,0.0,0
1468232370535589,0,0.0,0
1469369220392467,0,0.0,0
1469806065085821,0,0.0,0
1470333311626722,0,0.0,0
1470566474772522,0,0.0,0
1473578460361651,0,0.0,0
1474977009463839,0,0.0,0
1475651091688251,0,0.0,0
1478740529414885,0,0.0,0
1480579702868956,0,0.0,0
1481325498000695,0,0.0,0
1481698946539832,0,0.0,0
1483175190524940,0,0.0,0
1483389269154273,0,0.0,0
1484166821712697,0,0.0,0
1484919291250568,0,0.0,0
1487384174162404,0,0.0,0
1487685317429175,0,0.0,0
1487971202015709,0,0.0,0
1488463558235170,0,0.0,0
1492417734381760,0,0.0,0
1492897870535255,0,0.0,0
1494134763995363,0,0.0,0
1494139396305030,0,0.0,0
1495133751098985,0,0.0,0
1496355972182430,0,0.0,0
1497473815258095,0,0.0,0
1497846258842682,0,0.0,0
1498465073725038,0,0.0,0
1499109850798019,0,0.0,0
1499414166465305,0,0.0,0
1499556680159464,0,0.0,0
1499560255123279,0,0.0,0
1499720405505887,0,0.0,0
1500959021431714,0,0.0,0
1501506473576773,0,0.0,0
1502945711989236,0,0.0,0
1503501586621407,0,0.0,0
1505479603538864,0,0.0,0
1507161222230022,0,0.0,0
1507322870304646,0,0.0,0
1507359222942152,0,0.0,0
1507361217982173,1,1.0,1
1507421900627418,0,0.0,0
1507424061245651,0,0.0,0
1508159387145349,0,0.0,0
1508335766617590,0,0.0,0
1508794302600513,0,0.0,0
1509487976364486,0,0.0,0
1509581669435495,0,0.0,0
1510152788550173,0,0.0,0
1510563497037005,0,0.0,0
1511167668405513,0,0.0,0
1511835190442506,0,0.0,0
1513398356460519,0,0.0,0
1513628031327177,0,0.0,0
1513628146162148,0,0.0,0
1514149053938060,0,0.0,0
1515127309605441,0,0.0,0
1515939470168376,0,0.0,0
1516515952215990,0,1.0,1
1516739061970919,0,0.0,0
1516894462912076,0,0.0,0
1517119599738811,0,0.0,0
1520025750748011,0,0.0,0
1520031111605306,0,0.0,0
1520200988020808,0,0.0,0
1520430437730829,0,0.0,0
1522198423778465,0,0.0,0
1523182196185096,0,0.0,0
1526022917272761,0,0.0,0
1530538805358078,0,0.0,0
1530679907676739,0,0.0,0
1531501871572899,0,0.0,0
1531507537905625,0,0.0,0
1532573280951838,0,0.0,0
1533235467191573,0,0.0,0
1533553958755408,0,0.0,0
1535455296490110,0,0.0,0
1535939102496326,0,0.0,0
1537500022271706,0,1.0,1
1537607560867221,0,0.0,0
1537829205692943,0,0.0,0
1538288007438898,0,0.0,0
1539073385299887,0,0.0,0
1541735657229953,0,0.0,0
1541743351081374,0,0.0,0
1542260522148646,0,0.0,0
1542596251990752,0,0.0,0
1543945762508718,0,0.0,0
1544012567232996,0,0.0,0
1544573734546773,0,0.0,0
1546519322327058,0,0.0,0
1547548021210768,0,0.0,0
1550628219779288,0,0.0,0
1550809454874877,0,0.0,0
1551219993521424,0,0.0,0
1551931633409183,0,0.0,0
1551935091487302,0,0.0,0
1553726646990368,0,0.0,0
1553763848133247,0,0.0,0
1554003658889106,0,0.0,0
1554008049788716,0,0.0,0
1555674559441642,0,0.0,0
1556449333234876,0,0.0,0
1556449412766472,0,0.0,0
1557031267648502,0,0.0,0
1557417295100689,0,0.0,0
1557724359501105,0,0.0,0
1558725909455732,0,0.0,0
1560073403058179,0,0.0,0
1560278494604201,0,0.0,0
1560382135833679,0,0.0,0
1560872731514897,0,0.0,0
1560919632631234,0,0.0,0
1561892594978886,0,0.0,0
1561931509452008,0,0.0,0
1567341150403193,0,0.0,0
1568586499230379,0,0.0,0
1569486723044536,0,0.0,0
1569597968246381,0,0.0,0
1570285045069980,0,0.0,0
1571288775448669,0,0.0,0
1571293082059228,0,0.0,0
1571425974506788,0,0.0,0
1573164707248073,0,0.0,0
1573599188637358,0,0.0,0
1574206713207366,0,0.0,0
1574350279972105,0,0.0,0
1574949260017847,0,0.0,0
1574952820121123,0,0.0,0
1574958721704087,0,0.0,0
1575607660737057,0,0.0,0
1577752465235527,0,0.0,0
1579256027503441,0,0.0,0
1579852058198424,0,0.0,0
1579879386522586,0,0.0,0
1579880306107641,0,0.0,0
1580124966646389,0,0.0,0
1582131973120136,0,0.0,0
1582839819382090,0,0.0,0
1583523083099286,0,0.0,0
1583638324627909,0,0.0,0
1583984649635577,0,0.0,0
1583994079096379,0,0.0,0
1587213787184659,0,0.0,0
1588276990322389,0,0.0,0
1589109899060316,0,0.0,0
1589735504088196,0,0.0,0
1589914284181577,0,0.0,0
1591179716598996,0,0.0,0
1591572739949837,0,0.0,0
1591961698353119,0,0.0,0
1591964950932267,0,0.0,0
1593140400165073,0,0.0,0
1593257352028742,0,0.0,0
1594547554902681,0,0.0,0
1596038916040719,0,0.0,0
1596109523539722,0,0.0,0
1596112186967633,0,0.0,0
1596696804394633,0,0.0,0
1596884361429121,0,0.0,0
1597479057518487,0,0.0,0
1597546646160212,0,0.0,0
1598049235124985,0,0.0,0
1598172182181817,0,0.0,0
1598602633550002,0,0.0,0
1599443003341691,1,1.0,1
1599494535186956,0,0.0,0
1600352114477667,0,0.0,0
1601286286178292,0,0.0,0
1601834717818592,0,0.0,0
1603369251027889,0,0.0,0
1603606679459112,0,0.0,0
1604294275057549,0,0.0,0
1604406396444626,0,0.0,0
1605094962374678,0,0.0,0
1605163155821231,0,0.0,0
1605994317197557,0,0.0,0
1607443582251818,0,0.0,0
1607446179908240,0,0.0,0
1607988035950953,0,0.0,0
1609086728960022,0,0.0,0
1609425908753356,0,0.0,0
1611692382070386,0,0.0,0
1613144091178899,0,0.0,0
1614434529975976,0,0.0,0
1615286377845581,0,0.0,0
1615614388264757,0,0.0,0
1616448592693579,0,0.0,0
1616508316850298,0,0.0,0
1617607265247986,0,0.0,0
1619402943202379,0,0.0,0
1620278270358994,0,0.0,0
1621911570273366,0,0.0,0
1625205692324068,0,0.0,0
1627397806122645,1,1.0,1
1628176526789080,0,0.0,0
1628406897129009,0,0.0,0
1628562357806514,0,0.0,0
1629082415785073,0,0.0,0
1629503666634298,0,0.0,0
1630085715163866,0,0.0,0
1632389168166923,0,0.0,0
1633618583843948,0,0.0,0
1634289751686812,0,0.0,0
1634517675588347,0,0.0,0
1634636678491798,0,0.0,0
1634913792388140,0,0.0,0
1634915703515005,0,0.0,0
1634919568838897,0,0.0,0
1634981481769963,0,0.0,0
1636104007681931,0,0.0,0
1636468388483898,0,0.0,0
1637521149497122,0,0.0,0
1638761493362088,0,0.0,0
1638993935809266,0,0.0,0
1639370414180277,0,0.0,0
1639376072148613,0,0.0,0
1642160641118613,0,0.0,0
1645278083696747,0,0.0,0
1645450034584238,0,0.0,0
1645451878051690,0,0.0,0
1645456917584923,0,0.0,0
1648615998817297,0,0.0,0
1649018555047402,0,0.0,0
1649904145731295,0,0.0,0
1649907068644206,0,0.0,0
1649907873545281,0,0.0,0
1650137454608684,0,0.0,0
1650753380163541,0,0.0,0
1651251144398231,0,0.0,0
1651852851017405,0,0.0,0
1652557254254452,0,0.0,0
1653237661601923,0,0.0,0
1653870336824387,0,0.0,0
1654999709381329,0,0.0,0
1655337814131756,0,0.0,0
1657443885618326,0,0.0,0
1658663029245095,0,0.0,0
1658691088331966,0,0.0,0
1658691579119762,0,0.0,0
1659478062261601,0,0.0,0
1659651442397241,0,0.0,0
1661411221136317,0,0.0,0
1661911653310150,0,0.0,0
1662021146802931,0,0.0,0
1662231333759049,0,0.0,0
1663430754510434,0,0.0,0
1664490862623292,0,0.0,0
1665319249865903,0,0.0,0
1665526121121772,0,0.0,0
1666066692786776,0,0.0,0
1666139621658918,0,0.0,0
1666545770763673,0,0.0,0
1666850588431203,0,0.0,0
1667348802823754,0,0.0,0
1667516428187054,0,0.0,0
1667909208334997,0,0.0,0
1667947790011195,0,0.0,0
1668010517748979,0,0.0,0
1668780495595516,0,0.0,0
1669357184245490,0,0.0,0
1669742421360935,0,0.0,0
1669866542262310,0,0.0,0
1669870297246851,0,0.0,0
1670492866073381,0,0.0,0
1670545052469102,0,0.0,0
1672154136395181,0,0.0,0
1672154474198391,0,0.0,0
1672279115605945,0,0.0,0
1672546153964323,0,0.0,0
1672917995044477,0,0.0,0
1673069813805246,1,1.0,1
1673862479673053,0,0.0,0
1673875619386858,0,0.0,0
1674133417626862,0,0.0,0
1674256274125761,0,0.0,0
1675420049997974,0,0.0,0
1675522315193450,0,0.0,0
1681623237251805,0,0.0,0
1683026805606970,0,0.0,0
1683120048766252,0,0.0,0
1683149260262248,0,0.0,0
1683150318534648,0,0.0,0
1683226976637420,0,0.0,0
1683876123540610,0,0.0,0
1685954645330686,0,0.0,0
1687015420477140,0,0.0,0
1687204081006722,0,0.0,0
1409716707925826,0,0.0,0
1410395335390532,0,0.0,0
1411039032074128,0,0.0,0
1411355234061292,0,0.0,0
1414588789175211,0,0.0,0
1414888755772535,0,0.0,0
1415714684043525,0,0.0,0
1416588360154634,0,0.0,0
1416593376246183,0,0.0,0
1416594208543147,0,0.0,0
1418794671740629,0,0.0,0
1419559630045874,0,0.0,0
1421338500224386,0,0.0,0
1421454445962885,0,0.0,0
1421602791186771,0,0.0,0
1422611894055560,0,0.0,0
1422673360024579,0,0.0,0
1422743011733469,0,0.0,0
1422744484482040,0,0.0,0
1423686258404417,0,0.0,0
1423692235966880,0,0.0,0
1424055137847833,0,0.0,0
1424114723663343,0,0.0,0
1424320495742386,0,0.0,0
1424716601369572,0,0.0,0
1427203454491875,0,0.0,0
1427510379534968,0,0.0,0
1427635644776660,0,0.0,0
1427635649272027,0,0.0,0
1428437227951695,0,0.0,0
1428440032066337,0,0.0,0
1428485950368992,0,0.0,0
1429462138167494,0,0.0,0
1429770396898874,0,0.0,0
1429776365698187,0,0.0,0
1429776908002495,0,0.0,0
1429836955737727,0,0.0,0
1431177103477990,0,0.0,0
1431627345930579,0,0.0,0
1431632027398779,0,0.0,0
1431980687423430,0,0.0,0
1432864109414650,0,0.0,0
1432867307353817,0,0.0,0
1434060415960187,0,0.0,0
1434201935677435,0,0.0,0
1434544261268980,0,0.0,0
1436236191600072,0,0.0,0
1437011113363097,0,0.0,0
1437054782073865,0,0.0,0
1437867482084666,0,0.0,0
1438506612504714,0,0.0,0
1439199520285062,0,0.0,0
1439916141257147,0,0.0,0
1440393964940931,0,0.0,0
1441781281585783,0,0.0,0
1442630801490981,0,0.0,0
1444537667680660,0,1.0,1
1445286154918072,0,0.0,0
1445638803311586,0,0.0,0
1446959647611636,1,1.0,1
1447499699880208,0,0.0,0
1449128610633997,0,1.0,1
1449128979234362,0,0.0,0
1449782426985162,0,0.0,0
1450415084788968,0,0.0,0
1451430021297322,0,0.0,0
1451816963950132,0,0.0,0
1451879460066707,0,0.0,0
1452038269525022,0,0.0,0
1452477513894660,0,0.0,0
1453422598346493,0,0.0,0
1453484696578612,1,1.0,1
1453558495397181,0,0.0,0
1453559383770889,0,0.0,0
1455412931247139,0,0.0,0
1456539340502044,0,0.0,0
1457692534215466,0,0.0,0
1458860177807892,0,0.0,0
1458868121040852,0,0.0,0
1458869334342955,0,0.0,0
1458875388947839,0,0.0,0
1459679312361317,0,0.0,0
1460165053104371,0,0.0,0
1460232571438740,0,0.0,0
1460559668686524,0,0.0,0
1460668269258313,0,0.0,0
1460670648340332,0,0.0,0
1461253822848355,0,0.0,0
1461553514536870,0,0.0,0
1462220073148846,0,0.0,0
1462486764774056,0,0.0,0
1462731990335767,0,0.0,0
1462833651360110,0,0.0,0
1463396071051451,0,0.0,0
1464275389010424,0,0.0,0
1464582579975123,1,1.0,1
1467597261981420,0,0.0,0
1467597440961349,0,0.0,0
1467597995271844,0,0.0,0
1467663434974567,0,0.0,0
1468288960782089,0,0.0,0
1469798806157775,0,0.0,0
1471165305205388,0,0.0,0
1471360913140746,0,0.0,0
1471677979287619,0,0.0,0
1475163380891749,0,0.0,0
1475196062066386,0,0.0,0
1477133756538602,0,0.0,0
1477658421317113,0,0.0,0
1479299206875673,0,0.0,0
1479532055188985,0,0.0,0
1479958019509427,0,0.0,0
1481243008323912,0,0.0,0
1482358395278740,0,0.0,0
1483462966553789,0,0.0,0
1483790569133603,0,0.0,0
1484184765167019,0,0.0,0
1484238118585186,0,0.0,0
1484722025454628,0,0.0,0
1485137206074422,0,0.0,0
1485180989062375,0,0.0,0
1486303257830845,0,0.0,0
1486674490388407,0,0.0,0
1487580620147986,0,0.0,0
1487747157093402,0,0.0,0
1490932569217551,0,0.0,0
1491064380362538,0,0.0,0
1493869086904583,0,0.0,0
1498839696262794,0,0.0,0
1500019987848781,0,0.0,0
1500878124137151,0,0.0,0
1501128672576638,0,0.0,0
1502268648199828,0,0.0,0
1502490282869098,0,0.0,0
1503302283909305,0,0.0,0
1503951435589833,0,0.0,0
1504819245059262,0,0.0,0
1505976093337904,0,0.0,0
1506523134987034,0,0.0,0
1506623809141050,0,0.0,0
1506627249188594,0,0.0,0
1508672485472230,0,0.0,0
1508892303697214,0,0.0,0
1508947514756697,0,0.0,0
1509098611984424,0,0.0,0
1509346445160176,0,0.0,0
1509518428254512,0,0.0,0
1509923810031183,1,1.0,1
1511755509349871,0,0.0,0
1512595016131774,0,0.0,0
1512632501430372,0,0.0,0
1513698272972041,1,1.0,1
1513704472510075,0,0.0,0
1514460228609076,0,0.0,0
1515259075359171,0,0.0,0
1515365785478870,0,0.0,0
1516577219612690,0,0.0,0
1516644644741599,0,0.0,0
1516658772969309,0,0.0,0
1516693544394308,0,0.0,0
1518132161898478,0,0.0,0
1518132897848043,0,0.0,0
1519115036709399,0,0.0,0
1520089152277836,0,0.0,0
1520727967387874,0,0.0,0
1525070574692245,0,0.0,0
1525383011455975,1,1.0,1
1526029648691263,0,0.0,0
1526576479507773,0,0.0,0
1526874882898391,0,0.0,0
1526881171750729,1,1.0,1
1528142070350685,0,0.0,0
1528771277725388,0,0.0,0
1529620104675068,0,0.0,0
1530983111078794,0,0.0,0
1531820868591847,0,0.0,0
1532920887715940,0,0.0,0
1533997648359448,0,0.0,0
1536927021425902,0,0.0,0
1537299175735441,0,0.0,0
1537402812213142,0,0.0,0
1537960500952035,0,0.0,0
1538055379455775,0,0.0,0
1538090936226629,0,0.0,0
1538252098989199,0,0.0,0
1540085289358224,0,0.0,0
1543942294461202,0,0.0,0
1543971309528119,0,0.0,0
1545452091169063,0,0.0,0
1546094863780320,0,0.0,0
1546143576212952,0,0.0,0
1546502928284943,0,0.0,0
1546506228601616,0,0.0,0
1546561989441872,0,0.0,0
1548138206599016,0,0.0,0
1549280669922165,0,0.0,0
1549301298784440,0,0.0,0
1549335078544313,0,0.0,0
1551303953027637,0,0.0,0
1551307345428664,0,0.0,0
1551507999969970,0,0.0,0
1552139996655244,0,0.0,0
1552360245092216,0,0.0,0
1553904994545398,0,0.0,0
1553910111039775,0,0.0,0
1554085982739579,0,0.0,0
1554821983891546,0,0.0,0
1556058990561342,0,0.0,0
1558494765938610,0,0.0,0
1558867565194107,0,0.0,0
1559174124997120,0,0.0,0
1559718654895534,0,0.0,0
1562610309624706,0,0.0,0
1563466006936627,0,0.0,0
1563466163819138,0,0.0,0
1566712301212407,0,0.0,0
1569379808299106,0,0.0,0
1570297640997709,0,0.0,0
1571397863042497,0,0.0,0
1571478437368176,0,0.0,0
1574405394736728,0,0.0,0
1574554641368860,0,0.0,0
1574555987461390,0,0.0,0
1574837192320605,0,0.0,0
1574952438698598,0,0.0,0
1575756459593391,0,0.0,0
1576900168328235,0,0.0,0
1577586650564191,0,0.0,0
1580939315400837,0,0.0,0
1581001736694751,0,0.0,0
1581326427607977,0,0.0,0
1581627484439123,0,0.0,0
1582213121132049,0,0.0,0
1582215740234795,0,0.0,0
1582220941469048,0,0.0,0
1582222290147961,0,0.0,0
1584408963976067,0,0.0,0
1584456499146694,0,0.0,0
1585926295200604,0,0.0,0
1585928472064047,1,1.0,1
1590119463717973,0,0.0,0
1591258431846111,0,0.0,0
1591997126954097,0,0.0,0
1592000527709873,0,0.0,0
1592001169353775,0,0.0,0
1592114619202022,0,0.0,0
1592957158411356,0,0.0,0
1594259100686831,0,0.0,0
1594299296241258,0,0.0,0
1594808862036705,0,0.0,0
1596605296438474,0,0.0,0
1597168593203145,0,0.0,0
1597855478420951,0,0.0,0
1598312688840563,0,0.0,0
1599083922801370,0,0.0,0
1599531446056995,0,0.0,0
1599537779271743,0,0.0,0
1600036800891673,0,0.0,0
1601897195127405,0,0.0,0
1601993085935078,0,0.0,0
1602148552208016,1,1.0,1
1602765693151088,0,0.0,0
1603108210017656,0,0.0,0
1604480324354933,0,0.0,0
1604848705423218,0,0.0,0
1604998322290003,0,0.0,0
1607993858566759,0,0.0,0
1608357876396979,0,0.0,0
1611708368653390,0,0.0,0
1613030908964908,0,0.0,0
1613036565180464,0,0.0,0
1613042887403687,0,0.0,0
1613567347091336,0,0.0,0
1614776473196836,0,0.0,0
1614776991848722,0,0.0,0
1614884419946558,0,0.0,0
1617017169309098,0,0.0,0
1617258047683951,0,0.0,0
1620328149377175,0,0.0,0
1620392675019678,0,0.0,0
1620395708104771,0,0.0,0
1621270243636814,0,0.0,0
1622772946310579,0,0.0,0
1624051047444961,0,0.0,0
1625238938784491,0,0.0,0
1625869988389004,0,1.0,1
1626642092234837,0,0.0,0
1626905389711574,0,0.0,0
1628515706716486,0,0.0,0
1630072895846053,0,0.0,0
1630187373203826,0,0.0,0
1630709249271201,0,0.0,0
1631281629668380,0,0.0,0
1631285639749143,0,0.0,0
1631639647292941,0,0.0,0
1632027313362725,0,0.0,0
1633365518103249,0,0.0,0
1634248656546007,0,0.0,0
1634973445863960,0,0.0,0
1635066002046221,0,0.0,0
1636841709543462,0,0.0,0
1638730884459397,0,0.0,0
1640374487241301,0,0.0,0
1640376956518231,0,0.0,0
1640641481701089,0,0.0,0
1643992615984519,0,0.0,0
1645095423921747,0,0.0,0
1646576163755225,0,0.0,0
1648797141513866,0,0.0,0
1650854453501184,0,0.0,0
1650967982685351,0,0.0,0
1651180441078380,0,0.0,0
1651181765774832,0,0.0,0
1651220916045447,0,0.0,0
1651498927309072,0,0.0,0
1652077898780669,0,0.0,0
1653509566153684,0,0.0,0
1653786296950597,0,0.0,0
1654013383795756,0,0.0,0
1654250693594086,0,0.0,0
1655435669475171,0,0.0,0
1658760448342466,0,0.0,0
1658810062031672,0,0.0,0
1658857908888168,0,0.0,0
1659008687152805,0,0.0,0
1661289465865485,0,0.0,0
1661290039761670,0,0.0,0
1661407869773386,0,0.0,0
1661766449305028,0,0.0,0
1662902412862682,0,0.0,0
1663165058157663,0,0.0,0
1663627891296886,0,1.0,1
1663900932216551,0,0.0,0
1664432974214182,0,0.0,0
1665048185553593,0,0.0,0
1666519708465268,0,0.0,0
1667424548320822,0,0.0,0
1667760845376167,0,0.0,0
1667818750874299,0,0.0,0
1667868255391583,0,0.0,0
1668019436295264,0,0.0,0
1668119282306508,0,0.0,0
1668130546476613,0,0.0,0
1668225386824860,0,0.0,0
1668521519997267,0,0.0,0
1668556918945950,0,0.0,0
1669047851774648,1,1.0,1
1669968230741740,0,0.0,0
1669973001588266,0,0.0,0
1670977525119350,0,0.0,0
1671255904527304,0,0.0,0
1673067168847668,0,0.0,0
1674369319075889,0,0.0,0
1674951931181185,0,0.0,0
1675886782135009,0,0.0,0
1676266381713418,0,0.0,0
1677447698343264,0,0.0,0
1680234708107295,0,0.0,0
1680362592273660,0,0.0,0
1680365901989252,0,0.0,0
1680718591036313,0,0.0,0
1681835486770115,0,0.0,0
1683522480286208,0,0.0,0
1683807853432640,0,0.0,0
1686077705558794,0,0.0,0
1687259690665504,0,0.0,0
1688093855865349,0,0.0,0
1688530264803819,0,0.0,0
1407603450829497,0,0.0,0
1407605754029179,0,0.0,0
1407721601413131,0,0.0,0
1407726716968583,0,0.0,0
1410552783594199,0,0.0,0
1411563752062301,0,0.0,0
1412581627586019,0,0.0,0
1413172299247584,0,0.0,0
1415171730314192,0,0.0,0
1415228610400856,0,0.0,0
1415352249640086,0,0.0,0
1415566938477615,0,0.0,0
1417218919560132,0,0.0,0
1417313440405764,0,0.0,0
1417983360863981,0,0.0,0
1419630291898808,0,0.0,0
1419870932772374,0,0.0,0
1420029447623922,0,0.0,0
1422506531517842,0,0.0,0
1430593372481110,0,0.0,0
1431768732902654,0,0.0,0
1431773807718235,1,1.0,1
1432405537263072,0,0.0,0
1432477928256194,0,0.0,0
1432633281193187,0,0.0,0
1432878463909013,0,0.0,0
1433219536871038,0,0.0,0
1433815301871213,0,0.0,0
1434016267229971,0,0.0,0
1434196200198587,0,0.0,0
1434240455228593,0,0.0,0
1436646566559441,0,0.0,0
1436908967757392,0,0.0,0
1437495213328236,0,0.0,0
1438634143913858,0,0.0,0
1439017284869939,0,0.0,0
1439520691376093,0,1.0,1
1440308243124560,0,0.0,0
1441703873901035,0,0.0,0
1441743100673523,0,0.0,0
1445131815303297,0,0.0,0
1445498545820241,0,0.0,0
1446221674109807,0,0.0,0
1446372558129075,0,0.0,0
1447601363170049,0,0.0,0
1447605834159426,0,0.0,0
1447817176208567,0,0.0,0
1447887932253595,0,0.0,0
1448585694089756,0,0.0,0
1449519785884318,0,0.0,0
1449831944308889,0,0.0,0
1451507236111352,0,0.0,0
1452069714085003,0,0.0,0
1452390556233262,1,1.0,1
1452465637256411,0,0.0,0
1453133741144208,0,0.0,0
1455082486266164,0,0.0,0
1455408276548038,0,0.0,0
1455943946110709,0,0.0,0
1455946800985853,0,0.0,0
1456474358536497,0,0.0,0
1457156741150353,0,0.0,0
1459183636620325,1,1.0,1
1459184285522262,0,0.0,0
1459553326011553,0,0.0,0
1460670397857630,0,0.0,0
1462208186188372,0,0.0,0
1462713312854397,0,0.0,0
1463699353837338,0,0.0,0
1464011880742171,0,0.0,0
1464351143576957,0,0.0,0
1466492377529141,0,0.0,0
1466697838469199,0,0.0,0
1466744730596939,0,0.0,0
1466751246540512,0,0.0,0
1466861564032946,0,0.0,0
1467494625453452,0,0.0,0
1468151413184808,0,0.0,0
1469069347249928,0,0.0,0
1469891401938316,0,0.0,0
1470373458947784,0,0.0,0
1470445930939601,0,0.0,0
1470486576164584,1,1.0,1
1470526184969876,0,0.0,0
1472307090867456,0,1.0,1
1473169303215748,0,0.0,0
1474341662513208,0,0.0,0
1474544970685366,0,0.0,0
1475899093644559,0,0.0,0
1476035784471146,0,0.0,0
1476425567347263,0,0.0,0
1477148207542684,0,0.0,0
1477596611526302,0,0.0,0
1478157743921350,0,0.0,0
1478509343590831,0,0.0,0
1478837736915104,1,1.0,1
1478838076243924,0,0.0,0
1478844543789023,0,0.0,0
1479102308204361,0,0.0,0
1479466146081434,0,0.0,0
1482304154371471,0,0.0,0
1487511265251188,0,0.0,0
1488828835331504,0,0.0,0
1490160314697143,0,0.0,0
1491435715492109,0,0.0,0
1491556726478342,0,0.0,0
1491634667288248,0,0.0,0
1491640197749363,0,0.0,0
1492530796903156,0,0.0,0
1492962677308494,0,0.0,0
1493364798258081,0,0.0,0
1495831785263977,0,0.0,0
1497869247419082,0,0.0,0
1498039472225413,0,0.0,0
1498392594640706,0,0.0,0
1499426538825714,0,0.0,0
1499561201611744,0,0.0,0
1499823162127140,0,0.0,0
1499823627939617,0,0.0,0
1499908318638597,0,0.0,0
1499947621655202,0,0.0,0
1500526738264845,0,0.0,0
1500767230484303,0,0.0,0
1500772529974619,0,0.0,0
1500867081874344,0,0.0,0
1502899622993650,0,0.0,0
1503159020509885,0,0.0,0
1503573767342688,0,0.0,0
1503604920177208,0,0.0,0
1504048790435519,0,0.0,0
1504536121682055,0,0.0,0
1504607831827232,0,0.0,0
1504875112156635,0,0.0,0
1506278476346386,0,0.0,0
1506509758094011,0,0.0,0
1507817400497764,0,0.0,0
1509806361972448,0,0.0,0
1511289599453312,1,1.0,1
1512795474064107,0,0.0,0
1514168724945486,0,0.0,0
1514200111826223,0,0.0,0
1514781240238251,0,0.0,0
1514999733949233,0,0.0,0
1515288335198380,0,0.0,0
1515542133414133,1,1.0,1
1517004075630299,0,0.0,0
1517541672581509,0,0.0,0
1517548436586806,0,0.0,0
1518397561388306,0,0.0,0
1519306360786607,0,0.0,0
1520104156843676,1,1.0,1
1520258126941531,0,0.0,0
1520344390520381,0,0.0,0
1521742674071504,0,0.0,0
1522067214539536,0,0.0,0
1522069579868542,0,0.0,0
1523060932563187,0,0.0,0
1523065895121193,0,0.0,0
1523067230833583,0,0.0,0
1523164300716623,0,0.0,0
1523578432312889,0,0.0,0
1524592067747931,0,0.0,0
1525585283667873,0,1.0,1
1525948192482897,0,0.0,0
1527424765536574,0,0.0,0
1528552129994038,0,0.0,0
1529200131809825,0,0.0,0
1529902793925699,0,0.0,0
1530398378560095,0,0.0,0
1530531848641370,0,0.0,0
1532582784276625,0,0.0,0
1535620781828230,0,0.0,0
1535786913226014,0,0.0,0
1538609085470121,0,0.0,0
1539269033608985,0,0.0,0
1539309218075729,0,0.0,0
1539440548087331,0,0.0,0
1539584921687193,0,0.0,0
1543061641885468,0,0.0,0
1543481184238487,0,0.0,0
1544418125131895,0,0.0,0
1545712359409286,0,0.0,0
1546434110610144,0,0.0,0
1547220711410182,0,0.0,0
1549000846005630,0,0.0,0
1549086684620695,0,0.0,0
1549705700234899,0,0.0,0
1550698879844677,0,0.0,0
1550911226689811,0,0.0,0
1552302227988525,0,0.0,0
1552808593473957,0,1.0,1
1553510432823875,0,0.0,0
1553699240356046,0,0.0,0
1553722771488958,0,0.0,0
1554300369200342,0,0.0,0
1555082252241580,0,0.0,0
1555087312602660,0,0.0,0
1556134824156785,0,0.0,0
1558064969325788,0,0.0,0
1559815738110230,0,0.0,0
1559817793854300,0,0.0,0
1560923551110263,0,0.0,0
1560987955628528,0,0.0,0
1561240646263918,0,0.0,0
1561634156015806,0,0.0,0
1561750747241538,0,0.0,0
1561826089335033,0,0.0,0
1561886069451584,0,0.0,0
1562221641713028,0,0.0,0
1562228431925117,1,1.0,1
1562494662222810,0,0.0,0
1562934125067639,0,0.0,0
1564977286869473,0,0.0,0
1565497877828597,0,0.0,0
1565653031065032,0,0.0,0
1566198469680488,0,0.0,0
1567221766369147,0,0.0,0
1567276798586356,0,0.0,0
1567603693413354,0,0.0,0
1568062483086477,1,1.0,1
1568817473558740,0,0.0,0
1569450166477731,0,0.0,0
1570141514697580,0,0.0,0
1570147793383143,0,0.0,0
1570390519946983,0,0.0,0
1570997946329646,0,0.0,0
1571862545270787,0,0.0,0
1571937414932838,0,0.0,0
1573267392288008,0,0.0,0
1573572596989899,0,0.0,0
1579795452439023,0,0.0,0
1581024359049011,0,0.0,0
1581709543139880,0,0.0,0
1590758037372502,0,0.0,0
1591452137580418,0,0.0,0
1591777683306404,0,0.0,0
1592027877642219,0,0.0,0
1592422449398260,0,0.0,0
1593377814584721,0,0.0,0
1593426694100920,0,0.0,0
1593779446436461,0,0.0,0
1593779721792152,0,0.0,0
1594131635332269,0,0.0,0
1594549079031218,0,0.0,0
1595362541726865,0,0.0,0
1595371159112126,0,0.0,0
1596332036849900,0,0.0,0
1597630708942797,0,0.0,0
1597637485165446,0,0.0,0
1598040807698205,0,0.0,0
1598209429714534,0,0.0,0
1598282571440582,0,0.0,0
1599429335498730,0,0.0,0
1600036535711754,0,0.0,0
1603184323326538,0,0.0,0
1603625260439516,0,0.0,0
1604362802090122,0,0.0,0
1605906985065223,0,0.0,0
1605946624684184,0,0.0,0
1606767387936802,0,0.0,0
1607604665048264,0,0.0,0
1607609476573900,0,0.0,0
1608352417842868,0,0.0,0
1608408893932506,0,0.0,0
1609574363075097,0,0.0,0
1610434671395261,0,0.0,0
1611026552660261,0,0.0,0
1611702544516412,0,0.0,0
1612166184306800,0,0.0,0
1612166263788777,0,0.0,0
1612286041427297,0,0.0,0
1612966033287185,0,0.0,0
1613094555591686,0,0.0,0
1613485378242219,0,0.0,0
1613601888926390,0,0.0,0
1613605371410674,0,0.0,0
1613719772190467,0,0.0,0
1613954298116628,0,0.0,0
1614202801001394,0,0.0,0
1614366163042746,0,0.0,0
1614367402739113,0,0.0,0
1614460940996786,0,0.0,0
1614526989990612,0,0.0,0
1615087729478808,0,0.0,0
1615854294961971,0,0.0,0
1616566245955480,0,0.0,0
1617873314639732,0,0.0,0
1620667683146232,0,0.0,0
1621451426808662,0,0.0,0
1622189106883290,0,0.0,0
1623190300732584,0,0.0,0
1626499904331143,0,0.0,0
1626615849574759,0,0.0,0
1628602375779436,0,0.0,0
1628832253891410,0,0.0,0
1629701931708427,0,0.0,0
1629856232919346,0,0.0,0
1630698486546972,0,0.0,0
1630755998360021,0,0.0,0
1630951562064662,0,0.0,0
1632367571119134,0,0.0,0
1633681190087312,0,0.0,0
1634576014772304,0,0.0,0
1635004656850018,0,0.0,0
1635238082097572,0,0.0,0
1636086267631073,0,1.0,1
1636330875503116,0,0.0,0
1636409944847848,0,0.0,0
1636833062165147,0,0.0,0
1637106774461288,0,0.0,0
1637387246053549,0,0.0,0
1638151419571173,0,0.0,0
1640035571971469,0,0.0,0
1640594269703357,0,0.0,0
1642357613840288,0,0.0,0
1644134967879897,1,1.0,1
1647072791514019,0,0.0,0
1647568062718340,0,0.0,0
1647632341354888,0,0.0,0
1648215933019223,0,0.0,0
1649199194977540,0,0.0,0
1649489429630003,0,0.0,0
1649997737902601,0,0.0,0
1651997851881585,0,0.0,0
1652049500843939,0,0.0,0
1652846721525422,0,0.0,0
1653434567222314,0,0.0,0
1653998957134991,0,0.0,0
1654270769891088,0,0.0,0
1654369273121825,0,0.0,0
1654539905286202,0,0.0,0
1656348546623106,0,0.0,0
1656416050056387,0,0.0,0
1656830273538994,0,0.0,0
1657114048955652,0,0.0,0
1657715467990418,0,0.0,0
1657716192465898,0,0.0,0
1657771745996543,0,0.0,0
1659215362004496,0,0.0,0
1659714381780131,0,1.0,1
1660735812033003,0,0.0,0
1661123885172647,0,1.0,1
1662179908111294,0,0.0,0
1664252761441339,0,0.0,0
1665901418453050,0,0.0,0
1665904213681862,0,0.0,0
1666029105102162,0,0.0,0
1666471037413624,0,0.0,0
1666856355343606,0,0.0,0
1667035605719973,1,1.0,1
1667154724884794,0,0.0,0
1667272407773417,0,0.0,0
1668070535310319,0,0.0,0
1668072130950223,0,0.0,0
1668110191689730,0,0.0,0
1668125669280128,0,0.0,0
1672166147231191,0,0.0,0
1673834713181969,0,0.0,0
1673997979685381,0,0.0,0
1674101655614351,0,0.0,0
1675083021702956,0,0.0,0
1675085747892556,0,0.0,0
1675087986149211,0,0.0,0
1676910727047500,0,0.0,0
1677334506139801,0,0.0,0
1677531393975135,0,0.0,0
1677855463449112,0,0.0,0
1679177185106600,0,0.0,0
1679571822376644,0,0.0,0
1679600421612475,0,0.0,0
1680485867824372,0,0.0,0
1680548139129140,0,0.0,0
1681197336803293,0,0.0,0
1682529389435066,0,0.0,0
1683479719255590,0,0.0,0
1683545775847717,0,0.0,0
1683552985744029,0,0.0,0
1684058411309029,0,0.0,0
1684060877645918,0,0.0,0
1684818833879903,0,0.0,0
1684939612446893,0,0.0,0
1686377313461911,0,0.0,0
1688323480127951,0,0.0,0
1688714875267183,0,1.0,1
1407729780515448,0,0.0,0
1408087178196528,0,0.0,0
1408638963894943,0,0.0,0
1409633771618130,0,0.0,0
1409787332176815,0,0.0,0
1409870348484821,0,0.0,0
1410808372463576,0,0.0,0
1411135862112446,0,0.0,0
1411592074600194,0,0.0,0
1411712202192871,0,0.0,0
1412245119376809,0,0.0,0
1412248972452599,0,0.0,0
1413074339300274,0,0.0,0
1413582264894970,0,0.0,0
1414869088334028,0,0.0,0
1415378860807094,0,0.0,0
1415486633562728,0,0.0,0
1415967604969057,0,0.0,0
1415970243371967,0,0.0,0
1416144589023351,0,0.0,0
1416145954955449,0,0.0,0
1416712013696415,0,0.0,0
1417767001479441,0,0.0,0
1418315678803522,0,0.0,0
1418671885265594,0,0.0,0
1418742311964224,0,0.0,0
1420901736588826,0,0.0,0
1421911823621419,0,0.0,0
1422034410056529,1,1.0,1
1422099109650347,0,0.0,0
1422207851466606,0,0.0,0
1423231419808722,0,0.0,0
1423750816861242,0,0.0,0
1424097756918253,0,0.0,0
1425637445736737,0,0.0,0
1426044908351977,0,0.0,0
1429207893828765,0,0.0,0
1429521650448972,0,0.0,0
1429632501260590,0,0.0,0
1430058814672089,0,0.0,0
1430903764048118,0,0.0,0
1431640574342814,0,0.0,0
1431687133983798,0,0.0,0
1432338197102737,0,0.0,0
1432657186188716,0,0.0,0
1435097379409692,0,0.0,0
1435345497375630,0,0.0,0
1435644734535019,0,0.0,0
1437015666258475,0,0.0,0
1437172113987190,0,0.0,0
1437174939834848,1,1.0,1
1437299856080647,0,0.0,0
1438024612198649,0,0.0,0
1438285378619964,0,0.0,0
1438286389079373,0,0.0,0
1438427156972472,0,0.0,0
1438650875556978,0,0.0,0
1439087274298059,0,0.0,0
1439166088933746,0,0.0,0
1439213925351100,0,0.0,0
1439215336124960,0,0.0,0
1439219365549159,0,0.0,0
1439221444442173,0,0.0,0
1439606295670595,0,0.0,0
1439608762530946,0,0.0,0
1439786175951571,0,0.0,0
1439997659121874,0,0.0,0
1440587821138774,0,0.0,0
1441366501472539,0,0.0,0
1442135029962050,0,0.0,0
1443446631768284,0,0.0,0
1444139927957151,0,0.0,0
1447110331742762,0,0.0,0
1447939594590243,0,0.0,0
1447974219389876,0,0.0,0
1448356410197340,0,0.0,0
1448359409061841,0,0.0,0
1449243813255696,0,0.0,0
1451751359700896,0,0.0,0
1452148819423272,0,0.0,0
1452726604210078,0,0.0,0
1453176176601696,0,0.0,0
1453338021985083,0,0.0,0
1453370217950362,0,0.0,0
1453520538888913,0,0.0,0
1453705358121193,0,0.0,0
1466760205331870,0,0.0,0
1467167572913509,0,0.0,0
1467215240086750,0,0.0,0
1467618491777836,0,0.0,0
1468668451671035,0,0.0,0
1469661447294288,0,0.0,0
1470693965302091,0,0.0,0
1471779803142839,0,0.0,0
1471832125894061,0,0.0,0
1472524848241960,0,0.0,0
1473147263690903,0,0.0,0
1473883709479499,0,0.0,0
1474456520036375,0,0.0,0
1474562397318979,0,0.0,0
1474679417770761,0,0.0,0
1474976419349499,0,0.0,0
1475281407218564,1,1.0,1
1476392232014693,0,0.0,0
1476697374853014,0,0.0,0
1476937222590694,0,0.0,0
1477968609587806,0,0.0,0
1478250933485234,0,0.0,0
1478639727831205,0,0.0,0
1478644250814296,0,0.0,0
1478708562941913,0,0.0,0
1478802936432339,0,0.0,0
1479495743224760,0,0.0,0
1479999587744579,0,0.0,0
1480828574546851,0,0.0,0
1481621570338037,0,0.0,0
1482019573328196,0,0.0,0
1483225179628661,0,0.0,0
1484120211279354,0,0.0,0
1484842095031315,0,0.0,0
1484846107987913,0,0.0,0
1486763163557353,0,0.0,0
1486873314118876,0,0.0,0
1488420704523748,0,0.0,0
1488720901230627,1,1.0,1
1490073129008909,1,1.0,1
1490458918810350,1,1.0,1
1490493739297352,1,1.0,1
1490521792177305,0,0.0,0
1490525757311146,0,0.0,0
1490728228043307,0,0.0,0
1490991808852991,0,0.0,0
1491142629631495,0,0.0,0
1491557821338789,0,0.0,0
1491612376717382,0,0.0,0
1491620984523807,0,0.0,0
1491626695306446,0,0.0,0
1491628446085642,0,0.0,0
1492490269410599,0,0.0,0
1492886578764582,0,0.0,0
1494637973337347,0,0.0,0
1494779374057071,0,0.0,0
1496194315772253,0,0.0,0
1496475283644561,0,0.0,0
1496521065435889,0,0.0,0
1496971393167877,0,0.0,0
1498479364498568,0,0.0,0
1498798766479239,0,1.0,1
1499114241285235,0,0.0,0
1499916900874612,0,0.0,0
1499995186126388,0,0.0,0
1500276598658869,0,0.0,0
1501273151578267,0,0.0,0
1501923005356612,0,0.0,0
1502623853911957,0,0.0,0
1502852388087366,0,0.0,0
1503242043390078,0,0.0,0
1503626969746366,0,0.0,0
1504462958658776,1,1.0,1
1504534764359864,0,0.0,0
1505538330066374,0,0.0,0
1505687836234081,0,0.0,0
1505866937012557,0,0.0,0
1506512642143138,0,0.0,0
1506513192058965,0,0.0,0
1506555831489495,0,0.0,0
1506672145231753,0,0.0,0
1506870934665456,0,0.0,0
1507094110077322,0,0.0,0
1507595778052885,0,1.0,1
1507711474456234,0,0.0,0
1507965393448594,0,0.0,0
1508249212381478,0,0.0,0
1509945471319563,0,0.0,0
1511951461896933,0,0.0,0
1514614907439767,1,1.0,1
1515388214086049,0,0.0,0
1515388578674639,0,0.0,0
1519150554683416,0,0.0,0
1519407951016818,0,0.0,0
1519612402418501,0,0.0,0
1521004184946483,0,0.0,0
1521104427200799,0,0.0,0
1521786769489497,0,0.0,0
1521790702501451,0,0.0,0
1521832084114951,0,0.0,0
1522420161031311,0,0.0,0
1522603482794121,0,0.0,0
1522716212700570,0,0.0,0
1522955859504704,0,0.0,0
1524579786322388,0,0.0,0
1524880070828079,0,0.0,0
1525036614913200,0,0.0,0
1525485870330702,0,0.0,0
1526263614186589,0,0.0,0
1527747621043576,0,0.0,0
1528760544240568,0,0.0,0
1528835983434218,0,0.0,0
1529070693991022,0,0.0,0
1529400783320117,0,0.0,0
1529526418917726,0,0.0,0
1529782983658779,0,0.0,0
1530422005230058,0,0.0,0
1530941279485586,0,0.0,0
1531120822558591,0,0.0,0
1531401060355181,1,1.0,1
1531469032117010,0,0.0,0
1532397776031032,0,0.0,0
1533067605337887,0,0.0,0
1533724413373211,0,0.0,0
1535010532600318,0,0.0,0
1537428850730808,0,0.0,0
1537575864073327,0,0.0,0
1538034377171188,0,0.0,0
1540269903018779,1,1.0,1
1540426363100156,0,0.0,0
1542608219644562,0,0.0,0
1544614095458385,0,0.0,0
1545362871637070,0,0.0,0
1545505741993342,0,0.0,0
1545507262987653,0,0.0,0
1545576178729023,0,0.0,0
1545800312060152,0,0.0,0
1546552776244220,0,0.0,0
1546919812760794,0,0.0,0
1546923928895057,0,0.0,0
1546925199806393,0,0.0,0
1547608247067097,0,0.0,0
1547970659094804,0,0.0,0
1548199511895907,0,0.0,0
1549221466585142,0,0.0,0
1549372964830163,0,0.0,0
1550300966308539,1,1.0,1
1550647668396756,0,0.0,0
1550820155923054,0,1.0,1
1551268990807077,0,0.0,0
1552918286765589,0,0.0,0
1553362464956310,0,0.0,0
1553443759802945,0,0.0,0
1553878015204159,0,0.0,0
1553932675342250,0,0.0,0
1553995585824340,0,0.0,0
1554066527182833,0,0.0,0
1555002297559289,0,0.0,0
1555406971308457,0,0.0,0
1555505586508090,0,0.0,0
1555510361226721,0,0.0,0
1557382072297605,0,0.0,0
1559382816612552,0,0.0,0
1559414097558515,0,0.0,0
1559786166740722,0,0.0,0
1562802161808978,1,1.0,1
1564011926243406,0,0.0,0
1566235400970950,0,0.0,0
1566561272050157,0,0.0,0
1566909643287598,0,0.0,0
1566915934903552,0,0.0,0
1567297810925358,0,0.0,0
1567390304862624,0,0.0,0
1568083474724990,0,0.0,0
1569207030905353,0,0.0,0
1569713742396730,0,0.0,0
1570268655134319,0,0.0,0
1570613112597391,0,0.0,0
1571015233910102,0,0.0,0
1571410648992951,0,0.0,0
1572124381261056,0,0.0,0
1573184314975501,1,1.0,1
1573517226711039,0,1.0,1
1574976629046643,0,0.0,0
1575087713356805,0,0.0,0
1575357461195325,0,0.0,0
1575594495415120,0,0.0,0
1576502801574382,0,0.0,0
1576903417407927,1,1.0,1
1578850437486737,0,0.0,0
1579189429286455,0,0.0,0
1579189832750595,0,0.0,0
1580271318351044,0,0.0,0
1582782078863843,0,0.0,0
1582850036901235,0,0.0,0
1583183802629423,0,0.0,0
1583188009265295,0,0.0,0
1583188647951899,0,0.0,0
1583283200469416,0,0.0,0
1584248592531521,0,0.0,0
1584385044379220,0,0.0,0
1584385616832422,0,0.0,0
1584899555997845,0,0.0,0
1584925436151935,0,0.0,0
1586497382499427,0,0.0,0
1586500456115407,1,1.0,1
1587738259160517,1,1.0,1
1588725707119635,0,0.0,0
1589857556253274,0,0.0,0
1592410467283577,1,1.0,1
1593463956011020,0,0.0,0
1593994682362950,0,0.0,0
1595884262656636,0,0.0,0
1596602527117343,0,0.0,0
1596746911805869,0,0.0,0
1597244653209653,0,0.0,0
1597538541856337,0,0.0,0
1597871084630974,0,0.0,0
1598095339238307,0,0.0,0
1598437813131982,0,0.0,0
1598489246713178,0,0.0,0
1598606239991665,1,1.0,1
1598881874966892,0,0.0,0
1600397738443422,0,0.0,0
1600402542196783,0,0.0,0
1600405124747760,0,0.0,0
1600465391448666,0,0.0,0
1600732126326084,0,0.0,0
1600913969328400,0,0.0,0
1601381258139565,0,0.0,0
1601649604967027,0,0.0,0
1601704501862365,0,0.0,0
1601754679544418,0,0.0,0
1601897523422489,0,0.0,0
1602630424921786,0,0.0,0
1603364511230856,0,0.0,0
1607930106219916,0,0.0,0
1608713030121607,1,1.0,1
1610176595171155,0,0.0,0
1610181443220201,1,1.0,1
1611460968173806,0,0.0,0
1611959849508155,1,1.0,1
1612021249995388,0,0.0,0
1612145796796749,1,1.0,1
1612302020691147,0,0.0,0
1613404088799589,0,0.0,0
1614634935223292,0,0.0,0
1616378455518309,0,0.0,0
1617335758964202,0,1.0,1
1618149870088684,0,0.0,0
1618154054062184,0,1.0,1
1618220242923521,0,0.0,0
1620822978777200,0,0.0,0
1621487857808758,0,0.0,0
1621522573754815,0,0.0,0
1621530324203487,0,0.0,0
1621992134723350,0,0.0,0
1622688681961780,0,0.0,0
1623362043025313,0,0.0,0
1623463914165982,0,0.0,0
1624030839865277,0,0.0,0
1624388557802211,0,0.0,0
1625746664839894,1,1.0,1
1627647469372507,0,0.0,0
1627809852797690,0,0.0,0
1627932287575400,1,1.0,1
1628354447182439,0,0.0,0
1629810571609082,0,0.0,0
1630823110661058,0,0.0,0
1631456202777049,0,0.0,0
1631459567268802,0,0.0,0
1631673450803010,0,0.0,0
1632173739623081,0,0.0,0
1632386042838529,0,0.0,0
1633604730987124,0,0.0,0
1634191416716284,0,0.0,0
1634333843021724,0,0.0,0
1634436661789375,0,0.0,0
1635081807562874,0,0.0,0
1635548546213688,0,0.0,0
1636066589546196,0,0.0,0
1636378349840303,0,0.0,0
1641424748315962,0,0.0,0
1642965513832404,0,0.0,0
1644449862613259,0,0.0,0
1645544549867248,0,0.0,0
1645856036679397,0,0.0,0
1646247280319816,0,0.0,0
1646453416570829,0,0.0,0
1647615803558236,0,0.0,0
1647744200046364,0,0.0,0
1647962848815738,0,0.0,0
1648696473699423,0,0.0,0
1648920027839028,0,0.0,0
1649122018040151,0,0.0,0
1649266254447921,0,0.0,0
1649718022042702,0,0.0,0
1649880883385236,0,0.0,0
1650544677574586,0,0.0,0
1651334355596300,0,0.0,0
1651899024257308,0,0.0,0
1652497637158585,0,0.0,0
1653606836977039,0,0.0,0
1653830039434416,0,0.0,0
1654921276624835,0,0.0,0
1654982051578279,0,0.0,0
1656484094181423,0,0.0,0
1659230374450862,0,0.0,0
1660064166543637,0,0.0,0
1660199579133144,0,0.0,0
1660200298397197,0,0.0,0
1660355805426026,0,0.0,0
1660397298343517,0,0.0,0
1660597546967580,0,0.0,0
1660896043300968,0,0.0,0
1661100180880573,0,0.0,0
1661891045592961,0,0.0,0
1663700745157941,0,0.0,0
1665732586106424,0,0.0,0
1665824368823206,0,0.0,0
1668687884538173,0,0.0,0
1670616692313833,0,0.0,0
1670805241334830,0,0.0,0
1671319070471411,0,0.0,0
1672297238635929,0,0.0,0
1673082198670576,0,0.0,0
1674197525866454,0,0.0,0
1674310165112152,0,0.0,0
1677071641075210,0,0.0,0
1677290238528828,0,0.0,0
1677373827099103,0,1.0,1
1677682636989103,0,0.0,0
1677948611582057,0,0.0,0
1682208347612179,0,1.0,1
1682300057569523,0,0.0,0
1682593486254134,0,0.0,0
1683761318049699,0,0.0,0
1684220286385260,0,0.0,0
1684998459519790,0,0.0,0
1685439074301925,0,0.0,0
1685793998661594,0,0.0,0
1685798128419743,0,0.0,0
1688084490179608,0,0.0,0
1688331045170843,1,1.0,1
1688369712352091,0,0.0,0
1408731292650475,0,0.0,0
1408901598730025,0,0.0,0
1409274806525907,0,0.0,0
1409760559137159,0,0.0,0
1410504805993911,0,0.0,0
1410682207569234,0,0.0,0
1410829720062762,0,0.0,0
1411131877450274,0,0.0,0
1411423478973925,0,0.0,0
1411423895456221,0,0.0,0
1411425064141745,0,0.0,0
1411834584490854,0,0.0,0
1411873073728392,0,0.0,0
1411876449609529,0,0.0,0
1411880736693062,0,0.0,0
1412119359863899,0,0.0,0
1412389092323216,0,0.0,0
1412502303069412,0,0.0,0
1412733603107947,0,0.0,0
1412822259087877,0,0.0,0
1413176001013400,0,0.0,0
1413608792836786,0,0.0,0
1413615313910893,0,0.0,0
1413675812437933,0,0.0,0
1414151260810796,0,0.0,0
1414601061145365,0,0.0,0
1415075456705742,0,0.0,0
1415587026226854,0,0.0,0
1415979045158174,0,0.0,0
1416500936766525,0,0.0,0
1416667735697415,1,1.0,1
1417066284816838,0,0.0,0
1417128808304234,0,0.0,0
1417133334780771,0,0.0,0
1417138833617288,0,0.0,0
1417145031974684,0,0.0,0
1417434369573826,0,0.0,0
1417676558258989,0,0.0,0
1418869763685470,0,0.0,0
1419933410224854,0,0.0,0
1420420760792421,0,0.0,0
1420426655912073,0,0.0,0
1421164112278537,0,0.0,0
1422901871383983,0,0.0,0
1423894335050925,0,0.0,0
1423900023087098,0,0.0,0
1423908906047514,0,0.0,0
1423993877543573,0,0.0,0
1424570904987585,0,0.0,0
1424672303780145,0,0.0,0
1424744077947528,0,0.0,0
1425052766432136,0,0.0,0
1425441863348611,0,0.0,0
1425442027875314,0,0.0,0
1425442408070634,0,0.0,0
1426484799767376,0,0.0,0
1426720148714218,0,0.0,0
1428063017727003,0,0.0,0
1428774508836083,1,1.0,1
1429088112165539,0,0.0,0
1429358236741003,0,0.0,0
1429404706961014,0,0.0,0
1431602285750814,0,0.0,0
1431825232171328,0,0.0,0
1432824413407085,0,0.0,0
1433375558545203,0,0.0,0
1433867403724560,0,0.0,0
1435765113413777,0,0.0,0
1437055376042246,0,0.0,0
1437891556313654,0,0.0,0
1438045123909462,0,0.0,0
1444072931869050,0,0.0,0
1444481903809328,0,0.0,0
1444979498106508,0,0.0,0
1445607510907784,0,0.0,0
1447279411834499,0,0.0,0
1447986224267757,0,0.0,0
1448174097196042,0,0.0,0
1449898603086561,1,1.0,1
1450360789138149,0,0.0,0
1450503946394631,0,0.0,0
1450935842331102,0,0.0,0
1450982655499481,0,0.0,0
1452194958441649,0,0.0,0
1452553043873913,0,0.0,0
1453533818894250,0,0.0,0
1454293556130020,0,0.0,0
1454296352846033,0,0.0,0
1456446810777132,0,0.0,0
1459000810457002,0,0.0,0
1459139793195016,0,0.0,0
1459306001199502,0,0.0,0
1459547681217233,0,0.0,0
1459813124411642,0,0.0,0
1460406052201518,0,0.0,0
1461003652263461,0,0.0,0
1461060499576377,0,1.0,1
1461448807873283,0,0.0,0
1461449773696403,0,0.0,0
1462870795937475,0,0.0,0
1462875003907364,0,0.0,0
1463006601133945,0,0.0,0
1464649239975069,0,0.0,0
1466972119327014,0,0.0,0
1467780568198841,0,0.0,0
1469046778887304,0,0.0,0
1469169360427064,0,0.0,0
1469170133895180,0,0.0,0
1469254971168312,0,0.0,0
1469281784855194,0,0.0,0
1469491809107250,0,0.0,0
1469494163319909,0,0.0,0
1469496094654470,0,0.0,0
1471683433140661,0,0.0,0
1473790860414697,0,0.0,0
1475172878418369,0,0.0,0
1475989416332430,0,0.0,0
1478589583054062,1,1.0,1
1482058430624252,0,0.0,0
1483480469484411,0,0.0,0
1483536237414153,0,0.0,0
1484484452399101,0,0.0,0
1484488913188945,0,0.0,0
1485227496378215,0,0.0,0
1485445702543261,0,0.0,0
1485859748063496,0,0.0,0
1486558805320543,0,0.0,0
1486568034768944,0,0.0,0
1486570919923535,0,0.0,0
1486785703295374,0,0.0,0
1487684070935013,0,0.0,0
1492457709713009,0,0.0,0
1493313552614945,0,0.0,0
1493455754537516,0,0.0,0
1493919251888279,0,0.0,0
1494041954849715,0,0.0,0
1494554772921805,0,0.0,0
1495494289190777,0,0.0,0
1496104160445021,0,0.0,0
1496334996770207,0,0.0,0
1497721606296504,0,0.0,0
1498822051924108,0,0.0,0
1499475320131761,1,1.0,1
1499532856117813,0,0.0,0
1499596332497282,0,0.0,0
1499906313132848,0,0.0,0
1499947426255993,0,0.0,0
1499948740512117,0,0.0,0
1500422176291690,1,1.0,1
1500528611047082,0,0.0,0
1504424360444780,0,0.0,0
1506599497823418,0,0.0,0
1509993421400211,0,0.0,0
1510551595554125,0,0.0,0
1510621083891419,0,0.0,0
1510733707720587,0,0.0,0
1512272095468286,0,0.0,0
1512462282969687,0,0.0,0
1512647381125984,0,0.0,0
1513361292582641,0,0.0,0
1515329004324696,0,0.0,0
1515338140219877,0,0.0,0
1515366207822701,0,0.0,0
1515531277150952,0,0.0,0
1516231576267639,0,0.0,0
1517468537479372,0,0.0,0
1521271822317605,0,0.0,0
1521637771276669,0,1.0,1
1523590612910840,0,0.0,0
1524071209812439,0,0.0,0
1524180919688728,0,0.0,0
1524265359776618,0,0.0,0
1526044520902382,0,0.0,0
1527203450635258,0,0.0,0
1528613952857901,0,0.0,0
1529004407035333,0,0.0,0
1529025899056671,0,0.0,0
1529157638337224,0,0.0,0
1529240605347047,0,0.0,0
1529345110557414,0,0.0,0
1530111656388746,0,0.0,0
1531104900627853,0,0.0,0
1531165023739502,0,0.0,0
1531168467796718,0,0.0,0
1531628721802853,0,0.0,0
1534019823891454,0,0.0,0
1534510637718224,0,0.0,0
1535562649619490,0,0.0,0
1535798763730493,0,0.0,0
1536646772943188,0,0.0,0
1537811775047995,0,0.0,0
1537814376463188,0,0.0,0
1537996480918208,0,0.0,0
1538244490176154,0,0.0,0
1538541706218782,0,0.0,0
1539268765181986,0,0.0,0
1539498458019175,0,0.0,0
1539617701239021,0,0.0,0
1539817274013149,0,0.0,0
1540921284563093,0,0.0,0
1541254933518143,0,0.0,0
1541261373768059,0,0.0,0
1544086480511254,0,0.0,0
1544856308674760,0,0.0,0
1544856471735847,0,0.0,0
1544897221190276,1,1.0,1
1544967987559586,0,0.0,0
1546520211198282,0,0.0,0
1546533723086021,0,0.0,0
1547155717478096,0,0.0,0
1549585308706487,0,0.0,0
1549645493405042,0,0.0,0
1549967560805705,0,0.0,0
1550795576140711,0,0.0,0
1551335050406043,0,0.0,0
1554251104775760,0,0.0,0
1555632504779632,0,0.0,0
1558661931751375,0,0.0,0
1559735852458396,0,0.0,0
1560306377622638,0,0.0,0
1560953094460977,0,0.0,0
1561254362001581,0,0.0,0
1561321995204299,1,1.0,1
1562173656993608,0,0.0,0
1562223044037109,0,0.0,0
1562733882052599,0,0.0,0
1563177900871112,0,0.0,0
1563283948582908,0,0.0,0
1563795140893500,0,0.0,0
1564210908730743,0,0.0,0
1565292718002178,0,0.0,0
1566660535889104,0,0.0,0
1566948903691472,0,0.0,0
1567219778927460,0,0.0,0
1567224733734535,0,0.0,0
1567963339750897,0,0.0,0
1568001697058937,0,0.0,0
1568341854512034,0,0.0,0
1568347890101313,0,0.0,0
1569235460263841,0,0.0,0
1570224930878280,0,0.0,0
1571214116895121,0,0.0,0
1571275674977057,0,0.0,0
1572580531931103,0,0.0,0
1574020434040376,0,0.0,0
1574975048395697,0,0.0,0
1575273949876506,0,0.0,0
1576755655649324,0,0.0,0
1577093948890515,0,0.0,0
1577107887570547,0,0.0,0
1577596309980175,0,0.0,0
1577663225726231,0,0.0,0
1578140490275684,0,0.0,0
1578470377137823,0,0.0,0
1578607993270336,0,0.0,0
1579179584527379,0,0.0,0
1579814210186182,0,0.0,0
1580679222388666,0,0.0,0
1582646968483078,0,0.0,0
1582708878393999,0,0.0,0
1582773511968386,0,0.0,0
1585231463787013,0,0.0,0
1585686158009300,0,0.0,0
1586768333942098,0,0.0,0
1587955898413689,0,0.0,0
1589467654793768,0,0.0,0
1591723824821493,0,0.0,0
1595552560968057,0,0.0,0
1595929221203338,0,0.0,0
1596021329447902,0,0.0,0
1597310655493267,0,0.0,0
1597485345932854,0,0.0,0
1598807118182661,1,1.0,1
1598809900555819,0,0.0,0
1599134670160297,0,0.0,0
1601024039814779,0,0.0,0
1602377225728452,0,0.0,0
1603048514441037,0,0.0,0
1605448486851127,0,0.0,0
1605760614750472,0,0.0,0
1605831564963360,0,0.0,0
1605832382157442,0,0.0,0
1606104013786931,0,0.0,0
1606536938614510,0,0.0,0
1606677861631198,0,0.0,0
1606731305584935,0,0.0,0
1607943081744352,0,0.0,0
1608122508385311,0,0.0,0
1608972612954664,0,0.0,0
1609039632893669,0,0.0,0
1610005685719326,0,0.0,0
1610005881554534,0,0.0,0
1610073702256364,0,1.0,1
1610574072459099,0,0.0,0
1610694270629022,0,0.0,0
1610789000968465,0,0.0,0
1610970530437237,0,0.0,0
1612190736464449,0,0.0,0
1612385552887001,0,0.0,0
1612510324332812,0,0.0,0
1612542025490050,0,0.0,0
1613262989949039,0,0.0,0
1613899989983261,0,0.0,0
1613901088200440,0,0.0,0
1614105879091558,0,0.0,0
1615224665502520,0,0.0,0
1615862375386667,0,0.0,0
1616055605359730,0,0.0,0
1618336121665729,0,1.0,1
1621587566186978,0,0.0,0
1621636939171509,0,0.0,0
1621934492694522,0,0.0,0
1622402173046609,0,0.0,0
1622452097031084,0,0.0,0
1622456090327890,0,0.0,0
1622457391488472,0,0.0,0
1622775378042335,0,0.0,0
1622778406218440,0,0.0,0
1623656340016558,0,0.0,0
1624392072415347,0,0.0,0
1626380843303370,0,0.0,0
1627751968087721,0,0.0,0
1627930366051345,0,0.0,0
1628673430398298,0,0.0,0
1628788058915609,0,0.0,0
1628910045800701,0,0.0,0
1631337266248980,0,0.0,0
1634840959897369,0,0.0,0
1635001581638519,0,0.0,0
1635876193581225,0,0.0,0
1636368705952061,0,0.0,0
1636934085168778,0,0.0,0
1637334693427216,0,0.0,0
1638293782175435,0,0.0,0
1638341561211652,0,0.0,0
1639002789005822,0,1.0,1
1639351581504279,0,0.0,0
1639430114557536,0,0.0,0
1640675349088114,0,0.0,0
1641444573010611,0,0.0,0
1641790619164824,0,0.0,0
1641906096369059,0,0.0,0
1645049229388277,0,0.0,0
1645049239592066,0,0.0,0
1645098112539053,0,0.0,0
1646413875385328,0,0.0,0
1648470700111105,0,0.0,0
1648647385708660,0,0.0,0
1649166657265888,0,0.0,0
1649238325883571,0,0.0,0
1649594171999376,0,1.0,1
1649856867073344,0,1.0,1
1650515054182633,0,0.0,0
1651785811061761,0,0.0,0
1651968949250970,0,0.0,0
1652448904259607,0,0.0,0
1652451293556063,0,0.0,0
1652512354532886,0,0.0,0
1652583626688013,0,0.0,0
1653384891516219,0,0.0,0
1653845497842930,0,0.0,0
1656137723758721,0,0.0,0
1656521397081168,0,0.0,0
1656643844748976,0,0.0,0
1658389104772246,0,0.0,0
1658636761327525,0,0.0,0
1658638977565620,0,0.0,0
1658644821913518,0,0.0,0
1658773973911915,1,1.0,1
1659880012806500,0,0.0,0
1660338915507957,0,0.0,0
1660380902298629,0,0.0,0
1663275245152336,0,0.0,0
1664446364518077,0,0.0,0
1664621970530184,0,0.0,0
1664963664501104,0,0.0,0
1665776666262456,0,0.0,0
1665778583141938,0,0.0,0
1666058709783351,0,1.0,1
1666484365275077,0,0.0,0
1666655574818352,0,0.0,0
1666658435862422,0,0.0,0
1666672866544782,0,0.0,0
1667465804094833,0,0.0,0
1669178029491423,0,0.0,0
1669178440499758,0,0.0,0
1669481588436348,0,0.0,0
1670052358800764,0,0.0,0
1670664147508462,0,0.0,0
1670944061883457,0,0.0,0
1671834653174424,0,0.0,0
1673433297333278,0,0.0,0
1674728032858386,0,0.0,0
1675387357038367,0,0.0,0
1676548615450389,1,1.0,1
1678632834959438,0,0.0,0
1679831424580053,0,0.0,0
1682695526546871,0,0.0,0
1683329527999167,0,0.0,0
1683685567106374,0,0.0,0
1683686684029397,0,0.0,0
1683691279476966,0,0.0,0
1685071534612113,0,0.0,0
1686319701062858,0,0.0,0
1688517622168689,0,0.0,0
1408887236992758,0,0.0,0
1409093188156179,0,0.0,0
1409387600580707,0,0.0,0
1410840322022449,0,0.0,0
1410842408096074,0,0.0,0
1411217389916127,0,0.0,0
1411290430622365,0,0.0,0
1411292427827976,0,0.0,0
1411879298189556,0,0.0,0
1413557996116957,0,0.0,0
1413592234588583,0,0.0,0
1414532711881223,0,0.0,0
1415211404531817,0,0.0,0
1415765997550163,0,0.0,0
1416877193772270,0,0.0,0
1416928767765571,0,0.0,0
1416935304393497,0,0.0,0
1417113855265099,0,0.0,0
1417408164440381,0,0.0,0
1417786106816275,0,0.0,0
1417787064347586,0,0.0,0
1418622992026328,0,0.0,0
1419028606919556,0,0.0,0
1419145607161410,0,0.0,0
1419526305697778,0,0.0,0
1420011644551329,0,0.0,0
1422132495577017,0,1.0,1
1426524565574506,0,0.0,0
1427025424607868,0,0.0,0
1429073079880674,0,0.0,0
1429971293393505,0,0.0,0
1430813875475539,0,0.0,0
1431471594512052,0,0.0,0
1431884958827652,0,0.0,0
1432840293194033,0,0.0,0
1432998622618409,0,0.0,0
1433954026094320,0,0.0,0
1434570914255151,0,0.0,0
1436103580898903,0,0.0,0
1436259103841978,0,0.0,0
1437122716382343,0,0.0,0
1441358021216455,0,0.0,0
1441583660524598,0,0.0,0
1441828484240650,0,0.0,0
1441864210701932,0,0.0,0
1442518769395467,0,0.0,0
1443815721584683,0,0.0,0
1443996460026864,0,0.0,0
1444491042941216,0,0.0,0
1446074421814230,0,0.0,0
1446168480355122,0,0.0,0
1446169128695254,0,0.0,0
1446425236117347,0,0.0,0
1446529790163393,0,0.0,0
1446594932275734,0,0.0,0
1446624607541350,0,0.0,0
1446830288807428,0,0.0,0
1447346611482906,0,0.0,0
1451115967376679,0,0.0,0
1451662705655855,0,0.0,0
1451794596538566,0,0.0,0
1451872978965917,0,0.0,0
1451879093519793,0,0.0,0
1452157784671106,0,0.0,0
1452224399722219,0,0.0,0
1452224899806474,0,0.0,0
1452230945223418,0,0.0,0
1453747595244955,1,1.0,1
1454385474787304,0,0.0,0
1456711565848676,0,0.0,0
1456830191109405,0,0.0,0
1456927154345702,0,0.0,0
1457592919296753,0,0.0,0
1458565607796296,1,1.0,1
1458704008000792,0,0.0,0
1458707335913377,0,0.0,0
1458935146589417,0,0.0,0
1459254715028814,0,0.0,0
1459702351396880,0,0.0,0
1459876351730246,0,0.0,0
1463398444857626,0,0.0,0
1467026928791856,0,0.0,0
1467029632613300,0,0.0,0
1467596910666370,0,0.0,0
1468185679837581,0,0.0,0
1468971398637889,0,0.0,0
1469044374212718,0,0.0,0
1469489878904281,0,0.0,0
1469678681523186,0,0.0,0
1470134558952929,0,0.0,0
1473112950064864,0,0.0,0
1476540375177291,0,0.0,0
1477457616701993,0,0.0,0
1477996079046732,0,0.0,0
1478265393817299,1,1.0,1
1480459454379366,0,0.0,0
1481310463461932,0,0.0,0
1481441126253263,1,1.0,1
1481442187643119,0,0.0,0
1485424347871008,0,0.0,0
1485773105003673,0,0.0,0
1486192930417376,0,0.0,0
1486262407206260,0,0.0,0
1486966826142744,0,0.0,0
1487542417302031,0,0.0,0
1488535092959892,0,0.0,0
1488706330112201,0,0.0,0
1490580266368196,1,1.0,1
1490741854915911,0,0.0,0
1492881816289417,0,0.0,0
1493225607380324,0,0.0,0
1493231121734523,0,0.0,0
1493545008308555,0,0.0,0
1495142551795034,0,0.0,0
1495170433144021,0,0.0,0
1496209888974521,0,0.0,0
1497193170433974,0,0.0,0
1497599026567036,0,0.0,0
1498525027230303,0,0.0,0
1498841721956646,0,0.0,0
1500147968107706,0,0.0,0
1500562808750098,1,1.0,1
1501179904498991,0,0.0,0
1503390665326409,0,0.0,0
1503740219073568,0,0.0,0
1504373000595685,0,0.0,0
1504472567605798,1,1.0,1
1505804858128406,0,0.0,0
1506708099667941,1,1.0,1
1508997576222526,0,0.0,0
1510814251236534,0,0.0,0
1511261414014991,0,0.0,0
1512898453782178,0,0.0,0
1513030029921709,0,0.0,0
1513255899588909,0,0.0,0
1514116632319040,0,0.0,0
1514370270815035,0,0.0,0
1514486597234899,0,0.0,0
1517024880418883,0,0.0,0
1518785756764731,0,0.0,0
1519052244411226,0,0.0,0
1521361227619753,0,0.0,0
1521712422243502,0,0.0,0
1522345627351772,0,0.0,0
1522911237083779,0,0.0,0
1522917418869690,0,0.0,0
1523098268781923,0,0.0,0
1523130602934191,0,0.0,0
1523564854780121,0,0.0,0
1525271646008973,0,0.0,0
1527305761323682,0,0.0,0
1527310340730622,0,0.0,0
1527890516486586,0,0.0,0
1528771317909044,0,0.0,0
1529940752700405,1,1.0,1
1530692106677800,0,0.0,0
1530700255092081,0,0.0,0
1530704023367547,1,1.0,1
1530807807289217,0,0.0,0
1532010628508634,0,0.0,0
1532177471868545,0,0.0,0
1532480739887527,0,0.0,0
1535120618107381,0,0.0,0
1535279771686485,0,0.0,0
1535291856642809,0,1.0,1
1535388211997181,0,0.0,0
1536071929670745,0,0.0,0
1536833705690071,0,0.0,0
1538475868386018,0,0.0,0
1540188789890927,1,1.0,1
1541504262535497,0,0.0,0
1544375347094192,0,0.0,0
1544423727780227,1,1.0,1
1544425119983334,0,0.0,0
1545740961606659,0,0.0,0
1545745404789639,0,0.0,0
1545821845060253,0,0.0,0
1546292843961549,0,0.0,0
1546645326014230,0,1.0,1
1547191314054262,0,0.0,0
1548100227302956,0,0.0,0
1548143778202377,0,0.0,0
1548308200250727,1,1.0,1
1548312192728148,0,0.0,0
1548341377794446,0,0.0,0
1548352603191898,0,0.0,0
1548354974251293,0,0.0,0
1549059392662549,0,0.0,0
1549739521055228,0,0.0,0
1549739898041240,0,0.0,0
1549802784820866,0,0.0,0
1549860924975050,0,0.0,0
1549930027570967,0,0.0,0
1553346047868043,0,0.0,0
1553556100113300,0,0.0,0
1553883158908593,0,0.0,0
1554776197318270,1,1.0,1
1555338496385639,0,0.0,0
1555603726671336,0,0.0,0
1555610918399967,0,0.0,0
1558252599566716,0,0.0,0
1558410621336565,0,0.0,0
1559174672837163,0,0.0,0
1559205695991648,0,0.0,0
1561208106289447,0,0.0,0
1561789875182986,0,0.0,0
1562658124146532,1,1.0,1
1562660591119131,0,0.0,0
1563305595827430,0,0.0,0
1563307406106248,0,0.0,0
1564884144350487,0,0.0,0
1564932261383735,0,0.0,0
1571400746481586,0,0.0,0
1571412544007325,0,0.0,0
1571505624730993,0,0.0,0
1571845270320922,0,0.0,0
1572093626888062,0,0.0,0
1574173834720825,0,0.0,0
1574265346145117,0,1.0,1
1576056659778751,0,0.0,0
1576807871312936,0,0.0,0
1577172971450538,0,0.0,0
1577211524834414,0,0.0,0
1577610772650774,0,0.0,0
1578255050873607,0,0.0,0
1579438889270182,0,0.0,0
1580662416424465,0,0.0,0
1582768226642514,0,0.0,0
1582907773622738,0,0.0,0
1583225737729881,0,0.0,0
1583590180417414,0,0.0,0
1584936568947209,0,0.0,0
1585194175045687,0,0.0,0
1585533715515885,1,1.0,1
1586039698256488,0,0.0,0
1587803275665473,0,0.0,0
1588045454203434,0,0.0,0
1588466496169432,0,0.0,0
1588679958298045,0,0.0,0
1588722963600180,0,0.0,0
1589260724129460,0,0.0,0
1591055288814037,0,0.0,0
1591382659688078,0,0.0,0
1592180517946411,0,0.0,0
1593351204694298,0,0.0,0
1594214023875205,0,0.0,0
1594241184892023,0,0.0,0
1594721344401873,0,0.0,0
1596542250291181,0,0.0,0
1596543871131164,0,0.0,0
1596677072991520,0,0.0,0
1596680225075353,0,0.0,0
1597193422787479,0,0.0,0
1597242915960842,0,0.0,0
1598192540346460,0,0.0,0
1598684157720102,0,0.0,0
1599505460097480,0,0.0,0
1599697581435725,0,0.0,0
1600027360292021,0,0.0,0
1601851422789798,1,1.0,1
1601975050370926,0,0.0,0
1604212834601889,0,0.0,0
1604484224768309,0,0.0,0
1606994332157104,0,0.0,0
1607000767077003,0,0.0,0
1607364463205205,0,0.0,0
1607435962256046,0,0.0,0
1607508753919011,0,0.0,0
1607514334166373,0,0.0,0
1608879574289401,0,0.0,0
1609616021915524,0,0.0,0
1612659999495187,0,0.0,0
1613092110151239,0,0.0,0
1613531931643677,0,0.0,0
1618168281034448,0,0.0,0
1622357039786458,0,0.0,0
1623069429572441,0,0.0,0
1623971773922359,0,0.0,0
1626591538581080,0,0.0,0
1626631916432535,0,0.0,0
1628726724167027,0,0.0,0
1629771196258088,1,1.0,1
1630636245016822,0,0.0,0
1632186887386409,0,0.0,0
1632229137497472,1,1.0,1
1632238266827306,0,0.0,0
1632242012416271,0,0.0,0
1632450592698675,0,0.0,0
1634169944268768,0,0.0,0
1636197890194517,0,0.0,0
1637962235338464,0,0.0,0
1638556839278321,0,0.0,0
1640060151836754,0,0.0,0
1641172513255654,0,0.0,0
1641293294080558,0,0.0,0
1643281155300727,0,0.0,0
1643842220217111,0,0.0,0
1644667014713427,0,0.0,0
1646012073557040,0,0.0,0
1646019773402991,0,0.0,0
1647751424812583,0,0.0,0
1647755528418073,0,0.0,0
1648140937089401,0,0.0,0
1648421721627134,0,0.0,0
1648719362002603,0,0.0,0
1648778391850010,0,0.0,0
1649113787335601,0,0.0,0
1649203680901147,0,0.0,0
1651178563731200,0,0.0,0
1652512673511833,0,0.0,0
1653653753531836,0,0.0,0
1655097723955686,0,0.0,0
1655948767941936,0,0.0,0
1656199464183882,0,0.0,0
1658521275481300,0,0.0,0
1658523568601531,0,0.0,0
1659275987608557,0,0.0,0
1659433802053338,0,0.0,0
1659531783952830,0,0.0,0
1659608420567329,0,0.0,0
1661887976584980,0,0.0,0
1662925343927292,0,0.0,0
1663098602302247,0,0.0,0
1663102927775102,0,0.0,0
1663240119498769,0,0.0,0
1663574491637569,0,0.0,0
1665143389013475,0,0.0,0
1665861462815916,0,0.0,0
1666994079074736,0,0.0,0
1667594289413572,0,0.0,0
1668050528631970,0,0.0,0
1669596606960006,0,0.0,0
1671199753866929,0,0.0,0
1671208385234259,0,0.0,0
1673055778461653,0,0.0,0
1673220485345880,0,0.0,0
1675535090993660,0,0.0,0
1676801360291522,0,0.0,0
1676802250622822,0,0.0,0
1679478671981423,0,0.0,0
1679479060001581,0,0.0,0
1679832667931608,0,0.0,0
1680029889362666,0,0.0,0
1681487996272177,0,0.0,0
1683697498905165,0,0.0,0
1683841493785944,0,0.0,0
1683842249982056,0,0.0,0
1683845761407519,0,0.0,0
1685229103936238,0,0.0,0
1685967965758034,0,0.0,0
1686642801961540,0,0.0,0
1686709628707813,0,0.0,0
1687144640040684,0,0.0,0
1408664565564797,0,0.0,0
1408832258573497,1,1.0,1
1410163762552260,0,0.0,0
1410585455656543,0,0.0,0
1411342445611044,0,0.0,0
1411791945215589,0,0.0,0
1412672576267379,0,0.0,0
1413073073484292,0,0.0,0
1413791964311391,0,0.0,0
1414802631408749,0,0.0,0
1415780279162115,0,0.0,0
1416089759583044,0,0.0,0
1417765478175296,0,0.0,0
1418428004662895,0,0.0,0
1418821707138573,0,0.0,0
1419319554423060,0,0.0,0
1419828773518007,0,0.0,0
1422265327025193,0,0.0,0
1422835390412251,0,0.0,0
1423519131387391,0,0.0,0
1423787337689661,0,0.0,0
1425547217376426,0,0.0,0
1426775146031485,0,0.0,0
1427071035176077,0,0.0,0
1427126655743959,0,0.0,0
1429061262445717,0,0.0,0
1431521783866300,0,0.0,0
1432089045191836,0,0.0,0
1432093632293400,0,0.0,0
1432193862451089,0,0.0,0
1432254000553016,0,0.0,0
1432281435868710,0,0.0,0
1432997647272899,0,0.0,0
1433452487810270,0,0.0,0
1434106018178172,0,0.0,0
1434542799578694,0,0.0,0
1434680206955511,1,1.0,1
1434689702225757,0,0.0,0
1435117662495752,0,0.0,0
1436400269582064,0,0.0,0
1436455469482675,0,0.0,0
1436965566542762,0,0.0,0
1437011737231870,0,0.0,0
1438218993178844,0,0.0,0
1438488521945800,0,0.0,0
1438918233031454,0,0.0,0
1438934974078438,0,0.0,0
1439086951192713,0,0.0,0
1439581568491309,0,0.0,0
1439864381302493,0,0.0,0
1439896506303011,0,0.0,0
1440145103069950,0,0.0,0
1440743482827247,0,0.0,0
1441806974409409,0,0.0,0
1442005940379609,0,0.0,0
1442383677530562,0,0.0,0
1442390481373594,0,0.0,0
1443944733382315,0,0.0,0
1445222501020237,0,0.0,0
1445230085446704,0,0.0,0
1446288671301727,0,0.0,0
1446916794448915,0,0.0,0
1447643814100057,0,0.0,0
1447648482213387,0,0.0,0
1449230498463740,0,0.0,0
1449733882668505,0,0.0,0
1449735144514402,0,0.0,0
1449910373803465,0,0.0,0
1450037180801858,0,0.0,0
1450280716443997,0,0.0,0
1450330717967203,0,0.0,0
1450456242812464,0,0.0,0
1452240170728386,0,0.0,0
1453081521880350,0,0.0,0
1453197283662032,0,0.0,0
1453870130058800,0,0.0,0
1454621340254456,0,0.0,0
1454706245206896,0,0.0,0
1454900191272306,0,0.0,0
1455336231824861,0,0.0,0
1457280023432189,0,0.0,0
1458184068260334,0,0.0,0
1458499894863299,0,0.0,0
1459733360475329,0,0.0,0
1460489696107982,0,0.0,0
1463254512659382,0,0.0,0
1463390001953892,0,0.0,0
1463426642620945,0,0.0,0
1463484736767350,0,0.0,0
1464618103963342,0,0.0,0
1464690246217820,0,0.0,0
1465484600454627,0,0.0,0
1468196113955645,0,0.0,0
1468863632087692,0,0.0,0
1469231370088900,0,0.0,0
1469256752027805,0,0.0,0
1469580689728942,0,0.0,0
1470251244378338,0,0.0,0
1470648894625472,0,0.0,0
1470653652276748,0,0.0,0
1470842306903621,0,0.0,0
1470996742873414,0,0.0,0
1473279832547326,0,0.0,0
1474739089887654,0,0.0,0
1474827023196706,0,0.0,0
1474828520495149,0,0.0,0
1475871073278457,0,0.0,0
1477198192208150,0,0.0,0
1477414371715111,0,0.0,0
1477867054778716,0,0.0,0
1477947845569564,0,0.0,0
1478372156876639,0,0.0,0
1478747290112227,0,0.0,0
1479430783020629,0,0.0,0
1479731553098473,0,0.0,0
1480997618901982,0,0.0,0
1482744267439621,0,0.0,0
1482748205603566,0,0.0,0
1483046212381625,0,0.0,0
1483672959755248,0,0.0,0
1484191656501177,0,0.0,0
1484736749908697,0,0.0,0
1485252564019800,0,0.0,0
1485252743638909,0,0.0,0
1485259097343274,0,0.0,0
1485341492814114,1,1.0,1
1485703009643658,0,0.0,0
1487153127493302,0,0.0,0
1487321861592969,0,0.0,0
1487395812644364,0,0.0,0
1487677842232887,0,0.0,0
1488856263734298,0,0.0,0
1489879349067381,0,0.0,0
1490288610302137,0,1.0,1
1490652557748933,0,0.0,0
1498239045184739,0,0.0,0
1499203485226341,0,0.0,0
1499207713716226,0,0.0,0
1499362561887272,0,0.0,0
1502097470431040,0,0.0,0
1502946199774622,1,1.0,1
1503165541762792,0,0.0,0
1503245224800021,0,0.0,0
1503755889930817,0,0.0,0
1504265582061253,0,0.0,0
1504270339397848,0,0.0,0
1504352052792067,0,0.0,0
1504660019604912,1,1.0,1
1504878166978392,0,0.0,0
1505925622583872,0,0.0,0
1506187121147280,0,1.0,1
1507503249579009,0,0.0,0
1508843207695940,0,0.0,0
1508844038554232,0,0.0,0
1509669951910643,0,0.0,0
1512189145787939,0,0.0,0
1512750908931694,0,0.0,0
1514723695438226,1,1.0,1
1515357299209887,0,0.0,0
1516651762280688,0,0.0,0
1516655117453452,0,0.0,0
1518202338477925,0,0.0,0
1518458451798112,0,0.0,0
1519481411299281,0,0.0,0
1519898244849879,0,0.0,0
1520175355260873,0,0.0,0
1520687180021722,0,0.0,0
1522745778969788,0,0.0,0
1522746304070033,0,0.0,0
1524958441946265,0,0.0,0
1526652809519195,0,0.0,0
1527211981786090,0,0.0,0
1527963374255228,1,1.0,1
1531570521446194,0,0.0,0
1532492789717166,0,0.0,0
1536193045545725,0,0.0,0
1537090276604054,0,0.0,0
1540977871264902,0,0.0,0
1541078813052845,0,0.0,0
1541146570221212,0,0.0,0
1541173636305832,0,0.0,0
1541994821529434,0,0.0,0
1542602294939968,0,0.0,0
1542697830789417,0,0.0,0
1543249308575883,0,0.0,0
1544989988336106,0,0.0,0
1547241290891830,0,0.0,0
1547244912317012,0,0.0,0
1547255643118931,0,0.0,0
1548246580402426,0,0.0,0
1548976899485203,0,0.0,0
1549097723600609,0,0.0,0
1549656577635944,0,0.0,0
1549927562870421,0,0.0,0
1549938957879153,0,0.0,0
1551128592748530,0,0.0,0
1551290638585112,0,0.0,0
1551644306775224,0,1.0,1
1552102170831161,0,0.0,0
1552268002084794,0,0.0,0
1552553102570224,1,1.0,1
1552728450958889,0,0.0,0
1553759527842995,0,0.0,0
1553837374683482,0,0.0,0
1554298619034340,0,0.0,0
1554562294051965,0,0.0,0
1554564927713837,0,0.0,0
1554569556071787,0,0.0,0
1554990714673864,0,0.0,0
1556036504119898,0,0.0,0
1556222242754571,0,0.0,0
1557256070080833,0,0.0,0
1558048939059832,0,0.0,0
1560790278547352,0,0.0,0
1561715383883819,0,0.0,0
1562415820519842,0,0.0,0
1563001914306596,1,1.0,1
1563476147446584,0,0.0,0
1564391567517331,0,0.0,0
1564963539886333,0,0.0,0
1565814337836012,0,0.0,0
1565815603574035,0,0.0,0
1565884308280473,0,0.0,0
1566329864188225,0,0.0,0
1567328497540516,0,0.0,0
1568809859722745,0,0.0,0
1568848540613388,0,0.0,0
1569261629780558,0,0.0,0
1569546102361543,0,0.0,0
1569809572272925,0,0.0,0
1569938652024110,0,0.0,0
1570758355995222,0,0.0,0
1571141206130319,0,0.0,0
1571968254321209,0,0.0,0
1573447932439250,0,0.0,0
1573793298461002,0,0.0,0
1574533651991020,0,0.0,0
1576094813404519,1,1.0,1
1576373524773245,0,0.0,0
1579249770314979,0,0.0,0
1579250404348969,0,0.0,0
1579253708765657,0,0.0,0
1581140765719737,0,0.0,0
1581427251204094,0,0.0,0
1581614692485662,0,1.0,1
1583217717088658,0,1.0,1
1583540353065946,0,0.0,0
1583580986305764,0,0.0,0
1585300155529102,0,0.0,0
1585300531402169,0,0.0,0
1585777384967242,1,1.0,1
1586623580936692,0,0.0,0
1588596918310389,0,0.0,0
1588597064851128,0,0.0,0
1593058059070618,0,0.0,0
1593772680364075,0,0.0,0
1594454051715013,0,0.0,0
1595284151707161,0,0.0,0
1597106989686287,0,0.0,0
1597109072385018,0,0.0,0
1599175906627632,0,0.0,0
1599849162842431,0,0.0,0
1600122832479270,0,0.0,0
1600224463309644,0,0.0,0
1600225141238342,0,0.0,0
1600607626935549,0,0.0,0
1601352546674585,0,0.0,0
1602195299994180,0,0.0,0
1602854684846529,0,0.0,0
1603056742479484,0,0.0,0
1603240094486271,0,0.0,0
1604297761574637,0,0.0,0
1604373170403219,0,0.0,0
1605335195116604,0,0.0,0
1607449010623813,1,1.0,1
1608352661053382,0,0.0,0
1609856904198517,0,0.0,0
1611044886237534,0,0.0,0
1611437304199592,0,0.0,0
1612286391267820,0,0.0,0
1615032679592175,0,0.0,0
1617368694846471,1,1.0,1
1617494012903888,0,0.0,0
1617496680079080,0,0.0,0
1617497139112065,0,0.0,0
1617971494124695,0,0.0,0
1618162373702817,0,0.0,0
1618727213753913,0,0.0,0
1619925027363463,0,0.0,0
1620022619481301,0,0.0,0
1620056770438804,0,0.0,0
1620416057500682,0,0.0,0
1620422706582668,0,0.0,0
1621123710613546,0,0.0,0
1622270160521558,0,0.0,0
1622346906030943,0,0.0,0
1623064466763260,0,0.0,0
1623189219840707,0,0.0,0
1623189727953862,0,0.0,0
1623253924654544,0,0.0,0
1625682410963388,0,0.0,0
1625845928812453,0,0.0,0
1626634681557663,0,1.0,1
1628391197196850,1,1.0,1
1628754799579789,0,0.0,0
1629057072535202,0,0.0,0
1630536310464836,0,0.0,0
1630536428543232,0,0.0,0
1630540247306637,0,0.0,0
1631983351603365,0,0.0,0
1633080857881741,0,0.0,0
1633525133970149,0,0.0,0
1634014587472502,0,0.0,0
1634275610177667,0,0.0,0
1635324928465296,0,0.0,0
1635697082508159,0,0.0,0
1635780665198186,0,0.0,0
1637101491479571,0,0.0,0
1638437673063510,0,0.0,0
1640783161261372,0,0.0,0
1640846051449400,0,0.0,0
1640882007237112,0,0.0,0
1642157044794661,0,0.0,0
1642387608823775,0,0.0,0
1642863414375737,1,1.0,1
1645343848380656,0,0.0,0
1646302521344546,0,0.0,0
1648209827637602,0,0.0,0
1648571938683662,0,0.0,0
1649520831378731,0,0.0,0
1650125276934417,0,1.0,1
1650139038676475,0,0.0,0
1653807547498650,0,0.0,0
1654674898072074,0,0.0,0
1654677537250287,1,1.0,1
1654906543061833,0,0.0,0
1655002741251430,0,0.0,0
1657087225931882,0,0.0,0
1657219548221571,1,1.0,1
1657219816012780,0,0.0,0
1659668291933042,0,0.0,0
1659673178230393,0,0.0,0
1659786206681375,0,0.0,0
1659848047987513,0,0.0,0
1660219857156609,0,0.0,0
1660779417715280,0,0.0,0
1661634972924578,0,0.0,0
1661809529307531,0,0.0,0
1661810522827333,0,0.0,0
1661811762588540,0,0.0,0
1662358711806070,0,0.0,0
1663047207842647,0,0.0,0
1664471116575376,0,0.0,0
1666106450490810,0,0.0,0
1666404927042880,0,1.0,1
1668672179062257,0,0.0,0
1668677661115417,0,0.0,0
1668755465773819,0,0.0,0
1668758966799313,0,0.0,0
1670494865667760,0,0.0,0
1670978180369841,0,0.0,0
1672709789926527,0,0.0,0
1672939606128672,0,0.0,0
1674719442566246,0,0.0,0
1675081759526955,0,0.0,0
1675998169862370,0,0.0,0
1676123615622076,0,0.0,0
1676887464589325,0,0.0,0
1677249368263589,0,0.0,0
1677695897086701,0,0.0,0
1679546717388573,0,0.0,0
1683175008889862,0,0.0,0
1683778557854655,0,0.0,0
1684408807387336,0,0.0,0
1685848039934241,0,0.0,0
1407981208896648,0,0.0,0
1410747783843201,0,0.0,0
1410964354621255,0,0.0,0
1411156967164510,0,0.0,0
1412502389512760,0,0.0,0
1413219100475837,0,0.0,0
1413570253824277,0,0.0,0
1413702573989823,0,0.0,0
1414642103255419,1,1.0,1
1415477290279796,0,0.0,0
1415601533534319,0,0.0,0
1415663771649436,0,0.0,0
1415871596392914,0,0.0,0
1415877532784135,0,0.0,0
1415905009692754,0,0.0,0
1415994382910511,0,0.0,0
1416068093771266,0,0.0,0
1416674242350019,0,0.0,0
1416681045075678,0,0.0,0
1417652034444701,0,0.0,0
1418523771788246,0,0.0,0
1418881357995534,0,0.0,0
1419571583353373,0,0.0,0
1421784929787918,0,0.0,0
1422232922651643,1,1.0,1
1422792020621747,0,0.0,0
1424141330560731,0,0.0,0
1424688343829784,0,0.0,0
1424690876939476,0,0.0,0
1424694405649257,0,0.0,0
1424811334806657,0,0.0,0
1424895124900408,0,0.0,0
1424898660823287,0,0.0,0
1425186695578329,0,0.0,0
1427479893562960,0,0.0,0
1428252421506316,0,0.0,0
1428330259880575,0,0.0,0
1428375656789597,0,0.0,0
1429252218699885,0,0.0,0
1431549365263722,0,0.0,0
1433074205208501,0,0.0,0
1433197921530468,0,0.0,0
1434004064448885,0,0.0,0
1434546800335628,0,0.0,0
1434800540875378,0,0.0,0
1436189513736535,0,0.0,0
1437109607232436,0,0.0,0
1437583512161797,0,0.0,0
1438125021893756,0,0.0,0
1438237893529255,0,0.0,0
1438768077063280,0,0.0,0
1441586062439392,0,1.0,1
1441771555185939,0,0.0,0
1442436251243332,0,0.0,0
1443067549191811,0,0.0,0
1443440278412114,0,0.0,0
1443446223524114,0,0.0,0
1444315346025449,0,0.0,0
1445052630803932,0,0.0,0
1446060770012075,0,0.0,0
1447155631076354,0,0.0,0
1449511942468372,0,0.0,0
1450581464036238,0,0.0,0
1451689099901604,0,0.0,0
1451691157508059,0,0.0,0
1451693539713145,0,1.0,1
1452257952680147,0,0.0,0
1452441660617583,0,0.0,0
1454500807796262,0,0.0,0
1454762080921579,0,0.0,0
1454762524237206,0,0.0,0
1454764500840585,0,0.0,0
1454925086681512,0,0.0,0
1457139629428554,0,0.0,0
1457290351231306,0,0.0,0
1458088732117742,1,1.0,1
1458153494632235,1,1.0,1
1458418257154987,0,0.0,0
1459349119330920,0,0.0,0
1459513777846587,0,0.0,0
1459829711983962,1,1.0,1
1461066331076887,0,0.0,0
1461362473119732,0,0.0,0
1463647065693658,0,0.0,0
1463801491628788,0,0.0,0
1464333696442574,0,0.0,0
1464629423669504,0,0.0,0
1464683642259442,0,0.0,0
1465469076684079,0,0.0,0
1465932335016027,0,0.0,0
1466395235449911,0,0.0,0
1467190733479073,0,0.0,0
1471275388617409,0,0.0,0
1472405758744003,0,0.0,0
1475515936394236,0,0.0,0
1477383608091883,0,0.0,0
1477384723661800,0,0.0,0
1477481430835243,0,0.0,0
1477904231284571,0,0.0,0
1478145610807935,0,0.0,0
1478148226046270,0,0.0,0
1478281489601606,0,0.0,0
1478287665228532,0,0.0,0
1478567850736609,0,0.0,0
1479785524010946,0,0.0,0
1479986139505244,0,0.0,0
1480143135178531,0,0.0,0
1480819137858697,0,0.0,0
1481049449314256,0,0.0,0
1481176948771412,0,0.0,0
1483580206469019,0,0.0,0
1485324156084991,0,0.0,0
1486312875184622,0,0.0,0
1486635606563673,0,0.0,0
1486640089711361,0,0.0,0
1486820664554834,0,0.0,0
1487909175192301,0,0.0,0
1488167676584296,0,0.0,0
1488810046232192,0,0.0,0
1488986556267901,0,0.0,0
1489503015665019,0,1.0,1
1489817335026737,0,0.0,0
1489879893617456,0,0.0,0
1491569228120884,0,0.0,0
1491685648095010,0,0.0,0
1491692961454101,0,0.0,0
1493289417709270,0,0.0,0
1493338827619510,0,0.0,0
1493343601929460,0,0.0,0
1493774614350847,0,0.0,0
1495142062243560,0,0.0,0
1495190897519037,0,0.0,0
1495300803390426,0,0.0,0
1495520848644726,0,0.0,0
1496446336765338,0,0.0,0
1497352962894661,0,0.0,0
1501158353577131,0,0.0,0
1501964691354537,0,0.0,0
1501967325836619,0,0.0,0
1502143456841306,0,0.0,0
1502178550890963,0,0.0,0
1502289843627440,0,0.0,0
1502357223225730,0,0.0,0
1502777869397390,0,0.0,0
1502839754890071,0,0.0,0
1502969135294085,0,0.0,0
1503718837362065,0,0.0,0
1503764381245281,0,0.0,0
1504768009090232,1,1.0,1
1504997087685967,0,0.0,0
1505693199511293,0,0.0,0
1505814078464749,0,0.0,0
1505815168074565,0,0.0,0
1505818293514436,0,0.0,0
1506355868831402,0,0.0,0
1506822129951694,0,0.0,0
1507531683563077,0,0.0,0
1507629840885460,0,0.0,0
1508506665359102,0,0.0,0
1509417533301473,0,0.0,0
1509792412948664,0,0.0,0
1510392499704427,0,0.0,0
1511911861422581,0,0.0,0
1511942313042337,0,0.0,0
1514957641164092,0,0.0,0
1517242565862212,0,1.0,1
1517965539587036,0,0.0,0
1517968818247954,0,0.0,0
1520291707167171,0,0.0,0
1520620562830035,0,0.0,0
1520688002133175,0,0.0,0
1521619644853236,0,0.0,0
1522268888016808,0,0.0,0
1522332374843226,0,0.0,0
1522534735116846,0,0.0,0
1522677310175232,0,0.0,0
1522749500419966,0,0.0,0
1524276600808469,0,0.0,0
1524757014072324,0,0.0,0
1525720537439565,0,0.0,0
1527800829774540,0,0.0,0
1528086190362387,0,0.0,0
1528090196884688,0,0.0,0
1528090332765603,0,0.0,0
1529134855156504,0,0.0,0
1529358668480250,1,1.0,1
1530448592223126,0,0.0,0
1531036447603200,0,0.0,0
1532411539599264,0,1.0,1
1532870853913045,0,0.0,0
1533085059058304,0,0.0,0
1533253581656802,0,0.0,0
1533381939252168,0,0.0,0
1534090873361971,0,0.0,0
1534198754302302,0,0.0,0
1534778199014992,0,0.0,0
1536212629276060,0,0.0,0
1536902277401228,0,0.0,0
1537913760273048,0,0.0,0
1539531360821857,0,0.0,0
1539531458516426,0,0.0,0
1541167233481357,0,0.0,0
1541453898531438,0,0.0,0
1542524701355831,0,0.0,0
1542527685102184,0,0.0,0
1543077509580500,0,0.0,0
1543561809975269,0,0.0,0
1544023373819731,0,0.0,0
1544927990978847,0,0.0,0
1545199605420822,0,0.0,0
1548572968215971,0,0.0,0
1549586024232050,0,0.0,0
1551103964220869,0,0.0,0
1551986816735319,0,0.0,0
1554198521087807,1,1.0,1
1557893699763001,1,1.0,1
1558823802951977,0,0.0,0
1559556451238828,0,0.0,0
1560229770467899,0,0.0,0
1561526831918487,0,0.0,0
1561962455108554,0,0.0,0
1564171735178645,1,1.0,1
1565056879386697,0,0.0,0
1565142929249726,0,0.0,0
1566036108813351,0,0.0,0
1566371738327110,0,0.0,0
1566640547674969,0,0.0,0
1567528647969331,0,0.0,0
1568148754257527,0,0.0,0
1568354240743934,0,0.0,0
1568612200390602,0,0.0,0
1568866978533243,0,0.0,0
1569944000058533,0,0.0,0
1570368365016613,0,0.0,0
1570566260707121,0,0.0,0
1572926729399716,0,0.0,0
1573087762368400,0,0.0,0
1573291506645522,0,0.0,0
1574388771660100,0,0.0,0
1576265109007865,0,0.0,0
1576953956063254,0,0.0,0
1577317494059199,0,0.0,0
1577382413313389,0,0.0,0
1577486679334079,0,0.0,0
1577755657274705,0,0.0,0
1577921986335888,0,0.0,0
1579551708418629,0,0.0,0
1579857902324428,1,1.0,1
1579990648353254,0,0.0,0
1580383659667139,0,0.0,0
1581204554340134,0,0.0,0
1581323996509412,0,0.0,0
1581836073116287,0,0.0,0
1583864021957654,0,0.0,0
1584076073892767,0,0.0,0
1584118498911894,0,0.0,0
1584608950295650,0,0.0,0
1585376477922454,0,0.0,0
1585582171297832,0,0.0,0
1586823816228615,0,0.0,0
1587722876481720,0,0.0,0
1588742038239769,0,0.0,0
1589292320603389,1,1.0,1
1589451044364758,1,1.0,1
1589452949583828,0,0.0,0
1590294549152076,0,0.0,0
1590408724790938,0,0.0,0
1590756941435238,0,0.0,0
1590982932682089,0,0.0,0
1591556817753750,0,0.0,0
1591818033528673,0,0.0,0
1592094731764535,0,0.0,0
1592526709735082,0,0.0,0
1592526715048784,0,0.0,0
1593516617490579,0,0.0,0
1594016184295287,0,0.0,0
1595892776205776,0,1.0,1
1595900846051141,0,0.0,0
1596173694899731,0,0.0,0
1596396617686988,0,0.0,0
1596586887370420,0,0.0,0
1597485429644499,0,0.0,0
1597862146508201,0,0.0,0
1599319253974761,0,0.0,0
1599529426962369,0,0.0,0
1600824169555047,0,0.0,0
1600999304121665,0,0.0,0
1601381648075845,1,1.0,1
1601603180330700,0,0.0,0
1601803616898089,0,0.0,0
1602418065884688,0,0.0,0
1603245361758037,0,0.0,0
1604882398700620,0,0.0,0
1604882868384925,0,0.0,0
1605341041682275,0,0.0,0
1605615599595943,0,0.0,0
1607288774360579,1,1.0,1
1607596639428867,0,0.0,0
1607619784035874,0,0.0,0
1607746443583663,0,0.0,0
1608712117027164,0,0.0,0
1609035660829688,0,0.0,0
1609419311222604,0,0.0,0
1610434333753455,0,0.0,0
1611076673512873,0,0.0,0
1612208493862879,0,0.0,0
1615303646733709,0,0.0,0
1616231930918313,1,1.0,1
1616946633056071,0,0.0,0
1617105151846927,0,0.0,0
1617228681039697,0,0.0,0
1619376861630608,0,0.0,0
1620707633513408,0,0.0,0
1622236282298014,0,0.0,0
1622374120615124,0,0.0,0
1622977800215395,0,0.0,0
1624502921628651,1,1.0,1
1625543681410934,0,0.0,0
1626543612210315,0,0.0,0
1626906491878100,0,0.0,0
1628030147164185,0,0.0,0
1630730913364091,0,0.0,0
1632757909337560,0,0.0,0
1633328712216581,1,1.0,1
1633384757911112,0,0.0,0
1635720302907604,0,0.0,0
1637190978534765,0,0.0,0
1637299912171844,0,0.0,0
1639327563643783,0,1.0,1
1639552676578581,1,1.0,1
1640239123110953,0,0.0,0
1640744659195394,0,0.0,0
1643265387690901,0,0.0,0
1646174896256593,0,0.0,0
1646900469635368,0,0.0,0
1646901636697149,0,0.0,0
1647744026673965,0,0.0,0
1647979347923956,0,0.0,0
1648096512274672,0,0.0,0
1649525176064521,0,0.0,0
1651139560065802,0,0.0,0
1651301082349710,0,0.0,0
1651305374096667,0,0.0,0
1652589535955081,0,0.0,0
1652661894115168,0,0.0,0
1653372364626901,0,0.0,0
1653376619814025,0,0.0,0
1654508636847774,0,0.0,0
1654625558563163,0,0.0,0
1654848985261940,0,0.0,0
1654947340229960,0,0.0,0
1656116576791217,0,0.0,0
1657526431372111,0,0.0,0
1658267102221589,0,0.0,0
1658611806181995,0,0.0,0
1659531238635543,1,1.0,1
1661082123060580,0,0.0,0
1662410446020775,0,0.0,0
1662454577846600,0,0.0,0
1663105245626598,0,0.0,0
1665161545587934,0,0.0,0
1668027353805561,0,0.0,0
1668638733850753,0,0.0,0
1670368054331899,0,0.0,0
1670546887815899,0,0.0,0
1671030853703623,0,0.0,0
1671403923364867,0,0.0,0
1673337680819852,0,0.0,0
1673522819338287,0,0.0,0
1674925203243585,0,0.0,0
1677149604171267,0,0.0,0
1677664606932725,0,0.0,0
1679090331333428,0,0.0,0
1679675130304206,0,0.0,0
1682605828203660,0,0.0,0
1682608110446074,0,0.0,0
1682622619380793,0,0.0,0
1683086466056197,0,0.0,0
1684349086333626,0,0.0,0
1684718836458315,0,0.0,0
1684779033619240,0,0.0,0
1684781811439431,0,0.0,0
1685064829877370,0,0.0,0
1685539672233655,0,0.0,0
1686543557715672,0,0.0,0
1686546691574203,0,0.0,0
1686756035841399,0,0.0,0
1687204759819915,0,0.0,0
1687529512156257,0,0.0,0
1687973183545581,0,0.0,0
1688462414105825,0,0.0,0
1688751147390447,0,0.0,0
1408031600651700,0,0.0,0
1408167352051494,0,0.0,0
1410156050884373,0,0.0,0
1410159256409323,0,0.0,0
1410904592386272,0,0.0,0
1410963554913123,0,0.0,0
1411710575208618,0,0.0,0
1411923978129054,0,0.0,0
1412480538225847,0,0.0,0
1412582087283551,0,0.0,0
1412895921815356,0,0.0,0
1413067291243120,0,0.0,0
1413653988993859,0,0.0,0
1414989316092980,0,0.0,0
1416056594462751,0,0.0,0
1416489751961347,0,0.0,0
1416862630735514,0,0.0,0
1418334811431502,0,0.0,0
1418579201690462,0,0.0,0
1418961151509771,0,0.0,0
1419419560190130,0,0.0,0
1420700437487199,0,0.0,0
1420703783696808,1,1.0,1
1422471955132366,0,0.0,0
1425244449195582,0,0.0,0
1425301892396251,0,0.0,0
1425342183503096,0,0.0,0
1426245363091600,0,0.0,0
1426382908887174,0,0.0,0
1426686239552263,0,0.0,0
1427131446463177,0,0.0,0
1427180339133110,0,0.0,0
1427979392264069,0,0.0,0
1428751332990243,0,0.0,0
1429405828335850,0,0.0,0
1429825486078358,0,0.0,0
1431053030616877,0,0.0,0
1432078271921456,0,0.0,0
1432544201451161,0,0.0,0
1432891226402715,0,0.0,0
1434221749948255,0,0.0,0
1436567184504160,0,0.0,0
1438172350650487,0,0.0,0
1438172574709207,1,1.0,1
1438177500219137,0,0.0,0
1438763528017074,0,0.0,0
1439205358673688,0,0.0,0
1440394299336301,0,0.0,0
1440398803119503,0,0.0,0
1440742953707055,0,0.0,0
1440774022965468,0,0.0,0
1441740290558129,0,0.0,0
1444651944822426,0,0.0,0
1445622887532262,0,0.0,0
1445626890625241,0,0.0,0
1445629816766862,0,0.0,0
1445876952437793,0,0.0,0
1445883458014220,0,0.0,0
1446136283656746,1,1.0,1
1446395466115052,0,0.0,0
1446397858863393,0,0.0,0
1446480923370525,0,0.0,0
1447095717822108,0,0.0,0
1447099084728978,0,0.0,0
1448829855031338,0,0.0,0
1449061102472873,0,0.0,0
1449527080807010,0,0.0,0
1449527648021454,0,0.0,0
1450534520747704,0,0.0,0
1450573323611295,0,0.0,0
1451704546523968,0,0.0,0
1452251574350351,0,0.0,0
1454385718947677,0,0.0,0
1455567398941825,0,0.0,0
1455986991185426,0,0.0,0
1456878763994218,0,0.0,0
1456974640250357,0,0.0,0
1457858351899097,0,0.0,0
1458762167564670,0,0.0,0
1463370488837068,0,0.0,0
1463428449930702,0,0.0,0
1463495646461024,0,0.0,0
1463995398970455,0,0.0,0
1464226681638722,0,0.0,0
1465820020432760,0,0.0,0
1465864217495067,0,0.0,0
1467873498924459,0,0.0,0
1467900894735167,0,0.0,0
1468161997326216,0,0.0,0
1471541578611644,0,0.0,0
1471545288009931,0,0.0,0
1472543137206744,1,1.0,1
1474812691414833,0,0.0,0
1476010181632666,0,0.0,0
1478829923049776,0,0.0,0
1479459963110720,0,0.0,0
1479721072334367,0,0.0,0
1480048341273136,1,1.0,1
1480154759592058,0,0.0,0
1480337443659526,0,0.0,0
1480942769662983,0,0.0,0
1480947057060308,0,0.0,0
1480973783910299,0,0.0,0
1481699323990775,0,0.0,0
1482025878721050,0,0.0,0
1483440627136554,0,0.0,0
1484087228460027,0,0.0,0
1484405132567554,0,0.0,0
1485000902535620,0,0.0,0
1485056226381086,0,0.0,0
1485529693953221,0,0.0,0
1485597407239805,0,0.0,0
1486020431577904,0,0.0,0
1486103044178264,0,0.0,0
1486674864888490,0,0.0,0
1486869983360051,0,0.0,0
1487637072961023,0,0.0,0
1487985131477976,0,0.0,0
1488239402575725,0,0.0,0
1489765779592201,0,0.0,0
1489841035842438,0,0.0,0
1490429541391740,0,0.0,0
1490752504769001,0,0.0,0
1491040899361412,0,0.0,0
1491232421071395,0,0.0,0
1493165153433411,1,1.0,1
1496044207535395,0,0.0,0
1497509729495170,0,0.0,0
1498186449220129,0,0.0,0
1500814669750183,1,1.0,1
1500956466653396,1,1.0,1
1501834135273932,0,0.0,0
1502279494347767,0,0.0,0
1503424352179272,0,0.0,0
1503760231186309,0,0.0,0
1504177637211596,0,0.0,0
1504808849215353,0,0.0,0
1504873393106911,0,0.0,0
1504932225326602,0,0.0,0
1505085749406933,0,0.0,0
1506722720406076,0,0.0,0
1508243158575553,0,0.0,0
1508314201199880,0,0.0,0
1508963540009236,0,0.0,0
1511127036977935,0,0.0,0
1511273233059236,0,0.0,0
1511689185462250,0,0.0,0
1511902033994564,0,0.0,0
1514563375898808,0,0.0,0
1514599142355715,0,0.0,0
1516618214942035,0,0.0,0
1516770684169770,0,0.0,0
1517766155392307,0,0.0,0
1518737527979957,0,0.0,0
1519188554762880,0,0.0,0
1519291863497324,0,0.0,0
1521489959605140,0,0.0,0
1521701832142532,0,0.0,0
1523743381018599,0,0.0,0
1524377452522562,0,0.0,0
1525232067351683,0,0.0,0
1525239455567031,0,0.0,0
1526103565782155,0,0.0,0
1526184591771019,0,0.0,0
1526247133537051,0,0.0,0
1526608557461375,0,0.0,0
1527112125628238,0,0.0,0
1528131624070157,0,0.0,0
1528466274828860,0,0.0,0
1528577239558137,0,0.0,0
1529144301047823,0,0.0,0
1529284230748465,0,0.0,0
1529460281728523,0,0.0,0
1530210265551463,0,0.0,0
1530574650701775,0,0.0,0
1531196591753980,0,0.0,0
1531197386126020,0,0.0,0
1531391116236015,0,0.0,0
1532338791410326,0,0.0,0
1533559732134082,0,0.0,0
1535910993061228,0,0.0,0
1536030204774140,0,0.0,0
1540674585123384,0,0.0,0
1541125781903664,0,0.0,0
1541884073601876,0,0.0,0
1543207843002473,0,0.0,0
1543212950475358,0,0.0,0
1543220324084233,0,0.0,0
1543698245834470,0,0.0,0
1543943134922224,0,0.0,0
1544659297720377,0,0.0,0
1544970333500821,0,0.0,0
1545437593036705,0,0.0,0
1546489957548745,0,0.0,0
1547706307942396,0,0.0,0
1548338516121749,0,0.0,0
1549077251498623,0,0.0,0
1549871860704126,0,0.0,0
1550422853264577,0,0.0,0
1550904670395602,0,0.0,0
1551611702433723,0,0.0,0
1551883507145288,0,0.0,0
1552196248823009,0,0.0,0
1552321959417003,0,0.0,0
1553173777831110,0,0.0,0
1553911114273759,0,0.0,0
1554119124553999,0,0.0,0
1557079569326683,0,0.0,0
1557435388930766,0,0.0,0
1557485768282069,0,0.0,0
1558049451607323,0,0.0,0
1559941209378468,0,0.0,0
1559984518644953,0,0.0,0
1561368925462601,0,0.0,0
1561637436269658,0,0.0,0
1563621233302025,0,0.0,0
1565106993409603,0,0.0,0
1565617959691034,0,0.0,0
1565619847995603,0,0.0,0
1565658467895746,0,0.0,0
1568748918009501,0,0.0,0
1568995609280999,0,0.0,0
1569972385282889,0,0.0,0
1570309266702460,0,0.0,0
1572155056879260,0,0.0,0
1572545733588869,0,0.0,0
1574199858346584,0,0.0,0
1574783267823441,0,0.0,0
1576348178568190,0,0.0,0
1578890543338268,0,0.0,0
1579289640888255,0,0.0,0
1580837050263623,0,0.0,0
1582436618957294,0,0.0,0
1583113995583788,0,0.0,0
1583230150660067,0,0.0,0
1583945023227111,0,0.0,0
1584211880940445,0,0.0,0
1584427892914808,0,0.0,0
1584595133426130,0,0.0,0
1588104317203673,0,0.0,0
1588168608807991,0,0.0,0
1589465826623991,0,0.0,0
1589750508646211,0,0.0,0
1589859074062985,0,0.0,0
1589863451408599,0,0.0,0
1589973281445569,0,0.0,0
1590456789489630,0,0.0,0
1592101738304922,0,0.0,0
1592398750295068,0,0.0,0
1592486979203830,0,0.0,0
1592594389645603,0,0.0,0
1593347278811909,0,0.0,0
1593402955932773,0,0.0,0
1594866897519733,0,0.0,0
1595142755655389,0,0.0,0
1595155773582522,0,0.0,0
1595156485284894,0,0.0,0
1597798537911985,0,0.0,0
1598167931811998,1,1.0,1
1599060704935640,0,0.0,0
1599186599481696,0,0.0,0
1599195114990191,0,0.0,0
1599426970839421,0,0.0,0
1601222044622134,0,0.0,0
1601388395750285,0,0.0,0
1603515214016797,0,0.0,0
1603515899610977,0,0.0,0
1603678448163314,0,0.0,0
1603759844135440,0,0.0,0
1603893339568590,0,0.0,0
1604102611377311,1,1.0,1
1604150970890970,0,0.0,0
1604204414423772,0,0.0,0
1604206059789798,0,0.0,0
1605839428043638,0,0.0,0
1606021034269492,0,0.0,0
1607908337531955,0,0.0,0
1608133737522263,0,0.0,0
1608459962163120,0,0.0,0
1608466848433199,0,1.0,1
1608540224926608,0,0.0,0
1609472326120484,0,0.0,0
1610069179804951,0,0.0,0
1611009001545337,1,1.0,1
1611311887896849,0,0.0,0
1611313109573157,0,0.0,0
1611805258200548,0,0.0,0
1612068931686478,0,0.0,0
1612930453238043,0,0.0,0
1613456624260675,0,0.0,0
1614561053845385,0,0.0,0
1615968578389053,1,1.0,1
1616767147306325,0,0.0,0
1617625258587885,0,0.0,0
1623550801203347,0,0.0,0
1624762568843533,0,0.0,0
1625743452500295,0,0.0,0
1627891444177985,0,0.0,0
1628244880677186,0,0.0,0
1629137905397060,0,0.0,0
1629247957616539,0,0.0,0
1629325474430035,0,1.0,1
1629939106699364,0,0.0,0
1631292383518100,0,0.0,0
1632760801764044,0,0.0,0
1633858360330125,0,0.0,0
1634195481651391,0,0.0,0
1637177612012571,0,0.0,0
1638881373743220,0,0.0,0
1638941476719431,0,0.0,0
1641961688758386,0,0.0,0
1642113415871398,0,0.0,0
1642624305000747,0,0.0,0
1642697446129508,0,0.0,0
1642732758709817,0,0.0,0
1642736090107372,0,0.0,0
1643193024062820,0,0.0,0
1643315599960057,0,0.0,0
1644539217970275,0,0.0,0
1644647584790259,0,0.0,0
1645976197032877,1,1.0,1
1646015325876862,0,0.0,0
1647035249058036,0,0.0,0
1647044386453985,0,0.0,0
1648316691143824,0,0.0,0
1652645916636581,0,0.0,0
1655436801343573,0,0.0,0
1655568025476636,0,0.0,0
1655569282389789,0,0.0,0
1656411605246708,0,0.0,0
1657570956011885,0,0.0,0
1658731130985573,0,0.0,0
1660492897186718,0,0.0,0
1661437698557114,0,0.0,0
1661785252769928,0,0.0,0
1662773829639707,0,0.0,0
1663567705577394,0,0.0,0
1664338027422765,0,0.0,0
1664941921136642,0,0.0,0
1665234144198456,0,0.0,0
1665266736983518,0,0.0,0
1665317834781339,0,0.0,0
1665479390080836,0,0.0,0
1665812396056836,0,0.0,0
1668527091579087,0,0.0,0
1668594812207700,0,0.0,0
1668603857016697,0,0.0,0
1668605450619507,0,0.0,0
1668715635380719,0,0.0,0
1669059359973359,0,0.0,0
1669090759516414,0,0.0,0
1670743718949865,0,0.0,0
1670979548565738,0,0.0,0
1672791490209457,0,0.0,0
1673415513341531,0,0.0,0
1673416224854962,0,0.0,0
1673505298360761,0,0.0,0
1673581473217970,0,0.0,0
1673661876609905,0,0.0,0
1673804861018120,0,0.0,0
1673877788372103,0,0.0,0
1674048314580073,0,0.0,0
1674682243789110,0,0.0,0
1674935509272626,0,0.0,0
1675190975886380,0,0.0,0
1676113987147282,0,0.0,0
1676283613802731,0,0.0,0
1678221016032485,0,0.0,0
1679884515023817,0,0.0,0
1679887421320787,0,0.0,0
1680330778186024,0,0.0,0
1680938328284229,0,0.0,0
1681164501307097,0,1.0,1
1683286014291685,0,0.0,0
1683563932041670,0,0.0,0
1685286003226976,0,0.0,0
1687142337248561,0,0.0,0
1687146992930133,0,0.0,0
1687743848737128,0,0.0,0
1687934235851174,0,0.0,0
1687970479767228,0,0.0,0
1688247825555244,0,0.0,0
1407389262617599,0,0.0,0
1408277046548325,0,0.0,0
1409669145354403,0,0.0,0
1412095092726278,0,0.0,0
1414114832789408,0,0.0,0
1417947133219258,0,0.0,0
1418856708597235,0,0.0,0
1420856484340925,0,0.0,0
1420892208248104,0,0.0,0
1422611000602791,0,0.0,0
1423367382242729,0,0.0,0
1426239256294352,0,0.0,0
1426542274500414,0,0.0,0
1427066308706343,0,0.0,0
1428266955553935,0,0.0,0
1428455592019754,0,0.0,0
1429208260246078,0,0.0,0
1430807592706477,0,1.0,1
1431281866916442,0,0.0,0
1433313328867083,0,0.0,0
1433593466374753,0,0.0,0
1434113303582057,0,0.0,0
1434320737274462,0,0.0,0
1434321083315743,0,0.0,0
1434426213481923,0,0.0,0
1434719444980987,0,0.0,0
1434995655053792,0,0.0,0
1437337829505610,0,0.0,0
1437630597644906,0,0.0,0
1437875136986777,0,0.0,0
1437881926926120,0,0.0,0
1438131533998504,0,0.0,0
1438197215097435,0,0.0,0
1438496190814563,0,0.0,0
1439556205012647,0,0.0,0
1439885369622107,0,0.0,0
1440162450742843,0,0.0,0
1440403417135774,0,0.0,0
1440919028932307,0,0.0,0
1441872170286805,0,0.0,0
1441973918912961,1,1.0,1
1442595254304008,0,0.0,0
1442600021842909,0,0.0,0
1444112757250212,0,0.0,0
1446379296950439,0,0.0,0
1447068438140718,0,0.0,0
1447107934402671,0,0.0,0
1447580310002459,0,0.0,0
1449187436888968,0,0.0,0
1449333595412572,0,0.0,0
1449397089859716,0,0.0,0
1449653824965442,0,0.0,0
1449814926795998,0,0.0,0
1451173694507710,0,0.0,0
1453206991316488,0,0.0,0
1453213206754797,0,0.0,0
1453714579017631,0,0.0,0
1454513713786074,0,0.0,0
1454951789043583,0,0.0,0
1456126843568560,1,1.0,1
1456746914149364,0,0.0,0
1457589960810420,0,0.0,0
1458473733392135,0,0.0,0
1459731207193400,0,0.0,0
1460706232437466,0,0.0,0
1462623875856899,0,0.0,0
1464603456424477,0,0.0,0
1464761171107511,0,0.0,0
1465040534042548,0,0.0,0
1465044341028788,0,0.0,0
1465627532102259,0,0.0,0
1466205896921536,0,0.0,0
1466716600573799,0,0.0,0
1467106255183225,0,0.0,0
1468070491192069,0,0.0,0
1468800517036412,0,1.0,1
1469258531671180,0,0.0,0
1469781688545095,0,0.0,0
1473462905858997,0,0.0,0
1473465134415240,0,0.0,0
1474467682072741,0,0.0,0
1475922902719233,0,0.0,0
1476300214060843,0,0.0,0
1476302955342198,0,0.0,0
1476308795779623,0,0.0,0
1478513359198917,0,0.0,0
1478820685156906,0,0.0,0
1479869263617196,0,0.0,0
1481905961395476,0,0.0,0
1482720761638485,0,0.0,0
1484516850902673,0,0.0,0
1485855458487665,0,0.0,0
1486660688022634,0,0.0,0
1486937763664493,0,0.0,0
1490014339753313,0,0.0,0
1491488806886570,0,0.0,0
1491597620252011,0,0.0,0
1494581745014736,0,0.0,0
1495157809263422,0,0.0,0
1495322417211935,0,0.0,0
1496666858169278,0,0.0,0
1496717437316505,0,0.0,0
1497549687451690,0,0.0,0
1500402531767765,0,0.0,0
1500436967725603,0,0.0,0
1500620118424395,0,0.0,0
1500805743659765,0,0.0,0
1501687499879025,0,0.0,0
1501914644972474,0,0.0,0
1501914824413044,0,0.0,0
1502513526759445,0,0.0,0
1502861717122116,0,0.0,0
1502930781804066,0,0.0,0
1502943589726619,0,0.0,0
1503314298465429,0,0.0,0
1504193370506393,0,0.0,0
1504229335775082,0,0.0,0
1504233149547007,1,1.0,1
1504669110172700,0,1.0,1
1505855972785891,0,0.0,0
1507468341656355,0,0.0,0
1507553756978891,0,0.0,0
1507583573629651,0,0.0,0
1509072080942045,0,0.0,0
1509504673550530,0,0.0,0
1510390190628768,0,0.0,0
1510619914176092,0,0.0,0
1511185418061058,0,0.0,0
1512356854527549,0,0.0,0
1513033710114673,0,0.0,0
1513602068796858,0,0.0,0
1514034007126097,0,0.0,0
1514353093704855,0,0.0,0
1514980021655633,0,0.0,0
1516880684779879,0,0.0,0
1516927946550006,0,0.0,0
1516990164713551,0,0.0,0
1517706837543973,0,0.0,0
1517718147602314,0,1.0,1
1517807254210813,0,0.0,0
1517843205825173,0,0.0,0
1517891895895316,0,0.0,0
1518064075353497,0,0.0,0
1518538150390193,0,0.0,0
1518863306948399,1,1.0,1
1519447888253746,0,0.0,0
1520336708674235,0,0.0,0
1521798501793025,0,0.0,0
1522006050856451,0,0.0,0
1522146524497281,0,0.0,0
1522434728083367,0,0.0,0
1523358502647409,0,0.0,0
1523677026316658,0,0.0,0
1524353340074800,0,0.0,0
1525177814107429,0,0.0,0
1525383383740689,0,0.0,0
1525864266198079,0,0.0,0
1526843656493364,0,0.0,0
1527311529912618,0,0.0,0
1527699965412037,0,0.0,0
1528096073020175,0,0.0,0
1529364196610353,0,0.0,0
1529484988335885,0,0.0,0
1531152376468486,0,0.0,0
1533883178390497,0,0.0,0
1534987840166888,0,0.0,0
1536688727187846,0,0.0,0
1536755320954420,0,0.0,0
1536995371899401,0,0.0,0
1537003813356260,0,0.0,0
1537855201104045,0,0.0,0
1538000560000224,0,0.0,0
1540074457126699,0,0.0,0
1540191212737670,0,0.0,0
1541044841069493,1,1.0,1
1541588377679106,0,0.0,0
1541783190545851,0,0.0,0
1541821402695884,0,0.0,0
1541826663990743,0,0.0,0
1544274565185781,0,0.0,0
1545091748099685,0,0.0,0
1546205478166418,0,0.0,0
1547013558074317,0,0.0,0
1547553480668083,0,0.0,0
1547620838337945,0,0.0,0
1548021872311061,0,0.0,0
1548213388484087,0,0.0,0
1548942000645632,1,1.0,1
1550294280616056,0,0.0,0
1550621638994825,0,0.0,0
1551166553625080,0,0.0,0
1551898630118813,0,0.0,0
1554212357994494,0,0.0,0
1555551630441166,0,1.0,1
1556610589002278,0,0.0,0
1557191633092750,0,0.0,0
1559236638216742,0,0.0,0
1560392004365638,0,0.0,0
1560733025830415,0,0.0,0
1562580040416494,0,0.0,0
1563018567864077,0,0.0,0
1564923164603308,0,0.0,0
1565850245199043,0,0.0,0
1568807969180746,1,1.0,1
1570259240499901,0,0.0,0
1571385244428924,0,0.0,0
1572213638678864,0,0.0,0
1576116221105932,0,0.0,0
1576336045044615,0,0.0,0
1576821031922681,0,0.0,0
1579879731953962,0,0.0,0
1579880199854274,0,0.0,0
1579981852854029,0,0.0,0
1580747917505899,0,0.0,0
1581638813989261,0,0.0,0
1583465119432873,0,0.0,0
1583766314388644,0,0.0,0
1584572542919531,0,0.0,0
1586063539883113,0,0.0,0
1586565632411385,0,0.0,0
1588989211304900,0,0.0,0
1588994510726981,0,0.0,0
1589513512252269,0,0.0,0
1589899620601166,0,0.0,0
1589951435244184,0,0.0,0
1594725540033347,1,1.0,1
1595528863303598,0,0.0,0
1595559042197758,0,0.0,0
1595635879425732,0,0.0,0
1596880331207255,0,0.0,0
1597142864332684,0,0.0,0
1597476232124877,0,0.0,0
1597948047791870,0,0.0,0
1598132107798388,0,0.0,0
1598298246184067,0,0.0,0
1598298256719594,0,0.0,0
1599531543575779,0,0.0,0
1599591217795538,0,0.0,0
1600162933048738,0,0.0,0
1602082525265642,0,0.0,0
1608167877541288,0,0.0,0
1608859496738892,0,0.0,0
1608862079106890,0,0.0,0
1608969793476152,0,1.0,1
1611292494133351,0,0.0,0
1611500874348460,0,0.0,0
1613275740059810,1,1.0,1
1613359337623392,0,0.0,0
1615022472145357,0,0.0,0
1616833024361722,1,1.0,1
1617160601505739,0,0.0,0
1617319131208830,0,0.0,0
1617323970459656,0,0.0,0
1617617219239206,0,0.0,0
1618311657362551,0,0.0,0
1618723337708134,0,0.0,0
1618807639214492,0,0.0,0
1618810144772789,0,1.0,1
1619066653488538,0,0.0,0
1619415606543794,0,0.0,0
1619920618012216,0,0.0,0
1621924034214621,1,1.0,1
1622379554805433,0,0.0,0
1622479562254122,0,0.0,0
1624630639193329,0,0.0,0
1624934711479494,0,0.0,0
1626384254376606,0,0.0,0
1626416630980206,0,0.0,0
1626417476613026,0,0.0,0
1627076226156413,0,0.0,0
1627243418884020,0,0.0,0
1628279257603039,0,0.0,0
1628340587497869,0,0.0,0
1628668598824414,0,0.0,0
1629466127694116,0,0.0,0
1629477747164381,0,0.0,0
1631512642424211,0,0.0,0
1632929407360528,0,0.0,0
1634110349562664,0,0.0,0
1634377991509562,0,0.0,0
1636298188029460,0,0.0,0
1636826534668720,0,0.0,0
1636955517775232,0,0.0,0
1638190174148027,0,0.0,0
1639208870737021,0,0.0,0
1639796767078191,0,0.0,0
1640238344456713,0,0.0,0
1640788046028576,0,0.0,0
1640815215349194,0,0.0,0
1641215626835505,0,0.0,0
1642856646321062,0,0.0,0
1645218076916349,0,0.0,0
1645858790686652,0,0.0,0
1646440532412495,0,0.0,0
1646554455954459,0,0.0,0
1646697466161789,0,0.0,0
1648229489445483,0,0.0,0
1648337493804624,0,0.0,0
1649183700288983,0,0.0,0
1649701970361303,0,0.0,0
1649702435233076,0,0.0,0
1650095109844319,0,1.0,1
1650938397755712,0,0.0,0
1650977336390132,0,0.0,0
1652691429946235,0,0.0,0
1653256441123889,0,0.0,0
1653930992398577,0,0.0,0
1654768267971372,0,0.0,0
1655260006898672,0,0.0,0
1655264019956008,0,0.0,0
1655418517646162,0,0.0,0
1656879533773927,0,0.0,0
1656881329961022,0,0.0,0
1658968183124013,0,0.0,0
1660454545711365,0,0.0,0
1660958943747619,0,0.0,0
1662594800035608,0,0.0,0
1663081341801645,0,0.0,0
1663272373519254,0,0.0,0
1663859109840417,0,0.0,0
1664499040577189,0,0.0,0
1664725949466566,0,0.0,0
1664732319989184,0,0.0,0
1664734712057373,0,0.0,0
1665131958503100,0,0.0,0
1665239993295287,0,0.0,0
1666065194805630,0,0.0,0
1668012820867978,0,0.0,0
1668088741584682,0,0.0,0
1668155810803039,0,0.0,0
1668366920263772,0,0.0,0
1668957916260638,0,0.0,0
1668959157273174,0,0.0,0
1669306976853809,0,0.0,0
1670085781031132,1,1.0,1
1670899960830142,0,0.0,0
1671266601907546,1,1.0,1
1671384594378258,0,0.0,0
1671643689797912,0,0.0,0
1672887985373058,1,1.0,1
1674158310500423,0,0.0,0
1674546043866854,0,0.0,0
1675381882435970,0,0.0,0
1676771043509570,1,1.0,1
1677565105091952,0,0.0,0
1678174103272059,0,0.0,0
1678579598746267,0,0.0,0
1678985645559268,0,0.0,0
1679345381710950,0,0.0,0
1679600671521431,0,0.0,0
1682130024023144,0,0.0,0
1683231036625459,0,0.0,0
1683433691039387,0,0.0,0
1683437540257331,0,0.0,0
1684794346132896,0,0.0,0
1685206969058748,0,0.0,0
1686501894821181,0,0.0,0
1407515868307424,0,0.0,0
1408218075379058,0,0.0,0
1408442977511176,0,0.0,0
1409233870530250,0,0.0,0
1410239699024057,0,1.0,1
1410531350662680,0,0.0,0
1410532385108031,0,0.0,0
1411492694177518,0,0.0,0
1411567443600297,0,0.0,0
1411792191021723,0,0.0,0
1411847216503170,0,0.0,0
1412039710222594,0,0.0,0
1413204619573972,0,0.0,0
1413263358364182,0,0.0,0
1413432649578021,0,0.0,0
1413565825251467,0,0.0,0
1413570828992105,0,0.0,0
1413651968606760,0,0.0,0
1413753889988083,0,0.0,0
1414149986652294,0,0.0,0
1414151233934946,0,0.0,0
1414922451300117,0,0.0,0
1416005180827982,0,0.0,0
1416393777002671,0,0.0,0
1416825327907084,0,0.0,0
1417903605589967,1,1.0,1
1418212304013216,0,0.0,0
1418988217601058,0,0.0,0
1419066975695310,0,0.0,0
1419078750832047,0,0.0,0
1421694324075024,0,0.0,0
1422010436207901,0,1.0,1
1422071844776222,0,0.0,0
1422125397049246,0,0.0,0
1422155504460494,0,0.0,0
1422740159154050,0,0.0,0
1424258442030426,0,0.0,0
1424729805671393,0,0.0,0
1424731495650154,0,0.0,0
1424738485470306,0,0.0,0
1425248967253202,0,0.0,0
1426654903383665,0,0.0,0
1427208710231621,0,0.0,0
1428850053089308,0,0.0,0
1429687813854430,1,1.0,1
1429960487226678,0,0.0,0
1430657210821727,0,1.0,1
1430760312677954,0,0.0,0
1430772216774081,0,0.0,0
1430804097582187,1,1.0,1
1430918325985291,1,1.0,1
1431238692708452,0,0.0,0
1431238872848331,1,1.0,1
1431267926205573,0,1.0,1
1431315851035471,0,0.0,0
1431628879076970,0,0.0,0
1431689620314113,0,0.0,0
1434053611184313,0,0.0,0
1434609477017800,0,0.0,0
1434643568123888,0,0.0,0
1434682911409750,1,1.0,1
1436600954572890,0,0.0,0
1436964364165833,0,0.0,0
1437211443499084,0,0.0,0
1437321745972434,0,0.0,0
1438517828037002,0,0.0,0
1438848911497745,0,0.0,0
1439806141081634,0,1.0,1
1444336986329197,0,0.0,0
1444542478128096,0,0.0,0
1444724463991970,1,1.0,1
1447067548988443,0,0.0,0
